key	logFC_sage	logFC_maxquant	t_sage	t_maxquant	adjP_sage	adjP_maxquant	sig_sage	sig_maxquant
WP_003034338	-1.89763001044768	-1.22846346579062	-17.1444557799508	-2.81339299243825	0.00461008906583688	0.285218852250843	TRUE	FALSE
WP_003040267	-2.91331039343215	-0.116528726158551	-12.5399890210148	-0.631952548839767	0.00820065537318825	0.812049513421604	TRUE	FALSE
WP_003038816	-1.59102831967459	-1.68736480347338	-10.8947943162002	-6.73562065165914	0.0104113411974252	0.0913974000693852	TRUE	FALSE
WP_003040849	-1.35764416148869	-1.09860778315517	-9.45815912468184	-8.3182403171582	0.0172411487287816	0.0456123144252735	TRUE	TRUE
WP_003038425	-1.38894030842536	-0.9449955459515	-8.67435279701115	-5.6565472456666	0.031757666040671	0.0957301733910716	TRUE	FALSE
WP_003040995	-1.24956619228398	-1.27413369154809	-8.20288937892712	-3.45877437966715	0.031757666040671	0.235611453813959	TRUE	FALSE
WP_003038350	0.767233861307651	0.805298713407261	7.46828412253347	5.24758898549253	0.031757666040671	0.120461720093854	TRUE	FALSE
WP_003023392	-1.53339544596272	-1.29771280054188	-7.07475940289027	-7.9143795192261	0.0389847593419435	0.0456123144252735	TRUE	TRUE
WP_003020026	-0.904124598408905	-0.539981776140969	-6.73014563545243	-4.57700085793763	0.0410142608327875	0.149533897760824	TRUE	FALSE
WP_003017457	-1.11498198051859	-1.85748172391061	-6.38287829231531	-10.3248231730909	0.0435834982822342	0.0269833922794103	TRUE	TRUE
WP_003026016	-0.880817644423272	-1.00521610881536	-7.24180270755073	-5.47303690733007	0.0435834982822342	0.104431564377711	TRUE	FALSE
WP_003040894	-1.0868972475055	-0.943452397035823	-6.38326200276503	-6.55220875253634	0.0435834982822342	0.0913974000693852	TRUE	FALSE
WP_003033749	-0.710850882361949	-0.303473803103595	-6.09271664791715	-2.53922942456161	0.0454467010659067	0.30481145861351	TRUE	FALSE
WP_003035017	-0.938962829423345	-0.424841331996659	-5.91320624174518	-2.81193857286579	0.0489157188775031	0.285218852250843	TRUE	FALSE
WP_003038437	-0.492820672754896	-0.653823523209624	-5.66909791491412	-5.71782600137498	0.058562403322367	0.0957301733910716	FALSE	FALSE
WP_003039615	-0.546782546870302	-0.369265382262374	-5.59396287669492	-2.6674890993148	0.0599360266082005	0.300136817757462	FALSE	FALSE
WP_003040853	-0.924905858596258	-1.63965130514645	-5.53790889371674	-3.66941279263019	0.0632995863849063	0.235611453813959	FALSE	FALSE
WP_003035026	-0.517438041142115	-0.488718179322831	-5.38967836017537	-3.92908779468028	0.0632995863849063	0.204725225202907	FALSE	FALSE
WP_003038428	-0.745225350373037	-0.308563587765203	-5.65207807635604	-1.90223637342174	0.0632995863849063	0.412777701791543	FALSE	FALSE
WP_003020861	-0.512245619292332	-0.708523174650382	-5.33674160634217	-4.0278150170251	0.0632995863849063	0.187629624599438	FALSE	FALSE
WP_003033757	0.503655287340562	0.425905201989312	5.16843791826105	3.50835744329668	0.068019359323567	0.226700031583997	FALSE	FALSE
WP_003017957	-1.15082105134382	-1.44157608924816	-5.09883614284232	-4.59461944434184	0.0707134833055943	0.171493727942591	FALSE	FALSE
WP_003014552	-0.682600838269193	-0.507396057600847	-4.99046115889887	-2.20954452803111	0.0748917209793566	0.348387669062177	FALSE	FALSE
WP_003038556	-0.503511302049088	-0.763594959632076	-4.98620915434094	-2.63897873333191	0.0748917209793566	0.300136817757462	FALSE	FALSE
WP_003014378	-0.575769170923861	-0.618515530516701	-4.96276591154911	-4.90844514656168	0.0818776899841486	0.137902603354657	FALSE	FALSE
WP_003015654	-0.61803921105231	-0.181402431145129	-4.79997607036805	-1.20900655434875	0.0833258365558421	0.607729177804778	FALSE	FALSE
WP_003018210	-0.624717540885628	-0.57674460397087	-4.78410965565042	-3.59799089859389	0.0833258365558421	0.224427778165812	FALSE	FALSE
WP_003040752	0.865833396932376	0.900510277232003	5.3027061612026	5.69659926612411	0.0836742901005526	0.149533897760824	FALSE	FALSE
WP_003035113	0.484813780508487	0.180450015661358	4.72863332216644	1.06351393848747	0.0842988066796826	0.672214727196401	FALSE	FALSE
WP_003022320	-1.09930307826203	-1.37851672145277	-5.23474386860563	-5.0872403424712	0.0849383435013119	0.149533897760824	FALSE	FALSE
WP_003038772	-0.526144642899669	-0.758115039829446	-4.79884756242858	-4.61400166389114	0.0866424839607446	0.204725225202907	FALSE	FALSE
WP_003040040	-0.893755750606977	0.0253289798751577	-4.5437378117973	0.102552678175258	0.0939282686977448	0.962642152762017	FALSE	FALSE
WP_003038938	-0.593332493281957	-0.623964904497759	-4.55484423014267	-2.9742737931838	0.10080219126654	0.287431809961222	FALSE	FALSE
WP_003040128	0.450227475197805	0.411691047189544	4.41585115378342	3.24925687295057	0.10080219126654	0.24333884772877	FALSE	FALSE
WP_003017801	-0.565023418362021	-0.663900943015323	-4.37252007676126	-4.60292368592242	0.10080219126654	0.149533897760824	FALSE	FALSE
WP_003039085	-0.408917046339647	-0.242132221960848	-4.3921735680459	-1.89185925859192	0.10080219126654	0.413926823288121	FALSE	FALSE
WP_003034100	-1.14997574541324	-1.2411247324835	-4.63170250579562	-4.71199253352126	0.10080219126654	0.149533897760824	FALSE	FALSE
WP_003033045	-0.409846195651846	0.053671319640689	-4.32854113071226	0.160777375923524	0.10080219126654	0.952334049765466	FALSE	FALSE
WP_003017219	-0.569732032536911	-0.46446071757424	-4.3168108311291	-2.3773991948094	0.10080219126654	0.308593980452609	FALSE	FALSE
WP_003039835	-0.399810371198142	-0.219377749060734	-4.28252530555975	-1.00222474969302	0.10080219126654	0.683227556859786	FALSE	FALSE
WP_003016252	-0.554712458183614	-0.0720195924742612	-4.27583187309278	-0.461694304058778	0.10080219126654	0.869874207960623	FALSE	FALSE
WP_003015002	-0.510509629885482	-0.589514269814659	-4.4309194428475	-3.24125878794373	0.10080219126654	0.24333884772877	FALSE	FALSE
WP_003038436	-0.881687320649824	-1.04538967387529	-4.25910015380429	-4.60991021735273	0.101042712144422	0.149533897760824	FALSE	FALSE
WP_003014349	-0.488419110117318	-0.391630343203752	-4.17335639012535	-3.14187924041561	0.104515835255806	0.24333884772877	FALSE	FALSE
WP_003023081	-0.544618123314627	-0.603357214384171	-4.34716895366444	-3.66156233352452	0.104515835255806	0.224427778165812	FALSE	FALSE
WP_003038940	-0.392280324659243	-0.342831657906515	-4.17106089368378	-2.86123895710931	0.104515835255806	0.285218852250843	FALSE	FALSE
WP_011733600	0.722090148908984	0.214947365481689	4.14785097031985	0.742190320386825	0.105655178692263	0.771582580998612	FALSE	FALSE
WP_003034461	-0.339867719926514	-0.123511041374029	-4.10560581740203	-0.686621068218257	0.108418116799283	0.785707532620418	FALSE	FALSE
WP_003040067	-0.554583585625575	-0.366843747914711	-4.17085840825871	-2.04686709365121	0.108418116799283	0.388721311302175	FALSE	FALSE
WP_003023073	-0.393193083503586	-0.413021690832099	-4.06481593842401	-3.15708247796956	0.108418116799283	0.24333884772877	FALSE	FALSE
WP_003040413	0.444767686241845	0.269033843028125	4.04338840042133	2.04314637548196	0.108418116799283	0.393768923524125	FALSE	FALSE
WP_011733588	-0.348850322562511	-0.365886898114022	-4.04180957925859	-2.68774134402578	0.108418116799283	0.300136817757462	FALSE	FALSE
WP_003040289	0.45968473957529	0.405449507263386	4.01527137446756	3.20318153819693	0.108418116799283	0.24333884772877	FALSE	FALSE
WP_003015556	-0.676419519869235	-0.647383774292448	-4.0203284916222	-3.79172639959186	0.108418116799283	0.207412781613834	FALSE	FALSE
WP_003041213	0.376708221176037	0.187999720041982	4.0131021438432	1.17247172548602	0.108418116799283	0.623513987293523	FALSE	FALSE
WP_003033046	-0.570702248133543	-0.573889756276611	-3.97803953901396	-2.93706271442022	0.111373381649193	0.268838451520097	FALSE	FALSE
WP_003035617	-0.380707511526993	-0.391416048406726	-3.95621779335656	-2.74753132218941	0.112125067845296	0.302113398152093	FALSE	FALSE
WP_003033719	-1.48947542123611	-1.21807425906779	-3.97613410990445	-7.04495732639685	0.112125067845296	0.0913974000693852	FALSE	FALSE
WP_003017378	0.674271183337581	-0.128428482257286	4.05046956862546	-0.503653814808044	0.112125067845296	0.851231302126894	FALSE	FALSE
WP_003039621	-0.485453605985778	-0.701606670570591	-4.0102307160107	-4.14049822164959	0.112125067845296	0.187629624599438	FALSE	FALSE
WP_003035135	0.341273710473789	0.0934985239028156	3.97060989153217	0.609167624720408	0.112125067845296	0.820839591743229	FALSE	FALSE
WP_003038704	0.533786513805446	0.418561278368969	3.89811752647569	2.44896623109136	0.112125067845296	0.30481145861351	FALSE	FALSE
WP_003014581	-0.404655010796256	-0.457111673120079	-3.92919547632578	-2.63161213357866	0.112125067845296	0.300136817757462	FALSE	FALSE
WP_003041451	-0.37323421257438	-0.483561912866074	-3.86900600189738	-4.00535056057294	0.112125067845296	0.187629624599438	FALSE	FALSE
WP_003015446	-1.59337077196863	-0.183650652726356	-4.31744509424878	-0.401733236231405	0.112125067845296	0.876103708883256	FALSE	FALSE
WP_003014373	-0.415022441933422	-0.507991011104788	-3.92177416523583	-3.81234935461031	0.112125067845296	0.204725225202907	FALSE	FALSE
WP_003038553	-0.571326595629405	-0.776876814156188	-3.83994902535223	-1.78598776209541	0.116576811767245	0.433742747854235	FALSE	FALSE
WP_003014346	-0.381307685214151	-0.291585672794461	-3.84915667229602	-2.47229412778294	0.116576811767245	0.30481145861351	FALSE	FALSE
WP_003032868	-0.56791474144547	-0.37451331443346	-3.76019668717695	-2.04516198650307	0.127239588317153	0.398664499791534	FALSE	FALSE
WP_003039773	0.649345513205622	0.206741662710103	3.69607135928005	1.04309940466965	0.127239588317153	0.678181171347297	FALSE	FALSE
WP_003041408	0.326922489375903	0.195582129494025	3.68885270006371	1.58377350748506	0.127239588317153	0.505402971751695	FALSE	FALSE
WP_003014822	-0.446577817430299	-0.2855604189582	-3.68342176987336	-2.08998610731601	0.127239588317153	0.375831840340624	FALSE	FALSE
WP_003032885	-1.00736290467509	-0.838620648156248	-3.68147127658757	-1.70791325320237	0.132402764394441	0.469614163606129	FALSE	FALSE
WP_003040402	0.722215652972889	0.785484339824322	3.65838587548689	3.95086264313471	0.13294762152496	0.194217868656516	FALSE	FALSE
WP_003016753	-0.477637082209467	-0.46528781275666	-3.94647847511487	-2.74825129954139	0.13294762152496	0.300136817757462	FALSE	FALSE
WP_003040125	0.67553741299779	0.360724619287172	3.5235759659398	1.55826458820308	0.14703648455591	0.510898352434563	FALSE	FALSE
WP_003016538	-0.719799735971275	-1.32037750028383	-3.90585275470138	-2.96714521358517	0.14703648455591	0.300136817757462	FALSE	FALSE
WP_003040393	0.546890802029905	0.452811090744743	3.50836949804393	2.83738101656147	0.147960631919794	0.285218852250843	FALSE	FALSE
WP_003038372	-0.418921889157543	0.646975796952217	-3.59885514531098	1.63982326025824	0.147960631919794	0.500630901579794	FALSE	FALSE
WP_003037386	-0.39127704761253	-0.391408990327492	-3.52592953973977	-2.45828807291706	0.147960631919794	0.30481145861351	FALSE	FALSE
WP_003039832	-0.47341027442944	-0.271526243672942	-3.46088146796445	-1.26238867174513	0.147960631919794	0.601172842796321	FALSE	FALSE
WP_003026287	-0.346206972204094	-0.233811394509737	-3.45003969322783	-1.68483163469111	0.147960631919794	0.466667890626075	FALSE	FALSE
WP_003034103	-0.572702129924237	-0.578895700913137	-3.95959029981502	-3.01995232672998	0.147960631919794	0.259445815245443	FALSE	FALSE
WP_003015139	-0.344830554359161	-0.0212376895655996	-3.51805964925074	-0.0866813074476507	0.151549155916026	0.967255688472578	FALSE	FALSE
WP_003038472	0.551853041240061	0.425521840924887	3.41940403775841	2.35671200788199	0.151549155916026	0.320726052540189	FALSE	FALSE
WP_003034027	1.15603367540679	0.840922542691973	3.43904877694418	1.47929820000275	0.156016744992778	0.5433146552906	FALSE	FALSE
WP_003016134	-0.465737818815854	-0.880267408640702	-3.42101878018622	-2.02210922053327	0.157988892732112	0.388721311302175	FALSE	FALSE
WP_003040399	0.601561982357965	0.547789208320001	3.52683229016832	3.47173224121273	0.158950366113774	0.235611453813959	FALSE	FALSE
WP_003033846	-0.341398034352408	-0.475054955530577	-3.48488375658471	-3.28092028136567	0.161827281768867	0.24333884772877	FALSE	FALSE
WP_003034797	0.56063607353904	0.365356617838139	3.48345615648571	1.61924787522979	0.161827281768867	0.498622600373968	FALSE	FALSE
WP_003040194	-0.352845324649394	0.0758578637048938	-3.30159005145567	0.324798558791602	0.161827281768867	0.901475590625477	FALSE	FALSE
WP_003026826	0.407422592810222	0.311658119552182	3.28366351813208	2.22284300305727	0.161827281768867	0.348387669062177	FALSE	FALSE
WP_003040499	-0.324310628808488	-0.208618476684393	-3.24739642652841	-1.61761451775163	0.167026327948755	0.487164101231142	FALSE	FALSE
WP_003027200	-0.345564281948541	-0.378161894398338	-3.23087600654577	-2.54655498071686	0.167026327948755	0.30481145861351	FALSE	FALSE
WP_003021049	-0.522154869371084	-0.292246254166019	-3.25191621202817	-2.15615961222447	0.167026327948755	0.363260241629754	FALSE	FALSE
WP_003033196	0.291904955583234	0.158269459821998	3.27522262037243	0.935434772611707	0.167026327948755	0.70321089202286	FALSE	FALSE
WP_003040032	1.67223860262122	0.56620201179686	3.65997157539931	0.798607572403396	0.167026327948755	0.742201783374579	FALSE	FALSE
WP_011733723	-0.362369903454154	-0.458786700827951	-3.49314181790956	-4.25377468970375	0.167026327948755	0.171493727942591	FALSE	FALSE
WP_003025265	-0.545092567697253	-0.386578265563718	-3.21120395724422	-2.64962649489892	0.167026327948755	0.300136817757462	FALSE	FALSE
WP_003040965	0.495894319956611	0.327390673470147	3.20121863503785	2.57101953971874	0.16759509847241	0.30481145861351	FALSE	FALSE
WP_003040951	-0.354516250168284	-0.377431654566183	-3.33318141019291	-3.52223860205796	0.16759509847241	0.226700031583997	FALSE	FALSE
WP_003038958	0.6552139757312	0.647850034131384	3.19028443992919	2.36983231130487	0.16759509847241	0.338235901137758	FALSE	FALSE
WP_003032915	0.425051143656353	0.396970303053165	3.17780541485527	2.16931867299233	0.167793943273535	0.360241847497962	FALSE	FALSE
WP_003015897	-0.467194861940138	-0.489489323647646	-3.34022935710765	-2.68264927775926	0.167793943273535	0.30481145861351	FALSE	FALSE
WP_003028678	-0.316586399442156	-0.275361045973429	-3.18145558199041	-1.85963084892618	0.168884727079538	0.431488199204131	FALSE	FALSE
WP_003035145	1.355505245696	-0.0468954093341523	3.18509454947884	-0.0987245282334395	0.170190976491215	0.96412571518178	FALSE	FALSE
WP_003036943	0.298227617335979	0.179070743597242	3.13812470675599	1.39954124160086	0.170190976491215	0.558574891872412	FALSE	FALSE
WP_003024580	-0.374250137674367	-0.270326928615061	-3.32875681652032	-1.70101905765215	0.170190976491215	0.468344072257358	FALSE	FALSE
WP_003039175	-0.312618130852453	-0.233531919111354	-3.14233605229526	-1.53949902957672	0.170190976491215	0.512238943264541	FALSE	FALSE
WP_003033974	-0.304269606229453	-0.316248367025584	-3.11698596118597	-2.45215487359346	0.170190976491215	0.308402436824747	FALSE	FALSE
WP_003040329	-0.496764475711249	0.0249746584368428	-3.34197741218291	0.24025596829326	0.170190976491215	0.921632842972296	FALSE	FALSE
WP_003032894	-0.39262730423001	-0.374403433718293	-3.22365636173442	-1.81728136527628	0.170190976491215	0.430599846736725	FALSE	FALSE
WP_003040123	0.287352263618806	0.225928697488188	3.179606385899	1.4644677843949	0.170190976491215	0.546579582084911	FALSE	FALSE
WP_003033964	-0.689195939328971	-1.16435061431067	-3.10249821770271	-2.72801385057484	0.170190976491215	0.296661211706155	FALSE	FALSE
WP_003040742	0.414446361199203	0.518439431724938	3.2600902702173	2.57768456617571	0.170190976491215	0.30481145861351	FALSE	FALSE
WP_003039248	-0.394800815511632	-0.341329652133953	-3.08671990413431	-2.45538443351188	0.170190976491215	0.30481145861351	FALSE	FALSE
WP_003015534	-0.343266646329731	-0.959921528111956	-3.07588469288982	-6.43711308962915	0.170190976491215	0.0913974000693852	FALSE	FALSE
WP_003032890	-0.324981926974695	-0.40146039222397	-3.07251465880092	-2.74871041730465	0.170190976491215	0.298454008908745	FALSE	FALSE
WP_003017929	-0.529998035109506	-0.576839980365169	-3.04718765626039	-3.03376873242759	0.170190976491215	0.256393260731676	FALSE	FALSE
WP_003039430	-0.326876459238432	-0.151210383953322	-3.04357883188314	-1.33195139752133	0.170190976491215	0.580989927293607	FALSE	FALSE
WP_003019781	0.465781973845665	0.389153148784812	3.04314459952941	1.65192125482566	0.170190976491215	0.487164101231142	FALSE	FALSE
WP_003033975	-0.368106748282947	-0.231352163143746	-3.19357550101183	-1.32257116740207	0.170190976491215	0.58227937420391	FALSE	FALSE
WP_003038326	-0.499013496250227	-0.118817165172222	-3.08116114854015	-0.655181540378008	0.170190976491215	0.802094809688195	FALSE	FALSE
WP_003040911	-0.608985126481276	-0.227099038249791	-3.33890663004192	-0.891630076729156	0.170190976491215	0.707302881680401	FALSE	FALSE
WP_003039691	0.406349004660305	-0.205198392994484	3.01872885034114	-0.898484950938566	0.170190976491215	0.707302881680401	FALSE	FALSE
WP_003040486	-0.463160915780807	-0.0317679819341998	-3.01769373983023	-0.161281782043807	0.170190976491215	0.952334049765466	FALSE	FALSE
WP_003018819	-0.653621477962773	-0.489377620585347	-3.03466424142998	-2.46943646940085	0.17082328762676	0.307097526190984	FALSE	FALSE
WP_003023546	-0.402131008129585	-0.718230467972596	-3.22487499957043	-2.41121782726258	0.170902081405458	0.308402436824747	FALSE	FALSE
WP_003033752	-0.360754128190614	-0.342293909282885	-3.00658480309135	-2.5934830031389	0.172108589433718	0.304667340195915	FALSE	FALSE
WP_003038456	-0.2979896907676	-0.362828971020793	-2.97412783229142	-2.12879586818124	0.175700588989121	0.370634088230755	FALSE	FALSE
WP_003034549	-1.05503814699839	-1.01448672719345	-3.01300818892205	-3.63905384509858	0.175739525367709	0.238866318795789	FALSE	FALSE
WP_003038706	-0.346970810202747	-0.248492832664476	-3.03511769040476	-0.608188384630454	0.17581777799713	0.826008104018902	FALSE	FALSE
WP_003038642	0.845556743349585	0.356137398357	2.94158303419245	0.893324472944307	0.177652705053087	0.707302881680401	FALSE	FALSE
WP_003039892	0.701093223207271	0.877531849605761	2.95138024272834	5.08645550336689	0.177652705053087	0.129555437604907	FALSE	FALSE
WP_003033018	-0.50854131684144	-0.855406035903563	-3.04281134118723	-3.42653424422413	0.179357696783683	0.235611453813959	FALSE	FALSE
WP_003021583	-0.530769808441856	-0.592208031947256	-3.17204931253328	-4.46134382259785	0.179668868479003	0.149533897760824	FALSE	FALSE
WP_003040749	0.276462642209762	0.303056894127817	2.90556413714174	2.40907955727958	0.180130975258235	0.308664670812	FALSE	FALSE
WP_011457527	-0.318238240147475	-0.190989052597308	-2.88248998532807	-1.45907195622511	0.184217217755672	0.53799434263656	FALSE	FALSE
WP_003038634	0.371338188591064	0.297776561780904	3.01801925980155	2.21230866330069	0.184217217755672	0.348387669062177	FALSE	FALSE
WP_003018840	-0.425170027144031	-0.583696658401769	-2.95123328903747	-3.8404419091316	0.184217217755672	0.229972669594666	FALSE	FALSE
WP_011733633	0.793535262878874	0.472261378803486	2.93255964604429	1.29900722961889	0.184217217755672	0.598253599935292	FALSE	FALSE
WP_003037539	0.706573272613001	0.288437435200389	2.90867541041722	1.34617892861253	0.184330495384595	0.576044161381132	FALSE	FALSE
WP_003034442	-0.907938017992455	-0.394111002766432	-2.83541187286572	-1.8256381296091	0.18889960844964	0.462791098805064	FALSE	FALSE
WP_003024816	-0.290022497396111	-0.125732385657754	-2.83221695877235	-0.561454237291171	0.18889960844964	0.83868623753541	FALSE	FALSE
WP_003041283	-0.255524282296618	-0.406864656853758	-2.81920592030606	-3.34301749222177	0.18889960844964	0.24333884772877	FALSE	FALSE
WP_003020646	-0.547487192659947	-0.575982679688951	-2.89740322010572	-2.56955966626157	0.18889960844964	0.304667340195915	FALSE	FALSE
WP_003039477	-0.373750664756923	-0.330154158346028	-2.98350819125273	-2.2085286276729	0.18889960844964	0.348387669062177	FALSE	FALSE
WP_003032892	-0.415146182831376	-0.683508525966106	-3.04127335280532	-3.34874060563245	0.18889960844964	0.238866318795789	FALSE	FALSE
WP_003024808	-0.497292272506204	-0.552745457978404	-2.8115799668026	-2.80382421365882	0.18889960844964	0.300136817757462	FALSE	FALSE
WP_003036308	0.370263843346718	0.442728532986344	2.86596781415994	2.51743155672222	0.189146390285022	0.308593980452609	FALSE	FALSE
WP_003038420	-0.470847737783233	-0.34229514058684	-2.79560772350943	-3.02497317627163	0.189855080273293	0.256393260731676	FALSE	FALSE
WP_003038363	-0.237283035627931	-0.258142198749756	-2.79551597071691	-2.07222858183386	0.189855080273293	0.378086202337035	FALSE	FALSE
WP_003021682	-0.358140854596833	-0.918495437563143	-2.79075344286591	-2.79810588787903	0.190071413995704	0.300136817757462	FALSE	FALSE
WP_003032887	-0.304793727111443	-0.392341770271803	-2.88634130081158	-3.07393681877349	0.190537318339289	0.250142566110075	FALSE	FALSE
WP_003039866	-0.35531370544872	-1.15117408368974	-2.7687736159107	-3.18246540139017	0.193682015903198	0.24333884772877	FALSE	FALSE
WP_003038484	-0.431770002045438	0.0533435183681874	-2.75791553416484	0.235478945640611	0.194532649080272	0.921632842972296	FALSE	FALSE
WP_003038937	0.297016018244397	0.166784385244805	2.76119229353051	1.25379070921978	0.194834994101987	0.598253599935292	FALSE	FALSE
WP_003040101	0.291215208501721	0.3967652784581	2.71268288272677	2.72547059582194	0.202168735337389	0.302494452971955	FALSE	FALSE
WP_003040218	-0.327079881591065	-0.149627097224905	-2.71007781616483	-1.10134433308948	0.202168735337389	0.656136290595135	FALSE	FALSE
WP_003014382	-0.288417039010635	-0.292738439577621	-2.70369285852382	-1.87197429417096	0.202221480030457	0.415620026397339	FALSE	FALSE
WP_003041112	-0.282724734330394	-0.24490645853352	-2.69847510978171	-2.07507395592812	0.202221480030457	0.378086202337035	FALSE	FALSE
WP_003034298	0.343575467377636	0.415841493474495	2.69699496783042	3.23412266511225	0.202221480030457	0.24333884772877	FALSE	FALSE
WP_011733713	0.457360355008846	0.309205299902366	2.69449899924989	1.52135128395801	0.202221480030457	0.516963623867667	FALSE	FALSE
WP_003027197	-0.351222680928348	-0.623615332828421	-2.6789736948168	-3.11090304691329	0.203858151041048	0.250142566110075	FALSE	FALSE
WP_003021175	-0.340659237060737	-0.420532563465643	-2.65352883516821	-1.93565386716664	0.208738184163256	0.409941688893946	FALSE	FALSE
WP_003037537	0.370074454957946	0.510289782209545	2.6484705484781	3.13573061076647	0.208738184163256	0.250142566110075	FALSE	FALSE
WP_003037623	1.45280026389063	1.59288951858365	2.67026253190153	2.68389466228531	0.208738184163256	0.304667340195915	FALSE	FALSE
WP_003034277	-0.30248471525155	-0.305856591856551	-2.64559718096321	-2.63907511445271	0.212441490942118	0.300136817757462	FALSE	FALSE
WP_003038964	-0.329274219677994	-0.277852189291236	-2.72696862530558	-1.84338032733055	0.212441490942118	0.424876214556101	FALSE	FALSE
WP_003014122	-0.326742402203317	-0.163544810936592	-2.61669918598599	-0.815137412400999	0.212441490942118	0.733759196039834	FALSE	FALSE
WP_003033386	-0.437911336540018	-0.412291347101865	-2.88687667657473	-1.40808954993397	0.212441490942118	0.558574891872412	FALSE	FALSE
WP_003035393	-0.28302471210083	-0.428612400607939	-2.59292846628024	-1.05332840809259	0.214348551241846	0.676230084291802	FALSE	FALSE
WP_003040628	-0.705527247643779	-1.28920668965606	-2.59133689485148	-5.35989883121229	0.214348551241846	0.129555437604907	FALSE	FALSE
WP_003038954	-0.314627420478071	-0.548492127057049	-2.5847054260344	-1.95260008853622	0.214348551241846	0.409941688893946	FALSE	FALSE
WP_011733592	0.268379326291353	0.112287570702346	2.70565718072692	0.754047507455213	0.214348551241846	0.761013915014177	FALSE	FALSE
WP_003040115	0.530035060566051	0.546459400097872	2.58413786751739	2.84565905548391	0.214348551241846	0.285218852250843	FALSE	FALSE
WP_003038430	-0.408407584319934	-0.307393493792545	-2.58896111987509	-1.39477393694672	0.215192492570951	0.560659477333099	FALSE	FALSE
WP_003025725	0.314188111423873	0.296031576623547	2.63544993777631	1.94275833742117	0.215882489797427	0.415620026397339	FALSE	FALSE
WP_003040897	-0.389257553508912	-0.267304266343385	-2.53888184625705	-2.34344617831761	0.222618040545733	0.314055102971542	FALSE	FALSE
WP_003041357	0.579380827779357	-0.375457098838966	2.53517069048032	-1.32742537719429	0.222779264449886	0.587405246057366	FALSE	FALSE
WP_003039935	-4.58679338944462	-0.198371292410449	-2.58114758031136	-0.694308814751102	0.222885342872137	0.785840377323471	FALSE	FALSE
WP_003034079	1.10468972746959	-0.0347658097581692	2.52226238505785	-0.14020240966389	0.222885342872137	0.957002222990723	FALSE	FALSE
WP_003039451	-0.408611967900985	-0.350835755637623	-2.53983507659624	-1.48312907823308	0.223153915763675	0.533465435727584	FALSE	FALSE
WP_003038269	0.279341536219409	0.147261881315084	2.53274625972667	1.12239754592608	0.226376181163395	0.640964332048578	FALSE	FALSE
WP_003037222	0.246798170032825	0.420412326825167	2.49496908953753	2.85574824029912	0.228385076065172	0.285218852250843	FALSE	FALSE
WP_003041281	-0.209911749325229	-0.205715471573598	-2.48294040905246	-1.68920308345223	0.230471549428222	0.466667890626075	FALSE	FALSE
WP_003039700	-0.335947383765807	-0.184859897056195	-2.48040779227028	-1.47602577146856	0.230471549428222	0.534661324415522	FALSE	FALSE
WP_003035111	0.295018626839763	0.292937562070201	2.49651491821604	1.72198675001648	0.230471549428222	0.462791098805064	FALSE	FALSE
WP_003015772	-0.281216784938164	-0.225823368771862	-2.47214220341058	-1.59892754226913	0.230471549428222	0.493978258571206	FALSE	FALSE
WP_003035506	-0.317084750276138	0.0403683269301337	-2.53294130831844	0.220487864739307	0.230471549428222	0.930098336643961	FALSE	FALSE
WP_003039781	-0.567381540763039	-0.121062523003039	-2.46645685881792	-0.525111327943699	0.230680176603374	0.850554306340079	FALSE	FALSE
WP_003024803	-0.346322483426892	-0.515765106312363	-2.42409531556921	-3.04584009819887	0.240609874024332	0.285218852250843	FALSE	FALSE
WP_003039971	1.06602187184056	0.30493815232974	2.59801673288792	0.877334238966125	0.240609874024332	0.710194299535072	FALSE	FALSE
WP_003040411	0.376106563052916	0.590166911971289	2.59030451036763	3.51494198386172	0.241175193686043	0.238866318795789	FALSE	FALSE
WP_003021184	-0.264475487935143	-0.282181855117928	-2.39327242472727	-2.03136526437089	0.246363457480904	0.38781890956249	FALSE	FALSE
WP_003013909	0.230354904456921	0.295054686590432	2.40724969198834	2.14752880676092	0.246363457480904	0.370634088230755	FALSE	FALSE
WP_011733731	-0.370989958849791	-0.181756266049052	-2.38106313589162	-1.52282144386572	0.246363457480904	0.520969574947979	FALSE	FALSE
WP_003035357	-0.307101995507861	-0.432320346669803	-2.4048227462912	-2.74230059255402	0.246363457480904	0.30481145861351	FALSE	FALSE
WP_003040118	0.228084993226835	0.296915707370801	2.37622888036747	1.53458459218434	0.246363457480904	0.513650633618227	FALSE	FALSE
WP_003039818	-0.19961669517785	0.0649350159442644	-2.3731610922757	0.461911077100708	0.246363457480904	0.869874207960623	FALSE	FALSE
WP_003039530	-0.510389601238705	-0.273494006456448	-2.37131553413105	-1.66326413711143	0.246363457480904	0.468344072257358	FALSE	FALSE
WP_003039007	0.344935739310457	0.447391272692217	2.48179982945017	1.87415151500461	0.246363457480904	0.415620026397339	FALSE	FALSE
WP_003027202	-0.270806287968679	-0.360560732306018	-2.36940492486556	-2.50275902501303	0.246363457480904	0.30481145861351	FALSE	FALSE
WP_003039201	-0.351119246243186	-0.387403809808501	-2.50643984815773	-2.09201635117403	0.247236383001705	0.386925992725905	FALSE	FALSE
WP_003041398	0.230114699974274	0.104363555106364	2.35605389168089	0.739908307148777	0.247673654886055	0.770653467554954	FALSE	FALSE
WP_011733710	0.26172839316496	0.524776845579978	2.36133128453693	2.46274173840841	0.247673654886055	0.30481145861351	FALSE	FALSE
WP_003039053	0.286451146107062	0.199312180889278	2.3709539768204	1.1790245442943	0.248508853283339	0.623513987293523	FALSE	FALSE
WP_003026086	-0.320151736987438	-0.250782956822758	-2.46286060014239	-1.82554106039161	0.248508853283339	0.43159167190303	FALSE	FALSE
WP_003017534	-1.81064306874235	-2.62256777478033	-2.3532835285117	-2.68493873048009	0.249940716007609	0.30481145861351	FALSE	FALSE
WP_003041399	0.339050785444776	-0.108659261180122	2.33861538029908	-0.567155036424622	0.252457525132262	0.83868623753541	FALSE	FALSE
WP_003033335	0.273418646828051	-0.0987411549137307	2.35816800289264	-0.506335006244582	0.253472405421206	0.851231302126894	FALSE	FALSE
WP_003040215	0.710685417599684	0.392780416664013	2.31256392019523	1.75805852365176	0.253827220417176	0.462791098805064	FALSE	FALSE
WP_011733672	-0.226042609310771	-0.210267513281577	-2.29388747409116	-1.55878968602507	0.259132101421112	0.510898352434563	FALSE	FALSE
WP_011733610	0.231677881231423	0.130618361789294	2.30536435660369	1.10732690020774	0.259132101421112	0.649520165143539	FALSE	FALSE
WP_003039515	0.298861176231351	0.0120945530056264	2.37184716067622	0.0851133648903753	0.259132101421112	0.967255688472578	FALSE	FALSE
WP_003038819	0.499351375940413	0.0598528050207776	2.27576300547342	0.4964417298405	0.268488147667422	0.85348885958659	FALSE	FALSE
WP_003026299	-0.36628159456718	0.020241392213272	-2.23757350044015	0.134894169019038	0.275403706198872	0.957002222990723	FALSE	FALSE
WP_003037763	-0.231015401575443	-0.304922093974857	-2.22279528462228	-1.79898538865007	0.279160507623614	0.43159167190303	FALSE	FALSE
WP_003033564	0.225336285634825	0.0497319027463663	2.21148879066471	0.383896268630659	0.281891103096559	0.878994000856524	FALSE	FALSE
WP_003021312	0.245623095884978	0.23253170421924	2.21072335666123	1.76971748191498	0.281891103096559	0.440771057081781	FALSE	FALSE
WP_003021606	-0.271384098674158	-0.281663125622697	-2.21872019155837	-2.41841924799864	0.282614750352122	0.308402436824747	FALSE	FALSE
WP_003013731	-0.219433761617046	-0.115210760100881	-2.27284109098525	-0.615215726854679	0.282957715342584	0.818773283852684	FALSE	FALSE
WP_003034218	0.266004967074521	0.162015224093833	2.19641087958437	1.3505504960493	0.282957715342584	0.576044161381132	FALSE	FALSE
WP_003033337	0.237740196017437	0.0401095465233256	2.1889552573338	0.363751646651283	0.282957715342584	0.884709918066712	FALSE	FALSE
WP_003021588	-0.378765120511538	-0.43082192872919	-2.22022176110515	-2.11183704593946	0.282957715342584	0.378086202337035	FALSE	FALSE
WP_003038424	-0.526088287245845	-0.782592160418163	-2.28010051835813	-1.71708122064534	0.282957715342584	0.468344072257358	FALSE	FALSE
WP_003040230	0.313435545137425	0.634991558159146	2.25852329436251	3.79248651203087	0.282957715342584	0.224427778165812	FALSE	FALSE
WP_003033853	-0.222929206754797	-0.346637355682136	-2.18283943308171	-1.98821962738994	0.282957715342584	0.39414576882321	FALSE	FALSE
WP_003016724	-0.454563601735423	0.10294222380594	-2.25771690885883	0.293107621340535	0.282957715342584	0.915422802505638	FALSE	FALSE
WP_003041540	-0.220101215981365	-0.0357278297039192	-2.17226511386922	-0.258091272759976	0.285253998590091	0.919176369595702	FALSE	FALSE
WP_003040369	0.189007421649301	0.193225942284411	2.1669398363722	1.25633471613723	0.286402365445762	0.598253599935292	FALSE	FALSE
WP_003038662	-0.226428248570931	-0.123635241116645	-2.14836244210945	-1.08838154534752	0.292866698063836	0.656136290595135	FALSE	FALSE
WP_003034577	0.347237981554761	0.573265481722726	2.13627659015822	2.94486978945966	0.295306660957566	0.268838451520097	FALSE	FALSE
WP_003018461	0.284358399865079	0.368617658020544	2.16780807314181	1.6103641103969	0.295306660957566	0.488264420325285	FALSE	FALSE
WP_003015976	-0.306073516107831	-0.383772876861914	-2.13500747982705	-2.31360431241499	0.295306660957566	0.321999431787728	FALSE	FALSE
WP_003032840	-0.270432226276707	-0.306354851432561	-2.14157307704304	-2.27893132888721	0.298682605431509	0.332550052990203	FALSE	FALSE
WP_003034128	0.291878267573279	0.14820472955354	2.11247612091803	0.977113288351887	0.299369031707257	0.689290995561641	FALSE	FALSE
WP_003041126	0.198702772873728	0.348405473334735	2.13813544975807	2.47725580867376	0.299369031707257	0.30481145861351	FALSE	FALSE
WP_003040112	0.325021763119752	0.183287464951685	2.10644728020967	1.67461301680326	0.299788620048901	0.468344072257358	FALSE	FALSE
WP_003038377	-0.324126336685811	-0.563165156470072	-2.10197629504791	-1.46987323137806	0.299788620048901	0.540444389977758	FALSE	FALSE
WP_003024794	-0.262081130845497	-0.424051902505281	-2.15761272244934	-2.86202413568455	0.299788620048901	0.293366800935602	FALSE	FALSE
WP_003039049	0.242261818228665	0.289796039196462	2.09475720592592	1.31709092501085	0.299788620048901	0.58227937420391	FALSE	FALSE
WP_003040261	-0.307262778823424	-0.239517346057355	-2.09409387828434	-1.22226610504784	0.299788620048901	0.603355364728541	FALSE	FALSE
WP_003039908	0.190009715980982	0.132657764913218	2.08908767011078	1.00508712309747	0.300393200625098	0.683227556859786	FALSE	FALSE
WP_003017327	-0.319870012528587	-0.898410020899984	-2.11302967055349	-2.53635415368389	0.300393200625098	0.308593980452609	FALSE	FALSE
WP_003033755	-0.42083891743431	-0.432313342525606	-2.18540713106649	-2.1188982878212	0.300393200625098	0.371742643152831	FALSE	FALSE
WP_003040822	0.284477122232978	-0.0487354879376238	2.07808868608576	-0.349704789043259	0.300393200625098	0.888540146832245	FALSE	FALSE
WP_003040814	-0.218251766731409	-0.174446106649708	-2.07757511523888	-1.2999603610822	0.300393200625098	0.587405246057366	FALSE	FALSE
WP_003016495	-0.192826123086461	-0.126744100634219	-2.07689610830665	-0.732422613958958	0.300393200625098	0.772780297749954	FALSE	FALSE
WP_003038617	-0.214844654724956	-0.101620214188963	-2.06827189784815	-0.729870512736417	0.303066857556745	0.771582580998612	FALSE	FALSE
WP_003035703	0.212159819271165	0.205386046144877	2.06139380540211	1.49562607930523	0.304441322880466	0.524840520023604	FALSE	FALSE
WP_003039746	0.461910134076087	0.285286344835954	2.0582932338613	1.15096237894288	0.304441322880466	0.630958624821427	FALSE	FALSE
WP_003040378	0.292750829563793	0.165887730445524	2.03342380750414	0.8537892308713	0.310383020651059	0.714111227817829	FALSE	FALSE
WP_003039974	-0.347364906375337	-0.1909352768903	-2.0929989894758	-0.908656835960488	0.310383020651059	0.707302881680401	FALSE	FALSE
WP_003039904	0.190690585294411	0.216296074713219	2.02921916598391	1.40140454343142	0.310383020651059	0.558574891872412	FALSE	FALSE
WP_003039327	-0.221865648253483	-0.279395330869532	-2.02486024330774	-1.69819268841297	0.311417624668801	0.468344072257358	FALSE	FALSE
WP_003024407	-0.171930119608286	-0.73052392550942	-2.00974545439845	-3.82009641625489	0.316983232459494	0.209941613540143	FALSE	FALSE
WP_003041055	-0.401101386244221	0.169690519239023	-2.00046556473097	1.02355170868947	0.318767904643899	0.684907395957128	FALSE	FALSE
WP_003014561	-0.258838462601734	-0.316086138349544	-2.03029842557901	-1.99065662111225	0.318767904643899	0.413926823288121	FALSE	FALSE
WP_003040166	-0.186465907551294	-0.280489884802796	-2.00185261729829	-1.941767809346	0.320022934944215	0.413926823288121	FALSE	FALSE
WP_003029937	0.388799228860056	0.279947168888279	1.99226075434476	1.34837711288905	0.320022934944215	0.576044161381132	FALSE	FALSE
WP_003040829	0.272106176446134	0.165255795507349	2.02968364635012	1.12394901418274	0.320825800563396	0.64117456836334	FALSE	FALSE
WP_003038404	0.298232134798855	0.0683913354522926	1.98184240261828	0.56924017727324	0.322795174943583	0.83868623753541	FALSE	FALSE
WP_003038504	0.538700259967911	0.391638818061049	1.97833733723875	1.71198997072882	0.327804450569173	0.462791098805064	FALSE	FALSE
WP_003034246	-1.11798233060602	-0.523366354005145	-1.98452788960473	-1.98326091757844	0.327804450569173	0.409941688893946	FALSE	FALSE
WP_003038296	-0.222263578136448	-0.178989124852652	-1.96571797801859	-1.41997034082758	0.328728117671285	0.553670953622328	FALSE	FALSE
WP_003015034	0.305655910623772	0.143352037114649	1.96170890201015	0.530274042657569	0.328728117671285	0.850554306340079	FALSE	FALSE
WP_003021790	0.24548150524853	0.0499753510323309	1.95194191984765	0.314349163396159	0.328830849020486	0.905917756881618	FALSE	FALSE
WP_003018097	-0.2024861524848	-0.230612056868843	-1.9473364803242	-2.09430529222778	0.329747717086184	0.375357880854962	FALSE	FALSE
WP_003035153	-0.781643162115867	-1.141490761656	-2.05252188725518	-2.4842890652934	0.329747717086184	0.308593980452609	FALSE	FALSE
WP_003036879	0.201076272480168	0.11705585071942	1.95932959192944	0.718199636118737	0.329833470698601	0.772780297749954	FALSE	FALSE
WP_003041231	-0.205827611197028	-0.137612642328921	-1.92375151517415	-0.830341635849475	0.342320079887599	0.727105772940408	FALSE	FALSE
WP_003039743	0.190166997384282	0.124914488726698	1.94999665245107	1.13333982520313	0.342403793997627	0.634591556768441	FALSE	FALSE
WP_003033135	0.179243311000032	0.0511943928820923	1.90086466547046	0.158605471382886	0.343239618419008	0.952334049765466	FALSE	FALSE
WP_003041490	-0.187977334380271	-0.220071590594661	-1.89800323931249	-1.83698266653139	0.343657410398048	0.425121862349755	FALSE	FALSE
WP_003027193	-0.387618444086335	-0.654780447973619	-1.89471866375218	-2.67364807831479	0.344280229027972	0.300136817757462	FALSE	FALSE
WP_003032762	-0.260013588575296	0.0507917578000762	-1.88970031752952	0.38432128033081	0.344868792412746	0.878994000856524	FALSE	FALSE
WP_003014812	-0.268153447261391	-0.114011556612235	-1.897580552758	-0.561362879241798	0.344868792412746	0.83868623753541	FALSE	FALSE
WP_003040596	-0.178318502075964	-0.225069435257476	-1.8850552683393	-1.41457771354116	0.344868792412746	0.554063375117636	FALSE	FALSE
WP_003040540	-0.211801710033153	-0.75899800975962	-1.88367371764399	-3.82342411592684	0.344868792412746	0.204725225202907	FALSE	FALSE
WP_003038804	0.229629951769737	0.367619330407797	1.86635066754241	2.19164159684686	0.352137515705905	0.354524136839794	FALSE	FALSE
WP_003039882	-0.246577478938756	-0.472798194009315	-1.88021193964026	-1.99606409074592	0.352137515705905	0.39414576882321	FALSE	FALSE
WP_003039917	0.234109837409615	0.267774996424332	1.86087242009725	2.24697011260753	0.352137515705905	0.348387669062177	FALSE	FALSE
WP_003017689	0.226267049284318	0.266734836820183	1.94702186125283	1.87213303755981	0.353751798551241	0.43159167190303	FALSE	FALSE
WP_003034447	0.608584653040826	-0.701257852800515	1.8513879408688	-1.79146282584613	0.353751798551241	0.433551286477214	FALSE	FALSE
WP_003033724	-0.209591551605732	-0.251514363381804	-1.85029205686516	-1.82601744950718	0.353751798551241	0.43159167190303	FALSE	FALSE
WP_011733728	-0.247200035240374	-0.131257870239474	-1.84932479615146	-0.811169068023585	0.353751798551241	0.73498039549731	FALSE	FALSE
WP_003039390	0.245040551876244	0.0638874670018696	1.85753095504072	0.313033626664951	0.353751798551241	0.905423868749826	FALSE	FALSE
WP_003039032	-0.192771414217137	0.00976631896656374	-1.88360183150412	0.0755402430883414	0.353751798551241	0.968348417092843	FALSE	FALSE
WP_003040773	0.389086004582604	0.480257580717968	1.84419437298546	2.39795934901971	0.353751798551241	0.308402436824747	FALSE	FALSE
WP_003040524	0.183434512189388	1.199855596234	1.85318080036703	2.68051403439394	0.354117313475139	0.30481145861351	FALSE	FALSE
WP_003035603	0.18270799584555	0.167061392880389	1.82458089088851	1.0130002055533	0.360658707268063	0.683227556859786	FALSE	FALSE
WP_004339068	0.229327093748993	0.246610451798952	1.82014336973897	1.70712454052131	0.36103032165672	0.462791098805064	FALSE	FALSE
WP_003038514	0.236628160671208	0.114767318311123	1.84016186220027	0.888226894634066	0.36103032165672	0.707302881680401	FALSE	FALSE
WP_003039482	0.520489709387138	-0.0708459394865359	1.93028167147408	-0.26068373053899	0.36103032165672	0.919176369595702	FALSE	FALSE
WP_003043247	-0.180014832134862	-0.23647813955759	-1.80788400011367	-1.94287573388382	0.361565781562559	0.406186770043165	FALSE	FALSE
WP_003040604	0.218859559556078	0.349062772460092	1.80364883813427	1.89196353846125	0.363421880721938	0.413926823288121	FALSE	FALSE
WP_003039896	-0.230019497996074	-0.141655576605999	-1.81309073319551	-0.43563801837375	0.363421880721938	0.873635271131623	FALSE	FALSE
WP_003019409	-0.224837342670642	-0.519702092376553	-1.79293344940452	-3.85287868750777	0.364715299448386	0.226101692645556	FALSE	FALSE
WP_003039703	-0.232780339510936	-0.297315753460182	-1.82452203342864	-2.42312236504197	0.364715299448386	0.308593980452609	FALSE	FALSE
WP_003039170	-0.205482322941491	-0.206775728128462	-1.78553811812599	-1.79960406772401	0.364715299448386	0.433742747854235	FALSE	FALSE
WP_003038333	-0.333392092756679	-0.454108009479136	-1.78889424097997	-3.23557278336802	0.364715299448386	0.24333884772877	FALSE	FALSE
WP_003039877	0.203913146325053	0.351905041210477	1.78439846991186	1.81950619561292	0.364715299448386	0.430599846736725	FALSE	FALSE
WP_011733616	-0.235687005402347	-0.145842074439115	-1.79042665041887	-1.08526304878154	0.364715299448386	0.656136290595135	FALSE	FALSE
WP_003038674	0.234387863496419	0.187468662829472	1.7836379034627	0.290928005023813	0.364715299448386	0.915422802505638	FALSE	FALSE
WP_003037729	0.233567727172245	0.193076504510776	1.82602780149	1.17132581845875	0.367917897733842	0.623513987293523	FALSE	FALSE
WP_003034294	0.428019035492883	-0.108622957681806	1.78163902206035	-0.406957468023786	0.370658867232438	0.876103708883256	FALSE	FALSE
WP_003038355	0.177849330098628	-0.240220152151511	1.76631080281045	-0.924112749236896	0.370693924581964	0.70321089202286	FALSE	FALSE
WP_003038361	0.278174024628942	0.325238535413437	1.76218942860203	2.08289400460068	0.371895661388317	0.377816640374428	FALSE	FALSE
WP_003035149	0.238229508688493	0.129580094388392	1.76555722852845	0.717766072190562	0.373507223973412	0.772780297749954	FALSE	FALSE
WP_003035420	-0.412137249031557	-0.3745558159613	-1.74813148138225	-2.4774070277004	0.375578584035644	0.30481145861351	FALSE	FALSE
WP_003032611	0.241552290383019	0.0334607243307801	1.74252231924487	0.155038342149696	0.376586081163792	0.952334049765466	FALSE	FALSE
WP_003038438	-0.471718241751218	-0.948868487634456	-1.76300826840006	-4.07013607005148	0.380752484939152	0.224427778165812	FALSE	FALSE
WP_003040172	-0.173245535145043	-0.130331330210406	-1.7229629627977	-1.17616806699543	0.383736478334138	0.623513987293523	FALSE	FALSE
WP_003027204	-0.266279353893862	-0.395187054496892	-1.71463990854614	-2.05747001253782	0.38481448180943	0.380971589745298	FALSE	FALSE
WP_003033484	-0.187567239402158	-0.283919667690594	-1.71266667971903	-1.57550562917578	0.38481448180943	0.510898352434563	FALSE	FALSE
WP_003033129	-0.259708616818743	-0.186202247679432	-1.71220017512148	-1.33115609321578	0.38481448180943	0.58227937420391	FALSE	FALSE
WP_003041536	0.176456109233416	0.223807077953036	1.71101021025231	1.99207044792256	0.38481448180943	0.393768923524125	FALSE	FALSE
WP_003039159	-0.449948378644399	-0.454663998122092	-1.70799685000597	-2.61644278808519	0.38481448180943	0.305166329269001	FALSE	FALSE
WP_003018337	0.166192425059761	-0.00827100658936676	1.70651893927969	-0.0795142138130897	0.385766834508569	0.968348417092843	FALSE	FALSE
WP_011733727	0.304611745217993	0.213498327666306	1.71123182929099	1.00793134855236	0.385766834508569	0.683884692493491	FALSE	FALSE
WP_011733635	-1.1389890090755	-2.84971461766949	-1.72650983929472	-1.80721723185158	0.387396017473474	0.465184447982297	FALSE	FALSE
WP_003033374	-0.151309177670804	-0.13815083251769	-1.68650986584603	-0.927358583838234	0.392021471327882	0.70321089202286	FALSE	FALSE
WP_003038961	-0.142889594651521	-0.13006660466448	-1.68585944657507	-1.13339867074435	0.392021471327882	0.634591556768441	FALSE	FALSE
WP_003040233	0.16644809550277	0.0502818783332911	1.7071079356843	0.36739543151335	0.392541518283407	0.884709918066712	FALSE	FALSE
WP_003038516	0.66803940590073	0.487246738995225	1.72492813003677	3.18586474502002	0.392541518283407	0.24333884772877	FALSE	FALSE
WP_003038479	0.234436312556065	0.0492878733480695	1.71038609157825	0.267649847390548	0.392541518283407	0.91693591097378	FALSE	FALSE
WP_003021600	-0.370277817091198	-0.203375050152199	-1.67368410386951	-1.04757940237825	0.392541518283407	0.678980488115183	FALSE	FALSE
WP_003040469	0.225379854643976	0.176850730247216	1.67300660198972	0.201856798801534	0.392541518283407	0.936873418877766	FALSE	FALSE
WP_003021745	-0.220947885324794	-0.352198841901152	-1.67147152413927	-2.06823771851948	0.392541518283407	0.37843062758522	FALSE	FALSE
WP_011733668	-0.589788236344239	-0.258523511276308	-1.65164453069559	-0.635634522686688	0.400328815198502	0.808776889664603	FALSE	FALSE
WP_003039122	-0.269384962903879	-0.641249518437105	-1.69746005065654	-2.35246688723219	0.400328815198502	0.358496688920098	FALSE	FALSE
WP_003039983	0.279246993408683	0.401111762080061	1.64827664421976	0.994626510826476	0.400328815198502	0.685659782478679	FALSE	FALSE
WP_003040711	0.22579605292698	0.108027942860406	1.6534837347555	0.608923986190675	0.400328815198502	0.820839591743229	FALSE	FALSE
WP_011733659	0.294418585912983	-0.140278987813027	1.64820282720918	-0.392864796531907	0.402887765741577	0.876103708883256	FALSE	FALSE
WP_003034258	0.199195719289695	-0.0158728012375099	1.63066895716309	-0.119798356803897	0.407317307577296	0.961641638051192	FALSE	FALSE
WP_003038864	0.352870801177934	0.369460976648651	1.63277875671363	1.22903329145162	0.407317307577296	0.60329409624511	FALSE	FALSE
WP_003035141	-0.156547974169415	-0.210902333222267	-1.61892156420004	-1.27459898254733	0.412535361102382	0.598253599935292	FALSE	FALSE
WP_003033493	-0.271849100315235	-0.066987018833482	-1.61561818250772	-0.239799981767077	0.413022768645672	0.921632842972296	FALSE	FALSE
WP_003040134	0.166218605384747	0.320281609104091	1.64978488955152	2.30576491332133	0.413022768645672	0.328610001748991	FALSE	FALSE
WP_003019812	0.17130251282871	0.181489143491313	1.64849604913917	1.29456247736043	0.413022768645672	0.58836638814103	FALSE	FALSE
WP_003036556	-1.76872065129808	-0.21836360565142	-1.61562541941091	-0.599663400561062	0.413022768645672	0.826415191700802	FALSE	FALSE
WP_003041209	0.333360060917179	0.297606980512534	1.61229447082871	1.26537142807669	0.413022768645672	0.598253599935292	FALSE	FALSE
WP_003040839	0.325901551586611	-1.4147420453717	1.60752120395867	-2.05236206918288	0.413022768645672	0.394406849007444	FALSE	FALSE
WP_003038650	0.164206289487039	0.0518285879231001	1.60350623142338	0.392974571371218	0.413942770492479	0.876103708883256	FALSE	FALSE
WP_003040775	0.194979096607899	0.116757603939298	1.59305915787183	0.646732556850398	0.419000569130044	0.807211750777231	FALSE	FALSE
WP_003038767	-0.186172743710173	-0.169375586835156	-1.65660589854873	-1.35448604397651	0.420471129238299	0.576044161381132	FALSE	FALSE
WP_003041582	-0.193073285752541	-0.219879356736406	-1.64634389720448	-1.215749227076	0.420471129238299	0.607729177804778	FALSE	FALSE
WP_011733726	0.225822151787894	0.197190387301564	1.58571714458445	1.20145964013371	0.420471129238299	0.623208785780324	FALSE	FALSE
WP_003034620	0.335600066211232	0.00231680829868118	1.5892133419145	0.0131654622373533	0.420676557498617	0.991910615198195	FALSE	FALSE
WP_003038592	-0.241655012315986	-0.317502528447738	-1.5863982296829	-2.52880919199515	0.424754438376388	0.30481145861351	FALSE	FALSE
WP_003034440	-0.312134478766706	-0.17924284153548	-1.57356554888267	-0.973261735037196	0.424754438376388	0.697197230054363	FALSE	FALSE
WP_003039000	-0.222163517261257	-0.0869606761809346	-1.58803688932271	-0.521721721144874	0.425874278824331	0.850554306340079	FALSE	FALSE
WP_003038926	0.495347260347931	0.376023265884435	1.61430285858122	1.52092210567098	0.428435222974669	0.520969574947979	FALSE	FALSE
WP_003041240	0.147004165689078	0.0762482620160675	1.58778791516588	0.560782002943618	0.428435222974669	0.839618739919425	FALSE	FALSE
WP_003040388	0.160610574066465	0.0414483794244422	1.57201151049303	0.356398945256219	0.428435222974669	0.887819576531984	FALSE	FALSE
WP_003016773	-0.147130243878985	-0.269278957403546	-1.55939410799183	-1.84853141956994	0.428435222974669	0.424736267425366	FALSE	FALSE
WP_003038275	-0.624614532091816	-0.191771312103599	-1.55746379154697	-0.288723512825397	0.428649273496973	0.91693591097378	FALSE	FALSE
WP_003040474	0.763332671321111	0.353752508133359	1.56090149769042	0.860143276009997	0.431199436040033	0.714111227817829	FALSE	FALSE
WP_003040969	0.196889879577003	0.220062457486119	1.57656242299481	1.08570055887535	0.435712224895103	0.656136290595135	FALSE	FALSE
WP_003039888	-0.144427667094098	-0.223606847436455	-1.54169759947923	-1.37229113334924	0.435712224895103	0.567469975459196	FALSE	FALSE
WP_003018671	-0.271771238741841	-0.0156170797805227	-1.55998018421798	-0.0661177982798962	0.435712224895103	0.969015341118656	FALSE	FALSE
WP_003033415	0.301628160312699	-0.00950136769432773	1.53354513968246	-0.0694983005194951	0.435791000050718	0.968348417092843	FALSE	FALSE
WP_003038450	0.168512071031401	0.256296826218711	1.55416746667844	1.32181445915541	0.435791000050718	0.582878086916881	FALSE	FALSE
WP_003038726	-0.418531994909897	-0.331506336424393	-1.53797494986619	-0.681610907785909	0.441111667481113	0.785840377323471	FALSE	FALSE
WP_003039354	0.181553966058374	0.169819775293501	1.51914800906812	1.46965853373893	0.444040416810902	0.535527872375021	FALSE	FALSE
WP_003016126	-0.156270864961521	-0.19717975101927	-1.51387132120803	-1.64756288484751	0.444040416810902	0.47103475446692	FALSE	FALSE
WP_003038572	-0.144786227924106	-0.0859638730466289	-1.51133545829244	-0.504069561638914	0.444040416810902	0.851231302126894	FALSE	FALSE
WP_003038273	-0.195926666696469	0.059579712616007	-1.50980517490287	0.374707849049911	0.444040416810902	0.884485919957479	FALSE	FALSE
WP_003019684	-0.162680729759635	-0.178317401236905	-1.53645607710797	-1.42956710480916	0.444040416810902	0.550803925089079	FALSE	FALSE
WP_003039694	-0.242024982666332	-0.0898747126168654	-1.55247653348834	-0.59682626406149	0.444040416810902	0.826415191700802	FALSE	FALSE
WP_003038551	0.21346028564917	0.169282234115533	1.50439755570149	0.92933983891195	0.444040416810902	0.706198007754912	FALSE	FALSE
WP_003040943	0.227565575837412	-0.0614864176276251	1.50410612114462	-0.234047017899818	0.444040416810902	0.921698047411471	FALSE	FALSE
WP_003040058	-0.548123437492814	-0.573650089853456	-1.5039623481326	-2.64300583038874	0.444040416810902	0.30481145861351	FALSE	FALSE
WP_003020229	0.172456121347744	-0.0158592792029945	1.5005076909379	-0.113639661598733	0.445218159985212	0.961641638051192	FALSE	FALSE
WP_003040148	0.208452117275054	0.234146403805097	1.49679010592086	1.87555187261627	0.446560188841421	0.415620026397339	FALSE	FALSE
WP_003039424	-0.174194604889157	-0.187469619923364	-1.49193172127753	-1.53703080387237	0.448603747131147	0.520969574947979	FALSE	FALSE
WP_003033759	-0.373473705347433	-0.173098424434267	-1.49875661696424	-0.910262454637546	0.449618705227157	0.706198007754912	FALSE	FALSE
WP_003038268	0.238897219615407	0.291577726986146	1.47895551268014	1.75961742595898	0.453806132086753	0.445468926802573	FALSE	FALSE
WP_003040297	-0.275179872537331	-0.308191876246411	-1.48709024914013	-1.95518826431284	0.454429109020031	0.404300586697977	FALSE	FALSE
WP_003040622	-0.147968083807056	-0.069038752372865	-1.48087608871193	-0.524681351615102	0.454429109020031	0.850554306340079	FALSE	FALSE
WP_003038744	0.187405567673905	0.193295380043952	1.48263532182339	0.995757059600445	0.454429109020031	0.683884692493491	FALSE	FALSE
WP_003039136	-0.195192541153941	-0.243982581916282	-1.46123843399221	-2.11477960084308	0.460177970681838	0.375250057147767	FALSE	FALSE
WP_003014877	0.311374166026769	0.451340235338528	1.45241710020919	1.71178446169467	0.463816385912802	0.487164101231142	FALSE	FALSE
WP_003040395	0.532876464177279	0.365390500838228	1.45183666606719	1.50558787266664	0.463816385912802	0.520969574947979	FALSE	FALSE
WP_003038515	0.183630255212716	0.230958062038116	1.44679648819049	0.672937959424033	0.46503635592016	0.78969039158945	FALSE	FALSE
WP_003041095	-0.293332706494192	0.0110688422476066	-1.44397091206321	0.0523265362570004	0.46503635592016	0.971854988728178	FALSE	FALSE
WP_003025408	-0.24108888472219	-0.2772684987779	-1.44316401409213	-2.12532802892198	0.46503635592016	0.375357880854962	FALSE	FALSE
WP_003032778	0.263330281824721	1.23757677375324	1.4401603960562	1.9914448375546	0.465138115523378	0.409941688893946	FALSE	FALSE
WP_003017431	0.149653089350413	-0.0662662128000685	1.44782982713698	-0.2865283605877	0.465138115523378	0.91693591097378	FALSE	FALSE
WP_003026382	0.268753894671952	0.254241487566691	1.43760771705402	1.33398089698293	0.465772117840672	0.580893439470435	FALSE	FALSE
WP_003040816	-0.156931981208038	-0.110930763110044	-1.43595141365018	-0.931646240625274	0.467784486206669	0.70321089202286	FALSE	FALSE
WP_003033944	-0.266059621723006	-0.42701351272538	-1.43005673565736	-3.50424344137968	0.467784486206669	0.226700031583997	FALSE	FALSE
WP_003016111	-0.142977007490376	-0.265635712113344	-1.43249092041588	-2.32549939354829	0.468276629296923	0.325904400078319	FALSE	FALSE
WP_003038679	-0.231464022232481	-0.285629991324763	-1.42545739392071	-2.61265728466766	0.468475268278714	0.302113398152093	FALSE	FALSE
WP_003014123	-0.219417390455958	0.0118250318161972	-1.42462210209561	0.0539891645749427	0.468475268278714	0.971624670822003	FALSE	FALSE
WP_003039948	-0.244642386293386	0.123428265881091	-1.42483487342991	0.794224367057816	0.469049956732596	0.744581461452759	FALSE	FALSE
WP_003038655	0.225315144628603	0.250362921529328	1.4169352508775	1.66072277286377	0.471735437663268	0.468473605456245	FALSE	FALSE
WP_003041577	-0.187391791678065	-0.067697032409488	-1.41598257009195	-0.268440177820418	0.473379398344791	0.91693591097378	FALSE	FALSE
WP_003034818	-0.921875354828501	-0.271622003365518	-1.40938125804118	-0.593413728191032	0.473902110984547	0.826415191700802	FALSE	FALSE
WP_003039002	0.159362171659482	-0.0627585556544402	1.4074750872111	-0.422337670601612	0.473902110984547	0.875840636535374	FALSE	FALSE
WP_003040064	-0.219033378642692	-0.243927452385986	-1.40400355170446	-1.39023023602437	0.475210172865621	0.561169895157135	FALSE	FALSE
WP_003021830	-0.16186968482299	-0.308280057009105	-1.40096342557034	-1.78700487908967	0.477269149783706	0.437267923675933	FALSE	FALSE
WP_003035267	-0.194566223126471	-0.22583256114634	-1.42931849565793	-1.49401063769769	0.478669605157867	0.535527872375021	FALSE	FALSE
WP_003022662	-0.662043759023152	-0.180606772439398	-1.40111591559643	-1.14507608604163	0.479081009313201	0.630958624821427	FALSE	FALSE
WP_003039676	0.162105943187556	0.0763672637303082	1.39296735989669	0.54459394949587	0.480867862654336	0.847068345345204	FALSE	FALSE
WP_003038527	-0.117342944417708	-0.0382643768389099	-1.39236543278942	-0.281077231023457	0.480867862654336	0.91693591097378	FALSE	FALSE
WP_003039076	-0.214623278064769	-0.0868713860519521	-1.38487642957827	-0.479433166225982	0.481708373585281	0.861496645413659	FALSE	FALSE
WP_011733664	-0.229620135677048	0.0384130067433417	-1.38398479621562	0.133573728783983	0.481708373585281	0.957002222990723	FALSE	FALSE
WP_003016007	-0.204729495470447	0.148522310009653	-1.38046192207292	0.891075664721562	0.482164253737589	0.707302881680401	FALSE	FALSE
WP_003032698	-0.261506647209805	-0.361012381818583	-1.37408189636271	-2.25534354006617	0.483297750882751	0.345003157513999	FALSE	FALSE
WP_003018613	-0.130793281540409	-0.138276486714274	-1.37380958140387	-1.32135293966699	0.483297750882751	0.58227937420391	FALSE	FALSE
WP_003040607	-0.143835228548591	-0.0408401792146143	-1.37345007848457	-0.161449098596002	0.483297750882751	0.952334049765466	FALSE	FALSE
WP_003038526	0.172551326554203	0.160548439749894	1.41065829274637	1.28837322484441	0.483297750882751	0.590451168442455	FALSE	FALSE
WP_003038501	0.131612301477629	0.133754613683167	1.38464266097099	1.26857230419693	0.483297750882751	0.596012591166589	FALSE	FALSE
WP_003041168	-0.166044431338012	-0.299257511941525	-1.36841198737474	-2.46609929735163	0.484772688489193	0.30481145861351	FALSE	FALSE
WP_003041244	0.146499179293751	0.0952502268373984	1.39816286724275	0.821300029489667	0.484772688489193	0.732337105259869	FALSE	FALSE
WP_003019788	0.154795267936791	0.0898647358460585	1.36330643941253	0.728153032240217	0.484772688489193	0.771582580998612	FALSE	FALSE
WP_003025316	0.197090741035516	0.265857661143558	1.37975943633076	1.42430835533192	0.484772688489193	0.573737355897668	FALSE	FALSE
WP_003038714	-0.149172589468284	-0.142721611613456	-1.36851232934979	-0.863829767751758	0.485358489355167	0.714111227817829	FALSE	FALSE
WP_003017606	0.222327655691135	0.0630856421877757	1.36001769241225	0.446523515930971	0.48546860598395	0.873545496095361	FALSE	FALSE
WP_003018791	0.137206688216585	-0.137891041738767	1.355600194144	-0.827972482258089	0.48656027222842	0.731975737644736	FALSE	FALSE
WP_003017470	0.205258767459068	0.22152448988669	1.37751251448151	1.52051900769993	0.486570191733999	0.520089578820159	FALSE	FALSE
WP_003038729	0.26376067219052	0.195543569943272	1.34924045473454	0.725843094986458	0.487308816450105	0.771582580998612	FALSE	FALSE
WP_003040990	0.158164394833008	0.136879060291595	1.34923153042809	1.26884685510974	0.487308816450105	0.596012591166589	FALSE	FALSE
WP_003027191	-0.262942873830211	-0.440668995533326	-1.34438677520407	-2.11498296027747	0.488510111476553	0.371742643152831	FALSE	FALSE
WP_003038941	0.159886059441181	0.139529086479718	1.36462082537146	0.924694292153347	0.495260303346005	0.70321089202286	FALSE	FALSE
WP_003041015	0.252766892915188	0.172269934942775	1.33004200403563	1.00947079449843	0.495260303346005	0.683227556859786	FALSE	FALSE
WP_003032608	-0.393215803838757	-0.136411147071043	-1.32740372793159	-0.459147930426135	0.495907354957212	0.869874207960623	FALSE	FALSE
WP_003040481	0.114467789265164	0.0577272187985398	1.32491085756161	0.482833141705099	0.495907354957212	0.858483335557274	FALSE	FALSE
WP_003038558	-0.344578247796816	-0.33853228074025	-1.32467348246588	-0.994074979982167	0.495907354957212	0.683884692493491	FALSE	FALSE
WP_003038445	-0.283857288581177	-0.244941600762345	-1.32817655397207	-1.94251785784068	0.495907354957212	0.409941688893946	FALSE	FALSE
WP_003022051	-0.175531394633549	-0.131615722755836	-1.32467915972062	-0.710466775538888	0.495907354957212	0.773146367745346	FALSE	FALSE
WP_003032557	0.241580838970562	0.145505591424523	1.31811958351176	0.88257353348238	0.495907354957212	0.710194299535072	FALSE	FALSE
WP_003032781	-0.169869466053385	-0.202279590896665	-1.31710464163365	-1.37437500435169	0.495907354957212	0.571229034957532	FALSE	FALSE
WP_003040818	-0.350410328895659	-0.427262948095187	-1.32402165525779	-3.22653291091525	0.495907354957212	0.24333884772877	FALSE	FALSE
WP_003019697	-0.398800366382414	-0.0798742268689279	-1.33215316240394	-0.294257037538538	0.495907354957212	0.915422802505638	FALSE	FALSE
WP_011733708	-0.123024660903881	-0.136545224938803	-1.30275931117844	-0.741345016420216	0.501956321961539	0.770653467554954	FALSE	FALSE
WP_003041263	0.137877142545947	0.0895785750794206	1.3005323840124	0.562022261885181	0.50383697723197	0.83868623753541	FALSE	FALSE
WP_003019565	-0.301324288160082	-0.440618884692594	-1.30896179726645	-1.69290119741324	0.50383697723197	0.469614163606129	FALSE	FALSE
WP_003039752	0.147859264240276	-0.0937093848614227	1.29433260975645	-0.442387044802901	0.50383697723197	0.873635271131623	FALSE	FALSE
WP_003038261	-0.177369609100149	-0.562279636156812	-1.28418902867678	-2.14140267692072	0.51195196628705	0.367186512933344	FALSE	FALSE
WP_003034563	0.16547809320742	0.26034709542572	1.2753004007716	1.3826506853793	0.513456509296612	0.565260749365407	FALSE	FALSE
WP_003040011	0.160009730052013	-0.0469402848763173	1.29593590179992	-0.365628428417223	0.513456509296612	0.884709918066712	FALSE	FALSE
WP_003034557	-0.127749250106277	-0.283813243097058	-1.26763471146109	-1.45093090180158	0.51592736621851	0.5433146552906	FALSE	FALSE
WP_003025263	0.207229124504852	0.149907505983855	1.26721767802098	0.781577034132369	0.51592736621851	0.745135280285974	FALSE	FALSE
WP_003021612	-0.11383923011838	-0.500963575364614	-1.2609861453545	-2.98414871794741	0.522801950740619	0.264407418224974	FALSE	FALSE
WP_003041590	0.149581327868812	-0.0434384909852096	1.24884766023146	-0.257016853512429	0.523809619920788	0.919176369595702	FALSE	FALSE
WP_003039734	0.147440788556467	-0.0572929085735752	1.25683026859289	-0.371731976966091	0.523809619920788	0.884678020189762	FALSE	FALSE
WP_003040892	-0.159756224055958	-0.0122492842210797	-1.24603946909074	-0.114106099085921	0.524184084987081	0.961641638051192	FALSE	FALSE
WP_003017693	-0.197034428384059	-0.300405124460962	-1.23796918328318	-1.94799798507333	0.52638248994505	0.404957497513882	FALSE	FALSE
WP_003040258	0.111816501919392	-0.0110192064954854	1.23678322165592	-0.0464533579170295	0.52638248994505	0.973264498883339	FALSE	FALSE
WP_003038477	0.215241597887554	0.188499994584315	1.23531769759259	1.17101153499956	0.52638248994505	0.629708903852802	FALSE	FALSE
WP_011733667	-0.207367205637251	-0.0261418195291197	-1.23512330740473	-0.157099614094583	0.52638248994505	0.952334049765466	FALSE	FALSE
WP_003041134	-0.453243673564908	-0.55617248633292	-1.24772700108391	-2.22404426459583	0.52638248994505	0.380927325428225	FALSE	FALSE
WP_003035692	0.172615100437162	0.00968019754409873	1.23220210859931	0.0405877125855816	0.529472975844374	0.977021495258594	FALSE	FALSE
WP_003040691	0.186240370846438	-0.137344113997125	1.24265922692854	-0.551428154965417	0.530044832647639	0.847796241214291	FALSE	FALSE
WP_003038974	1.5257348927289	0.108901956610664	1.21959163648564	0.0726736506263227	0.534877366776352	0.968348417092843	FALSE	FALSE
WP_003041079	-0.18832820298809	-0.170333699366216	-1.2164526874806	-0.697635199034665	0.534877366776352	0.782270935082577	FALSE	FALSE
WP_003039710	0.270316635084075	0.0269646761048001	1.22027675139832	0.159055532039461	0.535023730776569	0.952334049765466	FALSE	FALSE
WP_011733623	0.148380383946544	0.0263142765104948	1.24862496205731	0.205534265308241	0.535575458497476	0.936873418877766	FALSE	FALSE
WP_003039282	-0.288886642084544	-0.145960957115858	-1.21119444980987	-0.680764613856708	0.535866134404152	0.78969039158945	FALSE	FALSE
WP_003038471	0.154006444633157	-1.35117450459509	1.20613853744932	-2.61509047699716	0.538525675020969	0.305166329269001	FALSE	FALSE
WP_003040482	-0.109423981363513	-0.0575732064260489	-1.20316459313943	-0.508582646110195	0.54114426372005	0.851231302126894	FALSE	FALSE
WP_003038808	0.298349493500122	-0.0680210907620692	1.19478429773865	-0.505493636372997	0.54114426372005	0.851231302126894	FALSE	FALSE
WP_003040366	0.126438971962824	0.155022010949651	1.19068082377482	1.16632946219777	0.543153417246232	0.623513987293523	FALSE	FALSE
WP_003035085	-0.156513994263644	-0.189790320782327	-1.18743928255236	-1.37946065713136	0.544555883624103	0.576044161381132	FALSE	FALSE
WP_003033387	-0.104093460037933	-0.157225044029986	-1.18455781067223	-0.992324238913601	0.545705488487834	0.684907395957128	FALSE	FALSE
WP_003037711	-0.129732214563989	-0.174810113979373	-1.18064344927921	-1.42784887880152	0.547856093081078	0.550803925089079	FALSE	FALSE
WP_003041040	0.121939121359469	-0.109287983949754	1.16832233362311	-0.823363542455977	0.55359849142048	0.733759196039834	FALSE	FALSE
WP_003014682	0.415269608083465	-0.199573418534577	1.17995665289985	-0.788381589980158	0.55359849142048	0.745135280285974	FALSE	FALSE
WP_003040974	0.215674863388073	-0.347242041702614	1.16400033000377	-1.02342124026792	0.554990501669319	0.6800856339869	FALSE	FALSE
WP_003034389	1.21642813532149	0.243508931576272	1.16665449210673	0.92078533286209	0.554990501669319	0.70321089202286	FALSE	FALSE
WP_003038884	0.271700248950646	0.0228565596050457	1.17134312216066	0.0873417187794498	0.554990501669319	0.967255688472578	FALSE	FALSE
WP_003032780	-0.199017845434551	-0.170894587362399	-1.1540106733899	-0.699581456516262	0.557704368911733	0.779129597366525	FALSE	FALSE
WP_003040522	0.238095486922656	0.177819394014936	1.17765731684744	0.730643991462029	0.560730237202099	0.771582580998612	FALSE	FALSE
WP_003017136	0.132566416871406	-0.054338996196423	1.15193011183417	-0.232755637991314	0.561074688258698	0.922642960036741	FALSE	FALSE
WP_003017341	-0.133396130960297	-0.0603469231813404	-1.14810085111631	-0.382336749326303	0.561074688258698	0.87924712544612	FALSE	FALSE
WP_003040747	0.27473488595549	-0.00721346840986209	1.16855340836697	-0.0339890955019733	0.563353702803774	0.980324926007531	FALSE	FALSE
WP_011733699	0.315131334066723	0.922224125653729	1.13814559683613	1.7534464137956	0.564745062918626	0.452097866961133	FALSE	FALSE
WP_003040471	-0.114348868106052	-0.124861544864333	-1.1340936110993	-0.718128024640809	0.566058868069175	0.772780297749954	FALSE	FALSE
WP_003034965	-0.162015916294426	-0.235250644717472	-1.15650197558595	-1.43952694599278	0.566058868069175	0.558574891872412	FALSE	FALSE
WP_003038530	0.149169260134956	0.22744766054754	1.13256923368404	1.61610300105014	0.566058868069175	0.488264420325285	FALSE	FALSE
WP_003039488	0.144826317950418	-0.375860165592333	1.13603330591353	-0.693745767234767	0.568848860347187	0.782270935082577	FALSE	FALSE
WP_003041562	0.120828990958722	-0.070622824652017	1.12504563488425	-0.478856553185136	0.569759686988098	0.860890745161813	FALSE	FALSE
WP_003025459	-0.121351689641726	-0.233767457313915	-1.12227592366526	-1.93291376108081	0.570887257156297	0.409941688893946	FALSE	FALSE
WP_003035107	0.133538429147441	0.168645482430065	1.14578912590272	1.23952241624173	0.571970251951083	0.60329409624511	FALSE	FALSE
WP_003014352	-0.140811220873126	-0.383725940830795	-1.11610338892334	-2.88934508054349	0.571970251951083	0.285218852250843	FALSE	FALSE
WP_003038567	-0.129305579822768	0.00643967538899571	-1.11587149224495	0.0379980387502793	0.571970251951083	0.977999855932024	FALSE	FALSE
WP_011733590	-0.221157829263811	-0.318241258366026	-1.12878316092728	-1.46252798592172	0.572792290893407	0.560659477333099	FALSE	FALSE
WP_003038519	-0.167430650251469	0.0310786942762162	-1.11196404894855	0.0590562534026035	0.572793104061441	0.970679182322664	FALSE	FALSE
WP_003034347	-0.133929196943598	-0.113269587600829	-1.1074138430501	-0.875095877102679	0.572819936746635	0.710194299535072	FALSE	FALSE
WP_003040916	-0.14960759446068	-0.0524472348049821	-1.10492653827961	-0.280646155868552	0.573753345306355	0.91693591097378	FALSE	FALSE
WP_003041366	0.458225201350189	0.249789827562647	1.10204691452129	0.755499150483362	0.574870620820334	0.761013915014177	FALSE	FALSE
WP_003039802	-0.133801142129269	-0.172994894767554	-1.12468345862914	-1.4820098623012	0.574870620820334	0.533465435727584	FALSE	FALSE
WP_011733599	0.159977476773191	0.0569689913816293	1.09884625667901	0.399215206703029	0.574870620820334	0.876103708883256	FALSE	FALSE
WP_003016296	-0.212980907245718	0.0370697963577898	-1.09836146178603	0.165428451542274	0.574870620820334	0.952334049765466	FALSE	FALSE
WP_003036989	-0.181160317877057	-0.268993004827393	-1.09728168502084	-1.57749324807289	0.574870620820334	0.500364746504916	FALSE	FALSE
WP_011733574	-0.131458573806466	-0.105617545214995	-1.09780960646745	-0.651727606123694	0.575071594608236	0.802094809688195	FALSE	FALSE
WP_003035125	0.10420604453327	0.103514856485359	1.09325798157449	0.765447186046429	0.576052764468754	0.757015318635408	FALSE	FALSE
WP_003039338	0.146155660344073	0.102882550401168	1.12714150328319	0.544078153936979	0.576175965474278	0.847068345345204	FALSE	FALSE
WP_003033478	0.113320302017562	-0.0354950960645728	1.09194520501679	-0.293287284967748	0.577845692475011	0.915422802505638	FALSE	FALSE
WP_011733584	-0.222159184602634	-0.412313134958591	-1.07754595341302	-1.29274495306275	0.584262650254425	0.592380614217194	FALSE	FALSE
WP_003035700	-0.185000461246764	-0.0480937049227514	-1.07561981226463	-0.217070286078771	0.584262650254425	0.931222690704699	FALSE	FALSE
WP_003038537	0.168142770779658	0.1031095808831	1.09113393280343	0.639452282575879	0.584262650254425	0.808776889664603	FALSE	FALSE
WP_003038597	0.106763679143112	-0.612527587817178	1.07258933542637	-3.23939817456617	0.585132169962407	0.251178527343942	FALSE	FALSE
WP_003019758	-0.167589817641299	-0.282620365884258	-1.07096031355759	-1.39001459373482	0.585325133799296	0.564672851765131	FALSE	FALSE
WP_003035924	-0.196474547105622	-0.463494754281984	-1.07730140419958	-2.7775383425217	0.585325133799296	0.288010232216584	FALSE	FALSE
WP_011733643	-0.211707529336834	-0.625109118105616	-1.07061087681789	-1.94829676949308	0.585325133799296	0.404957497513882	FALSE	FALSE
WP_003039129	0.0978718570091562	0.0538704736307812	1.07269787070382	0.397210817511521	0.585583057966725	0.876103708883256	FALSE	FALSE
WP_003040510	-0.100071581874309	-0.147829970913249	-1.06263656889459	-1.09522848210416	0.585583057966725	0.656136290595135	FALSE	FALSE
WP_011733645	-0.239713120474575	0.20557455655704	-1.06447210924145	1.26374085028148	0.585583057966725	0.60329409624511	FALSE	FALSE
WP_003040306	0.163655809592892	0.360879394683939	1.06154433771399	2.00081995239522	0.585583057966725	0.393768923524125	FALSE	FALSE
WP_003037755	0.09632822194247	0.057482433026721	1.06595185247276	0.45392347942142	0.585583057966725	0.869874207960623	FALSE	FALSE
WP_003034373	-0.10606093399809	-0.0289474584876265	-1.06829577659423	-0.114604673856841	0.585583057966725	0.961641638051192	FALSE	FALSE
WP_003023263	0.243997961613778	0.303915178386084	1.0533937273279	1.53177646920081	0.59673455676586	0.514110260398298	FALSE	FALSE
WP_011733557	-0.0999155351254466	-0.354701607790397	-1.04399492105873	-2.49067670826383	0.59673455676586	0.308402436824747	FALSE	FALSE
WP_003040927	-1.14169342812418	0.200514215131168	-1.04277267729956	0.551907314385843	0.596759521503673	0.84684418216767	FALSE	FALSE
WP_003032819	0.236993109447723	0.137011530740492	1.0421788141936	0.539258938076194	0.596882725188235	0.850554306340079	FALSE	FALSE
WP_003040513	0.552279388845421	-0.155758596485381	1.04023555396627	-0.164364473127312	0.596882725188235	0.952334049765466	FALSE	FALSE
WP_003039079	-0.092888304903094	-0.224374043731179	-1.04362628596156	-1.66339448633571	0.599652385968087	0.468344072257358	FALSE	FALSE
WP_003016899	-0.144660181593509	-0.237715122431006	-1.03350096661003	-1.26545539742115	0.600188573170228	0.598253599935292	FALSE	FALSE
WP_003018506	-0.188602024734469	-0.545357503414254	-1.02394739148013	-3.04536222025472	0.605773979252934	0.26616702407097	FALSE	FALSE
WP_003040767	0.139305153620728	-0.010945771874676	1.0237987444127	-0.0861056328914764	0.605773979252934	0.967255688472578	FALSE	FALSE
WP_003036474	0.157613825980517	0.0883927979529566	1.02049151272049	0.411711496312159	0.607398745642304	0.875840636535374	FALSE	FALSE
WP_003018004	-0.883359055082236	-0.807056368765586	-1.01868148556379	-1.2320323426053	0.612342248750256	0.603355364728541	FALSE	FALSE
WP_003039707	-0.239385042302438	-0.25196555371449	-1.01906037652168	-2.39047982204548	0.612342248750256	0.308402436824747	FALSE	FALSE
WP_003035087	-0.238571690188501	-0.651156635265865	-1.00572651810139	-2.01434208842987	0.612342248750256	0.390123372034824	FALSE	FALSE
WP_003036417	0.340129604563907	0.413915932117007	0.999992209931046	1.22393785094636	0.612342248750256	0.603355364728541	FALSE	FALSE
WP_003038723	0.303057866770367	0.189651282774746	0.998152802935741	0.856615722260506	0.612342248750256	0.714111227817829	FALSE	FALSE
WP_003040737	-0.117121454957713	-0.0826552562871477	-0.997985389066088	-0.350161787800042	0.612342248750256	0.888540146832245	FALSE	FALSE
WP_003025777	-0.220951989778379	-0.0633336638700118	-0.995854346239004	-0.342055376831158	0.612342248750256	0.892190513347974	FALSE	FALSE
WP_003041384	0.514192486304906	0.390319251038444	0.998886442344675	1.33386843934802	0.612342248750256	0.581787666754458	FALSE	FALSE
WP_003039815	0.105251246002325	0.228162268813593	0.999336035198341	0.88996790780431	0.613365998947393	0.710194299535072	FALSE	FALSE
WP_003017997	-0.139404612997564	0.177077584302401	-0.991129726080178	1.25143588240771	0.614822835740751	0.601172842796321	FALSE	FALSE
WP_003038742	-0.122086247152451	-0.0410660978788372	-0.989253722449494	-0.352493647119642	0.619854788085673	0.888540146832245	FALSE	FALSE
WP_003038998	0.40724851836921	-0.211507567537486	0.977582474936401	-0.75515622969368	0.622298366496434	0.768800121515083	FALSE	FALSE
WP_003036658	0.11419146161376	0.213040008352748	0.973970656282008	0.792191057950257	0.622298366496434	0.745135280285974	FALSE	FALSE
WP_003018795	0.204699019254921	0.194547044380141	0.973934884961843	1.46715009621254	0.622298366496434	0.535527872375021	FALSE	FALSE
WP_003038473	0.0989325591920026	0.0430374460380394	0.978420683371969	0.195643974571742	0.622298366496434	0.937823028834831	FALSE	FALSE
WP_011733650	-0.38499583788364	-0.533268702908614	-0.972109658968794	-2.04921537063037	0.622870054674639	0.383379529623703	FALSE	FALSE
WP_003040724	0.113350786375209	0.0736004254403807	0.970043760677036	0.518027770983181	0.623843573910095	0.850554306340079	FALSE	FALSE
WP_003040169	-0.0924849169665799	-0.368845998085119	-0.97938810384482	-3.21093012077822	0.624436024857075	0.24333884772877	FALSE	FALSE
WP_003038923	-0.189159674863637	0.162698701333894	-0.964149536628568	0.356552492607038	0.624780177513674	0.887819576531984	FALSE	FALSE
WP_003039791	-0.0788102695312101	-0.027045826149208	-0.964134163730163	-0.22279836194627	0.624780177513674	0.927917048080551	FALSE	FALSE
WP_003038603	-0.518706033435831	-0.108187652914398	-0.962023068677873	-0.309989311216345	0.625526714818981	0.907598886369653	FALSE	FALSE
WP_003033562	0.104615671779956	0.0819471572045059	0.957662654532745	0.709435910143757	0.627348227182084	0.773146367745346	FALSE	FALSE
WP_003038988	-0.20141395292289	-0.15073122219053	-0.957056407410049	-0.618498727715164	0.627348227182084	0.817009585330514	FALSE	FALSE
WP_003038325	-0.166038135058593	-0.0276795946225479	-0.954564726333555	-0.179397355853839	0.627348227182084	0.947653592282009	FALSE	FALSE
WP_003039965	-0.620356283802954	-1.20609308374551	-0.958969262428405	-2.48625045902835	0.627348227182084	0.307097526190984	FALSE	FALSE
WP_003028608	-0.117436325863904	-0.134880156457676	-0.967314700252539	-1.07816525124804	0.627348227182084	0.656136290595135	FALSE	FALSE
WP_003038976	-0.878729800042686	-1.5079055533164	-0.950382545339577	-3.2235477953907	0.62915019067722	0.250142566110075	FALSE	FALSE
WP_003015040	0.140731299989672	0.0297718567259564	0.938647495912527	0.156359809213166	0.636439798056768	0.952334049765466	FALSE	FALSE
WP_003033338	0.0957038771537658	0.140390236058902	0.937736449819225	0.981067566719728	0.636439798056768	0.687179102863048	FALSE	FALSE
WP_003033116	0.127838972092205	0.251667376913512	0.930088841368152	1.34442646951587	0.640659734881641	0.576044161381132	FALSE	FALSE
WP_003039507	0.134686991438888	-0.374978230144549	0.930260444645471	-2.72881723075408	0.641173990209419	0.300136817757462	FALSE	FALSE
WP_003034273	0.0917044075024609	-0.168890050121338	0.928846442129927	-1.2158996148173	0.641173990209419	0.607049840698554	FALSE	FALSE
WP_003021081	-0.29703994706868	-0.93881438389412	-0.927361890209295	-2.34220727350785	0.642825710180759	0.320581797546628	FALSE	FALSE
WP_003040830	0.184018200976925	0.110980313837582	0.922786395026068	0.694617215212925	0.642825710180759	0.782270935082577	FALSE	FALSE
WP_003021424	-0.174688672033861	-0.250100516048477	-0.914223358598873	-0.946262413370464	0.6499066522169	0.70321089202286	FALSE	FALSE
WP_003039968	0.472624092274968	0.398427568747765	0.920238864244867	1.7222576709578	0.650675311233618	0.468344072257358	FALSE	FALSE
WP_003037973	0.100722507194085	0.086302254939604	0.91715243031195	0.751026491035905	0.650675311233618	0.763270717185095	FALSE	FALSE
WP_003039149	1.03625449025702	0.409624273862194	0.910921719650036	0.927339419872604	0.650675311233618	0.70321089202286	FALSE	FALSE
WP_003037455	-0.07516351347903	-0.116860390914886	-0.899023937405633	-0.947473129932901	0.65267967314391	0.70321089202286	FALSE	FALSE
WP_003037810	0.115739134136831	-0.0398097724274302	0.910923643530504	-0.238467915256193	0.655105830792531	0.921632842972296	FALSE	FALSE
WP_011733644	0.124230530557577	0.148887919176668	0.888892867076579	0.918880933049462	0.658966861717939	0.70321089202286	FALSE	FALSE
WP_003037796	0.137509689232922	0.0305061942376202	0.885696451880332	0.207787301312198	0.659887259420502	0.936873418877766	FALSE	FALSE
WP_003037605	0.086169390906195	0.0686719828394642	0.883618915382209	0.510451397964473	0.659887259420502	0.851231302126894	FALSE	FALSE
WP_003040333	0.159072648579173	0.321963208062472	0.883234009388965	1.67243204746233	0.659887259420502	0.468344072257358	FALSE	FALSE
WP_003041123	0.0968829850769126	0.123706831155044	0.880715228618058	0.797810179680994	0.667257452071558	0.743129244180011	FALSE	FALSE
WP_011733725	0.168824248122744	0.416078074744089	0.869374972286646	1.85247924143172	0.668320126677714	0.452097866961133	FALSE	FALSE
WP_011733596	-0.0882016376450498	0.0762180793852439	-0.863529475482338	0.454675125910013	0.671138571987296	0.869874207960623	FALSE	FALSE
WP_011733607	0.190459383478964	-0.0417748351104378	0.864086425925937	-0.122727952778889	0.671138571987296	0.961641638051192	FALSE	FALSE
WP_003040900	-0.134385895645477	-0.181538355885351	-0.86912866588681	-1.02725616862805	0.671138571987296	0.680557066142696	FALSE	FALSE
WP_003022912	0.193093109677961	-0.0817329982177098	0.859624784674929	-0.343817722859634	0.67157720533151	0.893662787702916	FALSE	FALSE
WP_003039901	0.092721776231712	0.0565674723261888	0.861836063856838	0.261333058679529	0.67157720533151	0.919176369595702	FALSE	FALSE
WP_003038978	-0.0865277437495241	-0.155964648998479	-0.859957168085336	-0.726407975400862	0.67157720533151	0.771582580998612	FALSE	FALSE
WP_003024743	-0.184489595266181	-0.208367321464877	-0.862537814057928	-0.596864414659208	0.672241824866248	0.827096848591534	FALSE	FALSE
WP_003039788	-0.214600065845424	-0.100285071891671	-0.852603945080154	-0.394944297560627	0.672241824866248	0.876103708883256	FALSE	FALSE
WP_003038447	0.0980101191910836	0.039395253565075	0.854856842920866	0.277622768965437	0.672241824866248	0.91693591097378	FALSE	FALSE
WP_003021949	-0.109066634360964	0.164068890824549	-0.85006441069606	0.397339673048628	0.673067191124347	0.876103708883256	FALSE	FALSE
WP_003017665	0.132169260885693	0.0124248379812668	0.845865400183648	0.0760743498173754	0.67466295071603	0.968348417092843	FALSE	FALSE
WP_003021125	-0.23225705476006	0.0578335802873473	-0.845499909401594	0.235705536170905	0.674873149818711	0.921632842972296	FALSE	FALSE
WP_003040790	-0.382178937096744	0.347260112671857	-0.856244268762807	0.594740383006052	0.674873149818711	0.831359182359351	FALSE	FALSE
WP_003015169	-0.138480534021259	-0.205208517191188	-0.842166514804528	-1.18961756612499	0.674958813532476	0.623513987293523	FALSE	FALSE
WP_003016952	0.497016154338874	0.149224009927403	0.837513380907702	0.297031033820585	0.67592586001119	0.915422802505638	FALSE	FALSE
WP_011733627	0.198626013219893	0.493928746982882	0.836169128201782	2.59273036107955	0.67592586001119	0.304667340195915	FALSE	FALSE
WP_003034992	-0.214241912381038	-0.0844692679316282	-0.835144518327982	-0.559239150592894	0.67592586001119	0.840406979898143	FALSE	FALSE
WP_003025739	-0.0911049723557878	-0.16979616613118	-0.835987019493377	-1.14915227218543	0.67592586001119	0.629708903852802	FALSE	FALSE
WP_003018370	-0.102400744872049	-0.154927023313658	-0.838705191183708	-0.975634085725589	0.67592586001119	0.695915819424166	FALSE	FALSE
WP_003034837	0.118895636801687	0.278146149067463	0.842168748008114	1.28905110824948	0.67592586001119	0.592380614217194	FALSE	FALSE
WP_003022431	0.122990387272508	-0.235812060680619	0.830002204674715	-1.14389385591092	0.67592586001119	0.630958624821427	FALSE	FALSE
WP_003037673	-0.0879675051866138	-0.0607782182894967	-0.840126724958915	-0.547854129678808	0.67592586001119	0.84684418216767	FALSE	FALSE
WP_003040462	0.205702384831656	0.114886762328775	0.83050390011146	0.888184692780587	0.67592586001119	0.707302881680401	FALSE	FALSE
WP_003014814	-0.0933569135328383	-0.162526322265561	-0.824107822869208	-1.08502553703926	0.676640436632043	0.656136290595135	FALSE	FALSE
WP_003032777	-0.141764453406617	-0.124949150962967	-0.818962821331974	-0.858288787232541	0.679082767823683	0.714111227817829	FALSE	FALSE
WP_003038734	0.0910007318358966	0.0260485382929852	0.813743230175534	0.238979238592864	0.679082767823683	0.921632842972296	FALSE	FALSE
WP_011733625	0.118029949147816	-0.187719241591355	0.824712615749911	-0.633579325745723	0.679082767823683	0.811329760900766	FALSE	FALSE
WP_003040758	0.127722261350026	-0.14999327495424	0.813744616218008	-0.958538124320596	0.679082767823683	0.70321089202286	FALSE	FALSE
WP_003038681	0.383523085349606	0.116545530067138	0.820184101422622	0.32220003009438	0.679082767823683	0.901496107573206	FALSE	FALSE
WP_011733582	-0.109195753696116	-0.103641018936441	-0.825621274339174	-0.689170282587975	0.679082767823683	0.785840377323471	FALSE	FALSE
WP_003026207	-0.0824894434572415	-0.166524248773222	-0.813542164223041	-1.09832168562749	0.679082767823683	0.652985864542254	FALSE	FALSE
WP_003040762	-0.0946797145711417	-0.185159270297169	-0.808544540568403	-0.908800989205089	0.67995374161237	0.706198007754912	FALSE	FALSE
WP_003038295	-0.110151457495808	-0.363592018442021	-0.806883563731998	-2.82254780333753	0.681159983777695	0.285218852250843	FALSE	FALSE
WP_003038348	-0.312652662245471	0.360736600491795	-0.815575334097723	1.14701482070193	0.682480729280848	0.634591556768441	FALSE	FALSE
WP_003040241	-0.0823032595658899	-0.208069231156352	-0.801554457173538	-1.83028491250818	0.682967653228976	0.430599846736725	FALSE	FALSE
WP_003041257	0.171752136873972	-0.338067769392568	0.799100482594618	-0.941962591580047	0.684074729093354	0.70321089202286	FALSE	FALSE
WP_003039205	-0.0932711287879502	-0.096243125408541	-0.789488437369482	-0.874811267243236	0.691437877231266	0.710194299535072	FALSE	FALSE
WP_003039119	-0.168849391224155	-0.283448321798407	-0.789734495004071	-1.13003355592408	0.692214494195873	0.636296820196383	FALSE	FALSE
WP_003033940	-0.159693891063255	-0.129224379548055	-0.797305229922731	-0.493311443634349	0.69296747536249	0.85348885958659	FALSE	FALSE
WP_003032783	-0.097703087582274	-0.154384914125544	-0.778708569873213	-0.877691940229807	0.693315046325348	0.710194299535072	FALSE	FALSE
WP_003035976	0.114339004563588	0.0815355979621262	0.778665399605	0.524670068318549	0.693315046325348	0.850554306340079	FALSE	FALSE
WP_003040632	-0.372416480275005	0.199339700227887	-0.777016486287714	0.509361619477572	0.693315046325348	0.851231302126894	FALSE	FALSE
WP_003040565	0.616556433556009	0.515593523637543	0.774821021602346	1.57198757071868	0.694401531436096	0.516461698342913	FALSE	FALSE
WP_003017865	0.24761853989024	-0.168143504993995	0.771502836967939	-0.754490651995185	0.695398248033451	0.761013915014177	FALSE	FALSE
WP_003033849	-0.148121639440819	-0.154884985566266	-0.768745243479366	-0.951049455941439	0.699543998067173	0.702017488039826	FALSE	FALSE
WP_003038452	-0.0730770710026963	-0.0257846563563587	-0.764881425996544	-0.203411776321584	0.699543998067173	0.936873418877766	FALSE	FALSE
WP_003040096	-0.117759170006764	-0.0135870724767583	-0.761421753694763	-0.072402046153699	0.700340427218557	0.968348417092843	FALSE	FALSE
WP_003038700	-0.12750006185615	0.37646570302681	-0.758526593826244	0.587121505141581	0.700915693341879	0.831263254877635	FALSE	FALSE
WP_003041364	-0.066012024633406	0.0163349868887658	-0.757746205562085	0.136395631358731	0.700915693341879	0.957002222990723	FALSE	FALSE
WP_003038764	0.09088137335261	0.0900846889541088	0.75534800454769	0.596057256786763	0.700915693341879	0.826415191700802	FALSE	FALSE
WP_003039993	0.168543323989661	0.132405734552089	0.754669324771484	0.757212747731111	0.700915693341879	0.761013915014177	FALSE	FALSE
WP_003026946	-0.195695494490236	-0.298192923575934	-0.750406369869146	-1.43464865687283	0.703521864374566	0.550056857165558	FALSE	FALSE
WP_003040223	-0.205719202494369	-0.111136207723532	-0.745526121183739	-0.791383717842941	0.706639131605605	0.745135280285974	FALSE	FALSE
WP_003041303	0.0683957183122379	-0.00182194154596491	0.7412861638665	-0.0138176527505705	0.708359403808837	0.991910615198195	FALSE	FALSE
WP_003038496	0.0655511742617881	0.0995166423067759	0.727416948253766	0.853080047765731	0.718017127431109	0.71470136520628	FALSE	FALSE
WP_003037453	-0.0955783130671556	-0.155675374541425	-0.731645919718011	-0.786961686561316	0.71923801862439	0.745135280285974	FALSE	FALSE
WP_003039245	-0.109502004895074	-0.124801083388835	-0.733219962067262	-0.391347528647641	0.720932902454657	0.876103708883256	FALSE	FALSE
WP_003017803	-0.112254160240532	-0.0248758812679234	-0.728032625166707	-0.136277160440115	0.720932902454657	0.957002222990723	FALSE	FALSE
WP_011733603	-0.189132051905682	-0.619128671789631	-0.718600553495078	-2.19765496683894	0.720932902454657	0.370700539444756	FALSE	FALSE
WP_003014894	-0.0930904667869483	-0.0280237242588942	-0.726503047748177	-0.244514034340259	0.720932902454657	0.921632842972296	FALSE	FALSE
WP_003038824	-0.188432449443527	-0.0100843417253869	-0.716986924781228	-0.049061679738163	0.720932902454657	0.973264498883339	FALSE	FALSE
WP_003038628	0.0854528237817885	-0.440705601996116	0.724617674825936	-2.17640598506959	0.720932902454657	0.358496688920098	FALSE	FALSE
WP_003033367	0.0742328833845316	-0.0929316489480577	0.706019556388837	-0.790071356359083	0.727667223623439	0.745135280285974	FALSE	FALSE
WP_003040146	-0.069228520980527	-0.117932032094946	-0.700215003147646	-0.908278177192167	0.729926234207	0.706198007754912	FALSE	FALSE
WP_003022558	-0.107468525547718	-0.0649260409757519	-0.698419948891738	-0.412849062810687	0.731943505507767	0.875840636535374	FALSE	FALSE
WP_011733707	-0.18379175399553	-0.26632234253801	-0.697798092996364	-0.827143046230192	0.732174877967415	0.733759196039834	FALSE	FALSE
WP_003040933	0.0951279513799614	-0.0196454613083139	0.69400276656145	-0.0960658407677905	0.732431775572075	0.964466404327682	FALSE	FALSE
WP_003025404	0.222531257813533	-0.162888153349903	0.693732855387717	-0.657014552072495	0.733197990695562	0.799453236691434	FALSE	FALSE
WP_003039759	-0.192746393081325	-0.243811620768953	-0.689432156690364	-1.33435692871391	0.733336443557972	0.592380614217194	FALSE	FALSE
WP_003039688	-0.0776136466531124	-0.140503526899839	-0.687942198821961	-1.01767756249365	0.733336443557972	0.683227556859786	FALSE	FALSE
WP_003040140	0.088026215782642	0.201058527948232	0.700895444738141	1.6182825567521	0.733336443557972	0.487164101231142	FALSE	FALSE
WP_003034398	0.0700175413940071	-0.256512773967546	0.682323278021097	-1.65256030561682	0.736838541064881	0.469614163606129	FALSE	FALSE
WP_003014930	0.106785284348281	0.0991538786659662	0.676715635169634	0.629455341875309	0.738829268620733	0.813754526915946	FALSE	FALSE
WP_003042287	-0.214953229614607	-0.483100353052455	-0.675428551716704	-0.930149887914872	0.738829268620733	0.70321089202286	FALSE	FALSE
WP_011733729	0.102575108181369	-0.105479248001816	0.675419460366322	-0.509173633304667	0.738829268620733	0.851231302126894	FALSE	FALSE
WP_003039755	0.658262362156961	0.250542725045535	0.673680466502489	1.32287846457322	0.738829268620733	0.587405246057366	FALSE	FALSE
WP_003032711	-0.0775349005979635	-0.0127474870345365	-0.673563211799295	-0.070121475239064	0.738829268620733	0.968348417092843	FALSE	FALSE
WP_004339561	0.0913049497140684	0.0427574906362737	0.671139699367225	0.273568715320777	0.739392086239461	0.91693591097378	FALSE	FALSE
WP_003040989	0.141718784556354	-1.14818650149832	0.678711396952891	-1.06695123437633	0.739392086239461	0.666841989655371	FALSE	FALSE
WP_011733649	-0.059050895544665	-0.106957568364324	-0.663052900625761	-0.444980704394579	0.744064187475217	0.873635271131623	FALSE	FALSE
WP_003034767	-0.128195534709355	1.25206206304642	-0.669019472127731	1.64206151844889	0.745509158266927	0.488264420325285	FALSE	FALSE
WP_003035102	-0.413611226904251	-0.276448486303374	-0.656774478526719	-0.532445972411556	0.747999443999109	0.850554306340079	FALSE	FALSE
WP_003016165	-0.141661644564422	-0.132412518066469	-0.64672152713127	-0.530938888153751	0.754205666304642	0.850554306340079	FALSE	FALSE
WP_003038934	0.175437719722245	-0.168213608560707	0.643123658668814	-1.19382611622035	0.755810723244558	0.623513987293523	FALSE	FALSE
WP_003035266	-0.0808783176798999	-0.241013383297738	-0.639587752197301	-0.990973164680729	0.757438150723058	0.685659782478679	FALSE	FALSE
WP_003038549	-0.0652249469408984	0.105659683438155	-0.636521267099917	0.807426593044601	0.757438150723058	0.737048695269333	FALSE	FALSE
WP_003033794	0.0799374327148321	0.24291640163532	0.6390013314954	1.32108759369687	0.763577249227342	0.58227937420391	FALSE	FALSE
WP_003033385	0.174792352593152	0.421989882632604	0.626065229841185	1.39602987479998	0.763577249227342	0.568312059357345	FALSE	FALSE
WP_003038375	-0.0834246533255954	0.0269730658188966	-0.629376846306751	0.144426140353452	0.764297559247957	0.955764288686067	FALSE	FALSE
WP_003037043	-0.092887412181157	-0.122148648076694	-0.62179314734176	-0.876558331543445	0.765397593775147	0.710194299535072	FALSE	FALSE
WP_003039427	-0.091455268443986	0.0282154309684911	-0.615204529794054	0.146294786247977	0.769770029343398	0.955287102533149	FALSE	FALSE
WP_003035078	-0.079303087238827	-0.0305584566835037	-0.621760792241984	-0.187922789062714	0.769770029343398	0.944755521094142	FALSE	FALSE
WP_003022867	-0.085969822543737	-0.19183234232696	-0.623696714343848	-1.16908104168874	0.769770029343398	0.623513987293523	FALSE	FALSE
WP_003032709	-0.364507813967705	-1.19222533380273	-0.604971142603548	-2.86366594251943	0.776069891859992	0.304667340195915	FALSE	FALSE
WP_003041523	0.0718591153816998	-0.0729874020598645	0.60593804986566	-0.330758292307479	0.777151163771421	0.898656756521203	FALSE	FALSE
WP_011733562	-0.0970282646045298	-0.135322707872112	-0.605999190968698	-0.853720028806579	0.778139828722539	0.714111227817829	FALSE	FALSE
WP_003038972	0.0576816633763842	0.0670520363823609	0.596852640886312	0.440019030310501	0.778616255885115	0.873635271131623	FALSE	FALSE
WP_003033959	-0.0586454779639833	-0.0183077477604225	-0.592549722523977	-0.157991084931022	0.780246889274432	0.952334049765466	FALSE	FALSE
WP_003035548	-0.254453034641768	-0.0712116048632227	-0.595575758662424	-0.271442018759022	0.780246889274432	0.91693591097378	FALSE	FALSE
WP_003039932	0.0739464943323908	-0.169515025391316	0.585971059095145	-1.18366140506801	0.783224305343864	0.623513987293523	FALSE	FALSE
WP_003040479	0.0528661258423615	-0.264147029612559	0.582775871788891	-1.91215193682361	0.785863370152213	0.409941688893946	FALSE	FALSE
WP_003039499	0.144628803139951	0.20139825667522	0.580301981056747	1.16774740451947	0.786252718572114	0.623513987293523	FALSE	FALSE
WP_003040779	-0.0836669626854792	0.0149227080841581	-0.577040272316593	0.10915364514522	0.787401529419521	0.961641638051192	FALSE	FALSE
WP_011733579	-0.0664692643544433	0.0344400222909444	-0.573132615921909	0.313940856139895	0.787506293962071	0.905423868749826	FALSE	FALSE
WP_003038779	-0.079024873586505	-0.157092238285831	-0.571494131263952	-0.870115130997407	0.787506293962071	0.711795658877604	FALSE	FALSE
WP_003034840	-0.10759900293687	-0.234321171791358	-0.571055917334102	-1.03639604432648	0.787506293962071	0.678181171347297	FALSE	FALSE
WP_003041148	-0.213411838092045	-0.480307314063354	-0.569084662520131	-2.77013198883516	0.787506293962071	0.288103398907839	FALSE	FALSE
WP_003022063	0.379069876373643	-1.72519644181066	0.567641405500479	-1.99453219420584	0.787506293962071	0.415745252375923	FALSE	FALSE
WP_003035781	-0.0834028876653563	-0.218414542199295	-0.571273048576266	-1.06949483939297	0.787506293962071	0.658203001725739	FALSE	FALSE
WP_003027195	-0.0754848428980359	-0.369565040248884	-0.565585722875142	-2.59234639223909	0.787506293962071	0.304667340195915	FALSE	FALSE
WP_003036243	0.0861000023813424	0.0116056977804369	0.567005141924983	0.0691967551344067	0.787506293962071	0.968348417092843	FALSE	FALSE
WP_003016871	0.134165631387674	-0.285467843102568	0.564310413809891	-1.95532671260569	0.787506293962071	0.409941688893946	FALSE	FALSE
WP_003034372	0.0621636936485252	-0.025583983486441	0.565420393868865	-0.148941604367861	0.787506293962071	0.954819802166555	FALSE	FALSE
WP_003038609	0.123604731979773	-0.154990426926522	0.561699991435226	-0.935033974638899	0.787506293962071	0.70321089202286	FALSE	FALSE
WP_003039501	-0.0730958322390945	0.107486395003521	-0.561145481572852	0.942688494037705	0.787506293962071	0.70321089202286	FALSE	FALSE
WP_003039222	-0.0793199896677369	0.0735226462447288	-0.559685426944304	0.589506330159387	0.789058006046391	0.828679652816919	FALSE	FALSE
WP_003015672	0.120767101051298	0.0166199379439293	0.554625587316726	0.0647830255602855	0.789058006046391	0.969050914832962	FALSE	FALSE
WP_003033506	0.207601516944825	-0.306277838871514	0.553190960513854	-0.573095983683088	0.789058006046391	0.83868623753541	FALSE	FALSE
WP_003040336	-0.0544549976834349	-0.00886379565537491	-0.552825861284549	-0.0546379905446457	0.789058006046391	0.971624670822003	FALSE	FALSE
WP_003039225	-0.0529850046972603	-0.0544614273087406	-0.548718521092981	-0.448707872480534	0.791039144738149	0.872752783792474	FALSE	FALSE
WP_003038710	-0.0765515002957828	-0.257339139890294	-0.552783169018971	-0.928937181825376	0.791039144738149	0.70321089202286	FALSE	FALSE
WP_011733678	0.0777085123707882	0.106364076741933	0.543960479061356	0.603676861039074	0.793909841154494	0.825590152398355	FALSE	FALSE
WP_003022891	0.0883684736071399	-0.00460349361286566	0.542323631229743	-0.0209621454467866	0.794014581021067	0.988375397863317	FALSE	FALSE
WP_003041347	0.0522082766804274	0.238034101429893	0.542524693749594	2.04863539252335	0.794014581021067	0.386925992725905	FALSE	FALSE
WP_003022001	0.0547861069245126	0.158629248076148	0.540753774395459	1.05711712713628	0.794014581021067	0.666951159434765	FALSE	FALSE
WP_003038948	-0.0600104642257945	-0.222607267111589	-0.53851962215316	-1.52524287759175	0.794982001301273	0.516461698342913	FALSE	FALSE
WP_003040477	0.0696239051896568	0.0738798361085083	0.532653330295483	0.572977466641514	0.799068113182989	0.837071454701462	FALSE	FALSE
WP_003038581	0.0625057883371493	0.064428531916769	0.531244793344387	0.489532313634304	0.79938809128567	0.854812188586349	FALSE	FALSE
WP_003018894	-0.246533135427701	-1.08738320741903	-0.530188369930926	-2.68528359233301	0.79938809128567	0.300136817757462	FALSE	FALSE
WP_003041142	0.0582826235572223	0.185224342669428	0.527187492096357	1.24684300863913	0.801047834396335	0.600499695643515	FALSE	FALSE
WP_003015739	0.0772934074249652	-0.0390846970925128	0.524780288612804	-0.364564880108152	0.801057665696023	0.884709918066712	FALSE	FALSE
WP_003038505	0.0904543897094542	0.316216850805805	0.52250276206414	1.42121657664597	0.801057665696023	0.553670953622328	FALSE	FALSE
WP_003041130	0.17859834562491	0.137718855884601	0.521306556843154	0.509013898627967	0.801057665696023	0.851231302126894	FALSE	FALSE
WP_003039875	-0.0840207861009621	-0.46930111406819	-0.524155139833671	-1.79722986472455	0.801057665696023	0.43159167190303	FALSE	FALSE
WP_003040502	0.111969739245103	-0.0363888025112578	0.522602001114213	-0.0468578464144676	0.801057665696023	0.973264498883339	FALSE	FALSE
WP_003025860	-0.106824195068352	0.286941226985982	-0.527500604004934	1.71835715088173	0.801057665696023	0.462791098805064	FALSE	FALSE
WP_003034781	0.0548873869392164	0.211288712983249	0.516209272844194	1.23804613643566	0.801057665696023	0.60187627417019	FALSE	FALSE
WP_003038426	-0.0617861978610675	-0.203799861550319	-0.516430003132585	-0.862904722401816	0.801057665696023	0.714111227817829	FALSE	FALSE
WP_003039351	0.0635842301842986	0.0114435967446374	0.509359381394646	0.0906683503910307	0.804148677433869	0.966940090833735	FALSE	FALSE
WP_003040921	0.0434277199628462	0.0893412143015923	0.509859596531283	0.815180643802843	0.804148677433869	0.733759196039834	FALSE	FALSE
WP_003039827	-0.062849418937409	-0.0352867914381556	-0.508611236393468	-0.172054197944856	0.804148677433869	0.952060610629822	FALSE	FALSE
WP_004338933	-0.0589299746599769	-0.0591649555524872	-0.506923358928531	-0.416383839950999	0.80454303437903	0.875840636535374	FALSE	FALSE
WP_003033745	0.0883037686662129	0.280143338014624	0.505143911189022	1.47253666109399	0.805255581717262	0.535527872375021	FALSE	FALSE
WP_003039194	-0.0526331397928219	-0.04761526964863	-0.497546445989842	-0.282891956899708	0.810309676074339	0.91693591097378	FALSE	FALSE
WP_003038524	0.084187877783851	0.132250022379901	0.495281387341037	0.845200841822779	0.810582655928018	0.71918450037988	FALSE	FALSE
WP_003041289	0.0901768716351489	0.480462356451931	0.495366772774902	1.60752148078775	0.810582655928018	0.497398138201961	FALSE	FALSE
WP_003038264	-0.0563798166669771	-0.243736733042043	-0.491705935044387	-1.29761328700056	0.810582655928018	0.587405246057366	FALSE	FALSE
WP_003037945	0.054279429349617	-0.0436560665333028	0.490777815458351	-0.244267286544798	0.810582655928018	0.921632842972296	FALSE	FALSE
WP_003020335	0.0474614973061643	0.146858449694634	0.490586043497185	1.07674156922857	0.810582655928018	0.656136290595135	FALSE	FALSE
WP_003021127	0.166838366401222	-0.229467085663298	0.490000269629447	-0.958821532541889	0.810582655928018	0.697290904142513	FALSE	FALSE
WP_003037645	-0.0514274303333699	-0.0889333195175005	-0.489947942140749	-0.573972339638779	0.810582655928018	0.837071454701462	FALSE	FALSE
WP_003039798	-0.0477550393761255	-0.242506255854332	-0.486034875117046	-1.4671592080694	0.811268117592395	0.535998529141035	FALSE	FALSE
WP_003038637	0.0505107887522753	-0.058575885742956	0.487033644336587	-0.528211753529475	0.812885258647257	0.850554306340079	FALSE	FALSE
WP_003034834	-0.0533545868065337	-0.02796467867295	-0.481625698192657	-0.160034701913595	0.813253047797083	0.952334049765466	FALSE	FALSE
WP_011733589	-0.0678486953584401	-0.078759486520112	-0.477070551370744	-0.455237636682965	0.813253047797083	0.869874207960623	FALSE	FALSE
WP_003018080	0.0475214688421831	0.199399843548527	0.476408880144445	1.38974591848552	0.813253047797083	0.563977144137429	FALSE	FALSE
WP_003016775	-0.149442480582232	0.111715123463879	-0.472660290124114	0.548231416027893	0.814723262906404	0.849169704399061	FALSE	FALSE
WP_003035698	-0.0438642991590293	-0.105482069330861	-0.468192761941665	-0.859730630915796	0.81610312786662	0.714111227817829	FALSE	FALSE
WP_003039393	0.0676947344633836	-0.0571789920929235	0.468075614443038	-0.501334503231963	0.81610312786662	0.851231302126894	FALSE	FALSE
WP_003040437	-0.0722432171713358	-0.107601269568413	-0.47151968356144	-0.492310208095532	0.81610312786662	0.85348885958659	FALSE	FALSE
WP_003040428	0.113572983161446	-0.0401992213818586	0.463681050833685	-0.148720704413941	0.817612126037154	0.954819802166555	FALSE	FALSE
WP_003040924	0.198399588976014	-0.588231498527153	0.463995250612775	-1.38810217509913	0.817612126037154	0.564058306540055	FALSE	FALSE
WP_003034109	0.0404769426867023	0.0326328599900605	0.463035601884137	0.280858273733754	0.817612126037154	0.91693591097378	FALSE	FALSE
WP_003040954	0.113250885820707	-0.00183639186452394	0.463533237318505	-0.00772620878201293	0.817760118325939	0.99508017003753	FALSE	FALSE
WP_003039809	-0.0422268931432996	-0.199349118731552	-0.462240402883138	-1.69703161040188	0.817760118325939	0.466667890626075	FALSE	FALSE
WP_003036543	0.0684446938441702	0.157735982483733	0.457145356362644	0.940048247982647	0.820220484668565	0.70321089202286	FALSE	FALSE
WP_003040317	0.0578586061735548	0.185217748987543	0.452659572396455	0.914582935852073	0.823518610439635	0.704607500487283	FALSE	FALSE
WP_003040959	0.088246443685326	-0.115977216371858	0.448156938334046	-0.444369064565183	0.827166250366376	0.873635271131623	FALSE	FALSE
WP_003041045	0.0739228421806358	-0.42268091177282	0.452102374077192	-1.28827297293289	0.827166250366376	0.590451168442455	FALSE	FALSE
WP_003035764	-0.0639091611525286	0.245945313792608	-0.443448538902272	1.17760444479933	0.82770194080354	0.623513987293523	FALSE	FALSE
WP_003039844	-0.270579604928442	-0.297098127590066	-0.442791457355079	-1.34872022864557	0.82770194080354	0.581787666754458	FALSE	FALSE
WP_003038931	0.0519885264440962	0.163499481452618	0.441195286519671	0.893664959013547	0.828178050876248	0.707302881680401	FALSE	FALSE
WP_003038584	0.0796287077001211	0.16595876743145	0.439389560811969	1.09751706363583	0.828830323534992	0.656136290595135	FALSE	FALSE
WP_003017112	0.139920591596155	-0.0348415571183133	0.438624236686841	-0.165962908898592	0.829139139682825	0.952334049765466	FALSE	FALSE
WP_003039457	0.183975176218058	-0.0792816973855604	0.437667420823048	-0.357462628189793	0.829139139682825	0.887819576531984	FALSE	FALSE
WP_003024353	-0.0525198540665684	0.198907042058376	-0.429059920771904	0.525692364690985	0.836028072526953	0.850554306340079	FALSE	FALSE
WP_011733612	-0.0566377246438515	0.163512444516882	-0.424674507756881	1.07200776841741	0.838778583854028	0.658153315150766	FALSE	FALSE
WP_003040109	0.0491433784787106	-0.0840246626775115	0.420429483358893	-0.657932609629465	0.839864555997735	0.799453236691434	FALSE	FALSE
WP_003041254	0.0668606707469243	-0.226913124314869	0.416977565567581	-1.54886033053384	0.840746893292618	0.510898352434563	FALSE	FALSE
WP_003041349	0.0437938190281944	-0.152465220029657	0.414662526595904	-1.10912570480052	0.841826906362994	0.650145947290426	FALSE	FALSE
WP_003038469	0.11424321399875	0.137673920137102	0.40788811922283	0.628782785578565	0.846668114106692	0.812049513421604	FALSE	FALSE
WP_003040350	-0.0662654996546146	0.018238429752707	-0.405248258807709	0.0808277124725107	0.848022345570103	0.968348417092843	FALSE	FALSE
WP_003036696	0.0504516482817358	0.0166952591038591	0.40316001611692	0.095458953372562	0.849256055538411	0.964466404327682	FALSE	FALSE
WP_003038522	0.124378975540216	-0.0187886855563365	0.397638629040513	-0.133184552321033	0.852303650970452	0.957002222990723	FALSE	FALSE
WP_003034554	0.0506025704355462	0.0861344422168494	0.397078696058588	0.519208474896205	0.852303650970452	0.850554306340079	FALSE	FALSE
WP_003041277	0.0758669484243616	-0.267485006636326	0.393504848532076	-0.89480562933121	0.853561823114163	0.707302881680401	FALSE	FALSE
WP_003016377	0.0968604194608586	0.132750115286347	0.389725707860899	0.415877880685538	0.85584488097915	0.875840636535374	FALSE	FALSE
WP_003040252	0.0630879036606645	-0.00345284061811404	0.386586747186532	-0.0203835238275425	0.856775245138128	0.988375397863317	FALSE	FALSE
WP_011733631	0.0908225071286239	1.8912946380867	0.389620147624201	2.15376959308631	0.856913524567177	0.393768923524125	FALSE	FALSE
WP_003034013	0.041609418994199	-0.0609366515673005	0.383095388971019	-0.404546405966243	0.856913524567177	0.876103708883256	FALSE	FALSE
WP_003019771	0.0424202964264435	0.0801853392072862	0.383974322228605	0.506590702619222	0.856913524567177	0.851231302126894	FALSE	FALSE
WP_003039133	-0.0640078066726073	-0.0981037276699161	-0.380780485255599	-0.711957037190183	0.857466071448596	0.773146367745346	FALSE	FALSE
WP_003020889	0.0474630218954689	0.0534220231815152	0.371070807160462	0.412474239189029	0.863736453782292	0.875840636535374	FALSE	FALSE
WP_011733733	-0.0605000209007423	-0.14168740411643	-0.365943091558024	-0.856429105057213	0.866192090070715	0.714111227817829	FALSE	FALSE
WP_003040831	-0.123024553702162	-0.139972745460417	-0.365430373613011	-0.430224061232845	0.866192090070715	0.875267117096425	FALSE	FALSE
WP_011733691	0.0771322927751415	-0.378677548399971	0.361149164815664	-0.690657352083289	0.868599563327056	0.782270935082577	FALSE	FALSE
WP_003038431	-0.070055316298115	-0.470064215509539	-0.354555119175997	-0.872102987476837	0.872897859940544	0.711795658877604	FALSE	FALSE
WP_003034542	-0.0371073380641778	-0.069502810698942	-0.35568030152829	-0.4781974075346	0.872897859940544	0.861265444478813	FALSE	FALSE
WP_003036966	0.0510912646542283	0.0781625547187428	0.355263419077162	0.441059982278028	0.874142930275033	0.873635271131623	FALSE	FALSE
WP_011733711	0.0407246520156695	-0.0150882665000234	0.349450228657447	-0.113552807357384	0.874142930275033	0.961641638051192	FALSE	FALSE
WP_011733617	-0.0903119681994028	-0.280102528032075	-0.353214348611253	-1.02501451582765	0.874142930275033	0.680075363604001	FALSE	FALSE
WP_003038915	-0.0447966121258111	-0.235280256169326	-0.348330229566677	-1.70530690396856	0.874142930275033	0.462791098805064	FALSE	FALSE
WP_003039534	0.0344200077858911	0.0224133290534286	0.346266147685954	0.121344604521323	0.875785009925194	0.961641638051192	FALSE	FALSE
WP_003014689	-0.0752107044848521	-0.217348504408428	-0.342888682588428	-1.26377936599158	0.876973946286214	0.60329409624511	FALSE	FALSE
WP_003027135	0.0419354743966888	-0.0507837341124689	0.339401272293364	-0.409111613798087	0.878586567179839	0.876103708883256	FALSE	FALSE
WP_003039415	0.0694697135907142	0.0895735851466516	0.340075054373712	0.54009212512056	0.878586567179839	0.847796241214291	FALSE	FALSE
WP_003038470	-0.0797714922038854	0.110465101038989	-0.337279851768017	0.619444398140313	0.879056094734398	0.817009585330514	FALSE	FALSE
WP_003039342	-0.0876976991222009	-0.0653697999288381	-0.335446232530179	-0.260248129192376	0.879056094734398	0.919176369595702	FALSE	FALSE
WP_003039681	0.156534172704136	-0.235739974586742	0.335068359295846	-0.669002278626415	0.879056094734398	0.790690714606473	FALSE	FALSE
WP_003038844	0.0465912797304405	-0.0307876900313489	0.334983903382991	-0.256510159174416	0.879056094734398	0.919176369595702	FALSE	FALSE
WP_003040026	-0.0558933342026096	-0.905600354993453	-0.330487794504204	-1.05948234566509	0.881268603365349	0.67409636348505	FALSE	FALSE
WP_003039890	-0.0448696444740705	-0.0616134703010349	-0.328446141899944	-0.419275683585792	0.881600101879157	0.875840636535374	FALSE	FALSE
WP_003040733	-0.0619939506012701	-0.0723886773304645	-0.328007058869234	-0.415367221243763	0.881600101879157	0.875840636535374	FALSE	FALSE
WP_003036153	0.0414069925460914	-0.0946436366665776	0.324431490259681	-0.66930439241098	0.883415132089509	0.790690714606473	FALSE	FALSE
WP_003041237	0.0344352013514902	0.0549512774678739	0.323085867233127	0.326420949439598	0.883415132089509	0.900400187363025	FALSE	FALSE
WP_003041472	-0.0333008810994105	-0.255859689453449	-0.322718342708115	-1.8400996287598	0.883415132089509	0.424876214556101	FALSE	FALSE
WP_003035232	-0.0479464595990114	-0.0499966848074858	-0.321027460433789	-0.337316619891414	0.883959192919152	0.894093217867609	FALSE	FALSE
WP_003016875	-0.0449653306226304	0.105172795511932	-0.312326163249696	0.639797106598152	0.888683802760209	0.80744433320298	FALSE	FALSE
WP_003040769	0.0965623946053869	-0.0955335432325025	0.31231698415162	-0.391942199884351	0.888683802760209	0.876103708883256	FALSE	FALSE
WP_003041030	0.0341251154784956	-0.0523775980050476	0.312276511918054	-0.406793682344616	0.888683802760209	0.876103708883256	FALSE	FALSE
WP_003040726	0.0291401877322057	0.128211516261067	0.310673255862738	0.66991308051585	0.889149026612288	0.790690714606473	FALSE	FALSE
WP_011733683	-0.0263470233137279	0.040044529542949	-0.30748531553199	0.297752276296864	0.89031349398085	0.915422802505638	FALSE	FALSE
WP_003039550	-0.0260877758550694	-0.136165970307726	-0.307192015554622	-0.962928727444275	0.89031349398085	0.702017488039826	FALSE	FALSE
WP_003041151	-0.0420025112628887	0.0381630179343735	-0.30572620808812	0.199949234585319	0.890666166592198	0.936873418877766	FALSE	FALSE
WP_003039265	-0.0420111775182257	-0.145498551569952	-0.304557573875089	-1.05409455034128	0.890769687080542	0.676230084291802	FALSE	FALSE
WP_003032740	0.0759373841386607	0.0193963409773424	0.30050437471454	0.0765500117420757	0.892249007372839	0.968348417092843	FALSE	FALSE
WP_011733724	-0.0413125210820961	-0.148957260800124	-0.298889427143044	-0.700304268360308	0.892249007372839	0.779129597366525	FALSE	FALSE
WP_011733570	-0.0332574887733286	0.22163199117444	-0.29382233125721	1.53946728163722	0.894506905934087	0.512238943264541	FALSE	FALSE
WP_003025094	-0.0652632046321079	-0.785224674283986	-0.287230452742097	-1.16393226573464	0.897394291851184	0.62355289203489	FALSE	FALSE
WP_003014068	-0.0446569077033852	-0.164151226382127	-0.281815679899881	-1.05904228537712	0.90046081890332	0.666951159434765	FALSE	FALSE
WP_003014302	0.0555354551732851	0.0413952038701491	0.281472444034953	0.313693954112636	0.90046081890332	0.905423868749826	FALSE	FALSE
WP_003041161	-0.0271790303428691	-0.118749668134762	-0.279066041971783	-0.677980416399685	0.9016081979866	0.787583998980684	FALSE	FALSE
WP_003041529	-0.0782303505653583	-0.0329610861335977	-0.276966378104992	-0.111536747546402	0.902468158634496	0.961641638051192	FALSE	FALSE
WP_003036703	0.0566931510778859	-0.684754137242588	0.273596572635745	-1.35961258522341	0.904014076281415	0.587405246057366	FALSE	FALSE
WP_011733703	0.331365643567695	0.126611428776184	0.274418488756019	0.395912670046347	0.904014076281415	0.877322202062356	FALSE	FALSE
WP_003016128	-0.039307079981278	0.321990917087122	-0.2710236510838	1.6890582000608	0.904650100946853	0.466667890626075	FALSE	FALSE
WP_003026930	0.0494129504232591	-0.0354838248230339	0.270676794358681	-0.249708892436282	0.904650100946853	0.919246546857116	FALSE	FALSE
WP_003018618	0.0387636529527673	0.196376243522325	0.2688603788435	0.849322189113279	0.904854886066295	0.720684662480526	FALSE	FALSE
WP_003016239	0.0589715537363056	-0.705522168068333	0.26632149741783	-3.53119668037457	0.906096007793141	0.250142566110075	FALSE	FALSE
WP_003038299	0.112423687714687	-0.0354976084197703	0.264529115324941	-0.0682591513055218	0.90731827999535	0.968348417092843	FALSE	FALSE
WP_003041313	-0.0285484726709283	-0.116707410365432	-0.262035338891881	-0.427899861161212	0.907589447364169	0.875840636535374	FALSE	FALSE
WP_003040487	0.0267138689552268	0.0391339216243806	0.261125692541019	0.267538535661084	0.907589447364169	0.91693591097378	FALSE	FALSE
WP_003035158	-0.0431548138461033	-0.144010175387308	-0.262736027965839	-0.905155335971195	0.90767489146627	0.706198007754912	FALSE	FALSE
WP_003038513	-0.0500753687168244	-0.0702037202140604	-0.258106672560463	-0.345133547509442	0.90767489146627	0.890626964876823	FALSE	FALSE
WP_003032993	0.063328308341567	0.0456302901000817	0.257097186697607	0.150350370897967	0.90767489146627	0.954819802166555	FALSE	FALSE
WP_003032596	-0.0345645183540796	-0.494585313399733	-0.255708463276628	-3.75846204237885	0.907816394446635	0.207412781613834	FALSE	FALSE
WP_003035180	0.0422479908194595	-0.263528146776583	0.252461104264858	-0.94909926130265	0.908103858834152	0.70321089202286	FALSE	FALSE
WP_003041352	-0.0287798795279315	-0.0176920448418627	-0.249691966763327	-0.108340526413695	0.90945202265826	0.961641638051192	FALSE	FALSE
WP_011733575	0.0815294472974643	0.209407672559669	0.244659915876502	1.51524941142387	0.912749278470723	0.519834232935174	FALSE	FALSE
WP_003019199	0.0561190120723584	0.431748242927172	0.237719401776944	0.922508446052493	0.918248222771021	0.706198007754912	FALSE	FALSE
WP_003039540	0.0223229768928943	-0.067179686506329	0.234992098971198	-0.46346570596311	0.918608565367761	0.869874207960623	FALSE	FALSE
WP_004339137	0.0405749591056162	0.22564969645529	0.23022883955777	1.20924081756174	0.918608565367761	0.607729177804778	FALSE	FALSE
WP_003041504	-0.0684978035311004	2.06995040197256	-0.230211522253365	1.39738226612953	0.918608565367761	0.580893439470435	FALSE	FALSE
WP_003027088	0.0278533552389608	0.0975176924988752	0.226955922746269	0.332557905084954	0.920276462949455	0.899286820174214	FALSE	FALSE
WP_003033328	0.0259676821834839	-0.0661849709817136	0.221731107974605	-0.534815651009177	0.922998302598056	0.849461697560003	FALSE	FALSE
WP_003034371	0.0186587464848866	-0.0451661805054808	0.220469192455708	-0.397548920270572	0.923168319950509	0.876103708883256	FALSE	FALSE
WP_003038463	-0.0222177728911112	-0.0997473576552231	-0.218108917296596	-0.923979449429503	0.925059019630218	0.70321089202286	FALSE	FALSE
WP_003040143	-0.0239378015695922	-0.0576947525959758	-0.213796211447177	-0.414996952859207	0.925654495030606	0.875840636535374	FALSE	FALSE
WP_011733587	-0.0624647583808068	-1.03553097476783	-0.216061345024137	-3.04642213453492	0.925654495030606	0.285218852250843	FALSE	FALSE
WP_003035895	-0.037043363435637	-0.376399627106306	-0.210143134451529	-1.00189182079827	0.926509942896215	0.683227556859786	FALSE	FALSE
WP_003035887	-0.0280218313805456	-0.036807088258441	-0.208219230397492	-0.235784944651312	0.926509942896215	0.921632842972296	FALSE	FALSE
WP_003032934	0.0352367034551676	0.0559782713358152	0.208738522112558	0.271776482403483	0.926509942896215	0.91693591097378	FALSE	FALSE
WP_003035545	-0.0402714002461124	0.301996541649691	-0.206507206476945	1.55332502939266	0.926861105256293	0.510898352434563	FALSE	FALSE
WP_003040002	-0.0296123221340084	-0.0322470151697644	-0.204280738893458	-0.105240713856487	0.927307110602409	0.961641638051192	FALSE	FALSE
WP_003032990	-0.0490034821444576	-0.135927393975761	-0.20410811626609	-0.518008930556803	0.927307110602409	0.851231302126894	FALSE	FALSE
WP_003038670	-0.062891271451043	-0.0868906284402463	-0.202312106942359	-0.713619397593049	0.928003408335171	0.772780297749954	FALSE	FALSE
WP_003041458	0.0311807350468632	-0.370470547859444	0.200787277752619	-1.98421177117348	0.928061433804087	0.398664499791534	FALSE	FALSE
WP_003038547	0.0983157119507744	0.0828828235839706	0.196156921275959	0.579212512995261	0.931085626230744	0.837071454701462	FALSE	FALSE
WP_003038692	0.0228996407233809	-0.184028685550478	0.187046295076376	-0.807894858838608	0.936918852409198	0.737870542376612	FALSE	FALSE
WP_003034978	-0.0479496138587868	-0.0444559863060656	-0.186793029989549	-0.182814407683827	0.936918852409198	0.945276835614002	FALSE	FALSE
WP_003038683	-0.0490802501665547	-0.147577977292139	-0.182454400875326	-0.724358213057663	0.939601061875628	0.771582580998612	FALSE	FALSE
WP_003039034	0.0273357947140954	0.0789683072366612	0.180945815817404	0.398341139604509	0.939788923513537	0.876103708883256	FALSE	FALSE
WP_003039849	0.0267533721388463	-0.0798536230438743	0.180095019065184	-0.433789399886776	0.939788923513537	0.873843902976806	FALSE	FALSE
WP_003039996	0.0218471904272779	0.166304586478352	0.178693733689993	1.00574572185689	0.940064093870216	0.683227556859786	FALSE	FALSE
WP_003022463	0.0330310707916082	0.216146305435023	0.177454080463938	0.935334962956945	0.94093894549672	0.70321089202286	FALSE	FALSE
WP_003033733	-0.0285807699337934	-0.0723461864162877	-0.175666569160506	-0.371952085394836	0.94093894549672	0.884678020189762	FALSE	FALSE
WP_003038904	0.0332923476900584	-0.295626316359047	0.172353432449401	-1.92976140197194	0.942918681500591	0.43159167190303	FALSE	FALSE
WP_003038448	-0.0366351538584115	0.0899422566286442	-0.165510558709641	0.287830935847244	0.945616560387569	0.91693591097378	FALSE	FALSE
WP_003040444	0.0223886348039604	-0.0386319677968964	0.165986473398976	-0.228188144636434	0.945616560387569	0.925273411310233	FALSE	FALSE
WP_003039260	-0.0228759985816175	0.047711342544855	-0.164297519593071	0.277500094350431	0.945639586884056	0.91693591097378	FALSE	FALSE
WP_003017394	0.0472148870898472	-0.510832399252694	0.162651084980986	-1.24027140772742	0.945639586884056	0.607412326343256	FALSE	FALSE
WP_003039212	-0.0200846298355573	-0.0542519873019735	-0.161259852304309	-0.378334076765706	0.945639586884056	0.88295554681884	FALSE	FALSE
WP_003041145	-0.0414035216082555	-0.296259618746602	-0.160125825736278	-0.455951889894191	0.945639586884056	0.869874207960623	FALSE	FALSE
WP_003036264	0.0135426301087245	-0.146516375433965	0.158985768922002	-1.10452993756493	0.945701503932535	0.650145947290426	FALSE	FALSE
WP_003040447	-0.0243510957154248	-0.0688108305227395	-0.155690927352222	-0.544120317323467	0.947556825392768	0.847796241214291	FALSE	FALSE
WP_003040406	-0.0140384911039008	-0.192945839205071	-0.151852480497587	-1.10368806551632	0.94989101685084	0.656136290595135	FALSE	FALSE
WP_003034470	-0.0173891537017132	-0.149929601338766	-0.150881034697811	-1.28776233990005	0.950458150251904	0.592380614217194	FALSE	FALSE
WP_003033621	-0.0164917334002771	-0.0276869823532887	-0.148711910952599	-0.184921444414094	0.951225727894061	0.945024342771858	FALSE	FALSE
WP_003014363	-0.0627013850503021	-0.363808631150469	-0.146042094702857	-1.86035356542049	0.951225727894061	0.419256429747483	FALSE	FALSE
WP_003040772	-0.0136641151058227	-0.115351454988051	-0.145800923938036	-0.768832135532282	0.951225727894061	0.761013915014177	FALSE	FALSE
WP_003020808	0.0159599767521577	-0.0181904481818038	0.140312758204674	-0.140425577503101	0.955314827962542	0.957002222990723	FALSE	FALSE
WP_003038506	-0.0169466537508699	0.0141855664601791	-0.139292708334894	0.0584997508386566	0.955568333238239	0.970679182322664	FALSE	FALSE
WP_003040982	0.0233749525429523	-0.00670463671111255	0.134230112091258	-0.0575354230448307	0.956354750424793	0.970679182322664	FALSE	FALSE
WP_003039215	-0.014262763159456	-0.233879115111162	-0.134010427835711	-1.18278179723339	0.956354750424793	0.626585785239093	FALSE	FALSE
WP_003039340	0.0199925601794625	0.0171134944526472	0.133633645403312	0.0799016940705436	0.956354750424793	0.968348417092843	FALSE	FALSE
WP_003041024	-0.0350603035776248	0.662364500734547	-0.131313540708742	3.73721720325699	0.956695026861354	0.24333884772877	FALSE	FALSE
WP_003038272	-0.0133417024091942	-0.032828982449113	-0.130396214365093	-0.251465702322364	0.956695026861354	0.919246546857116	FALSE	FALSE
WP_003040120	-0.0307530263103719	-0.579269530280987	-0.128487497773424	-2.29638255798045	0.958281865991923	0.346370116212311	FALSE	FALSE
WP_003023265	-0.0217099052630059	0.0628718581165689	-0.124695493326143	0.394536166413684	0.959622956750222	0.876103708883256	FALSE	FALSE
WP_003041344	-0.045143947496639	-0.517581671322678	-0.122003506606311	-3.13481032736924	0.960238773403046	0.282649847991471	FALSE	FALSE
WP_003039521	0.0146594181115444	0.33634620007576	0.119839676132047	1.77435579000253	0.960375963129344	0.460364564957617	FALSE	FALSE
WP_003039242	0.0110940838646352	-0.0449217283300658	0.106458875572617	-0.351113133703186	0.968267290244397	0.888540146832245	FALSE	FALSE
WP_003039874	0.0260720640111078	-0.17276352993274	0.094646463705751	-0.275340561571973	0.976596376518926	0.91693591097378	FALSE	FALSE
WP_003018629	-0.0104168391698048	-0.139976655182319	-0.0939623497302171	-0.926916962289212	0.976596376518926	0.70321089202286	FALSE	FALSE
WP_003035182	0.0100964407391601	0.0571567877069633	0.0890290403666508	0.370594144411992	0.978577434264218	0.884678020189762	FALSE	FALSE
WP_003039068	-0.053239768102766	1.61223487013626	-0.0886652864361593	4.46736713914793	0.978577434264218	0.171493727942591	FALSE	FALSE
WP_003038468	-0.0166589684600478	0.0504005184937131	-0.0879585379175472	0.259536130985152	0.978577434264218	0.919176369595702	FALSE	FALSE
WP_003038465	-0.00896546450250294	-0.12073985423739	-0.0845099190376526	-1.01469304395752	0.981014935755789	0.683227556859786	FALSE	FALSE
WP_003041481	0.0268605716696561	0.13981443470882	0.0785603398745816	0.249876205235649	0.983502441726352	0.919246546857116	FALSE	FALSE
WP_003041342	0.0112977635708248	-0.239001529567665	0.0773597282596331	-1.84033656744205	0.983502441726352	0.424876214556101	FALSE	FALSE
WP_003040573	-0.0191785878719371	-0.150094994169573	-0.0744325524771258	-0.500248950014608	0.983502441726352	0.852082785052694	FALSE	FALSE
WP_003039164	0.0238049419526267	-0.946488528075018	0.0746710630380239	-5.03142541780063	0.983502441726352	0.187629624599438	FALSE	FALSE
WP_011733734	-0.0119680671537535	0.0165004834825605	-0.0718062218537325	0.106609762472634	0.983502441726352	0.961641638051192	FALSE	FALSE
WP_003041311	0.0115964591195871	0.0774520693123521	0.0697842420054832	0.47575999972974	0.983502441726352	0.861496645413659	FALSE	FALSE
WP_003034189	0.00909416370355776	-0.422010778693177	0.0691639153533096	-1.46490054706352	0.983502441726352	0.554063375117636	FALSE	FALSE
WP_003032835	-0.0110218619083929	0.0645236946767088	-0.0674851148109058	0.363959901401926	0.983502441726352	0.884709918066712	FALSE	FALSE
WP_003038813	-0.0134233392709192	-0.0250838478180981	-0.0669110648759531	-0.108752198936924	0.983502441726352	0.961641638051192	FALSE	FALSE
WP_003018147	-0.00951732881312078	-0.127144634841367	-0.0668756741108675	-0.658415676051073	0.983502441726352	0.799304553418569	FALSE	FALSE
WP_011733722	0.00615402874629301	-0.0658867278165408	0.0664418914210852	-0.561950699702255	0.983502441726352	0.83868623753541	FALSE	FALSE
WP_003038532	0.0131769887870528	-0.0898930096349222	0.0630890707669094	-0.599216105542569	0.985286352300569	0.826008104018902	FALSE	FALSE
WP_003038932	0.0303626934297914	-0.0274103065052087	0.0614294537296707	-0.114869153996663	0.98580498895747	0.961641638051192	FALSE	FALSE
WP_003025780	0.0177706525752995	-0.77298341933306	0.0567625472737863	-2.27489752697369	0.986215328206392	0.335502813061957	FALSE	FALSE
WP_011733656	0.0112327140858048	-0.203050706271609	0.0570786866997299	-0.984801588867174	0.986215328206392	0.695915819424166	FALSE	FALSE
WP_003039858	-0.00891632187238272	0.0628738635891078	-0.0564204152508689	0.202048007349886	0.986215328206392	0.936873418877766	FALSE	FALSE
WP_011733581	0.0063943161312418	0.0292734288809052	0.0538412572981027	0.198932327651082	0.986960407190168	0.936873418877766	FALSE	FALSE
WP_003039065	-0.00577656222825639	-0.172298396135534	-0.0531724585487393	-1.16897174265064	0.986960407190168	0.623513987293523	FALSE	FALSE
WP_003032804	-0.00662353311118934	-0.0224859428709127	-0.0518330021937675	-0.135511164905769	0.986960407190168	0.957002222990723	FALSE	FALSE
WP_003038739	-0.00536545147049393	-0.121646562133037	-0.0491972895843791	-1.02675311290794	0.986960407190168	0.680075363604001	FALSE	FALSE
WP_003039650	0.0106800937568439	-2.24792447415831	0.048038184536262	-2.60701404287434	0.986960407190168	0.30481145861351	FALSE	FALSE
WP_003016117	-0.00500679503343907	-0.196422146538021	-0.0479043543626572	-1.25776788601594	0.986960407190168	0.60329409624511	FALSE	FALSE
WP_003041286	-0.00465893675334696	-0.0547944478340495	-0.0420572170517448	-0.425640202604167	0.990247653667823	0.875840636535374	FALSE	FALSE
WP_003037531	-0.00563564740306009	0.193506046755252	-0.0403267260910879	0.898711779521754	0.990463307678114	0.707302881680401	FALSE	FALSE
WP_003040203	-0.00509560230104143	0.0927464947172791	-0.0339225300563562	0.419553216563781	0.992196190432987	0.875840636535374	FALSE	FALSE
WP_003016618	0.0036054440153027	-0.396997177238182	0.0336858414837146	-2.1200568644518	0.992196190432987	0.388721311302175	FALSE	FALSE
WP_003039659	0.00607150892428346	-0.0982623715353982	0.0312969131328043	-0.729967361315041	0.992196190432987	0.771582580998612	FALSE	FALSE
WP_011733686	-0.00306985155962175	0.191016244138692	-0.0288645233294081	1.28342865067066	0.992196190432987	0.592380614217194	FALSE	FALSE
WP_003039190	-0.00359286392908435	0.317498430694876	-0.0281299923972694	1.02036862274161	0.992196190432987	0.683227556859786	FALSE	FALSE
WP_003039347	-0.00631584899149166	-0.0235366442776339	-0.0267230318286367	-0.10681956627019	0.992196190432987	0.961641638051192	FALSE	FALSE
WP_003033347	0.00364890351881981	-0.0697350193951903	0.0252587391329863	-0.497133130021805	0.992196190432987	0.85348885958659	FALSE	FALSE
WP_003038756	-0.00388758297234179	-0.325552850543991	-0.0250032006714838	-1.74026935231003	0.992196190432987	0.465184447982297	FALSE	FALSE
WP_003039383	-0.00520697313841186	0.24156176933137	-0.0245052093131914	1.30493584485688	0.992196190432987	0.587405246057366	FALSE	FALSE
WP_003034368	-0.00378181853331743	0.0539073444010579	-0.0235229074462879	0.429249449334778	0.992196190432987	0.875267117096425	FALSE	FALSE
WP_003038510	0.00218533390476658	0.012948392477747	0.0172898213729101	0.0980709965760484	0.996097405829926	0.96412571518178	FALSE	FALSE
WP_003041796	0.00172727286945323	-0.154690616510179	0.013723501013541	-0.877277937797418	0.996743226092553	0.713587923745174	FALSE	FALSE
WP_003039333	0.00129710929966361	0.0845861790016328	0.0136953100850362	0.441181716134158	0.996743226092553	0.873635271131623	FALSE	FALSE
WP_003022260	0.00106105090211224	0.00964265781162089	0.0121425964225062	0.061029220594825	0.996743226092553	0.970679182322664	FALSE	FALSE
WP_011733676	0.00149184340354852	0.138289995661651	0.0111438938853729	0.717061407361567	0.996743226092553	0.772780297749954	FALSE	FALSE
WP_003036913	0.000914019416577986	-0.110629109787038	0.00960604053762428	-0.462524992716092	0.996889098476097	0.869874207960623	FALSE	FALSE
WP_011733604	-0.000351856694146989	-0.140114386310417	-0.0025241563448416	-0.854531004536735	0.999773937514609	0.71470136520628	FALSE	FALSE
WP_003038346	-8.97316009261893e-05	-0.129321056188267	-0.000601728225176979	-0.774471954177677	0.999929971572051	0.754509213493951	FALSE	FALSE
WP_003037818	-1.52227407189501e-05	-0.430953707345168	-9.16918809921603e-05	-1.0790735965569	0.999929971572051	0.656136290595135	FALSE	FALSE
