logFC	se	df	t	pval	adjPval	protein	fit_status	model	adjPval_BH
-1.85748172391061	0.179904458678932	6.53915730137199	-10.3248231730909	2.75060064010298e-05	0.0269833922794103	WP_003017457	rlm	naive	0.0269833922794103
-1.09860778315517	0.13207213800845	6.20083328865494	-8.3182403171582	0.000137615059001916	0.0456123144252735	WP_003040849	rlm	naive	0.0456123144252735
-1.29771280054188	0.163968988015977	6.53915730137199	-7.9143795192261	0.000139487200077289	0.0456123144252735	WP_003023392	rlm	naive	0.0456123144252735
-0.943452397035823	0.143989978443623	6.31066420721436	-6.55220875253634	0.000491736297529044	0.0913974000693852	WP_003040894	rlm	naive	0.0913974000693852
-1.21807425906779	0.172900161439412	5.53915730137199	-7.04495732639685	0.000578983629984536	0.0913974000693852	WP_003033719	rlm	naive	0.0913974000693852
-1.68736480347338	0.250513633522064	5.8457463901346	-6.73562065165914	0.000581396743077933	0.0913974000693852	WP_003038816	rlm	naive	0.0913974000693852
-0.959921528111956	0.149122986460885	6.02906983531511	-6.43711308962915	0.000652173089180119	0.0913974000693852	WP_003015534	rlm	naive	0.0913974000693852
-0.832627207968317	0.145268352199314	6.53915730137199	-5.73164901620085	0.000906768420902105	0.0957301733910716	WP_011733695	rlm	naive	0.0957301733910716
-0.653823523209624	0.114348272062213	6.43692766992958	-5.71782600137498	0.000971329467976073	0.0957301733910716	WP_003038437	rlm	naive	0.0957301733910716
-0.9449955459515	0.167062256339404	6.53915730137199	-5.6565472456666	0.000975842746086357	0.0957301733910716	WP_003038425	rlm	naive	0.0957301733910716
-1.00521610881536	0.183666970611703	6.53915730137199	-5.47303690733007	0.0011709961347144	0.104431564377711	WP_003026016	rlm	naive	0.104431564377711
0.805298713407261	0.153460706551826	6.53915730137199	5.24758898549253	0.00147353786047528	0.120461720093854	WP_003038350	rlm	naive	0.120461720093854
0.877531849605761	0.172523252985285	6.53915730137199	5.08645550336689	0.00174367355189817	0.129555437604907	WP_003039892	rlm	naive	0.129555437604907
-1.28920668965606	0.240528176044784	5.87311611390522	-5.35989883121229	0.0018489053276949	0.129555437604907	WP_003040628	rlm	naive	0.129555437604907
-0.618515530516701	0.126010480314721	6.53915730137199	-4.90844514656168	0.00210860249777763	0.137902603354657	WP_003014378	rlm	naive	0.137902603354657
1.79987874931046	0.374712531801304	6.20471529423193	4.80335883259135	0.00272939127407867	0.149533897760824	WP_003032959	rlm	naive	0.149533897760824
-1.37851672145277	0.270975347860828	5.5888578321022	-5.0872403424712	0.00276871073164154	0.149533897760824	WP_003022320	rlm	naive	0.149533897760824
-1.2411247324835	0.263397007455786	6.33250734559151	-4.71199253352126	0.0028474700947188	0.149533897760824	WP_003034100	rlm	naive	0.149533897760824
-0.663900943015323	0.144234618758898	6.53915730137199	-4.60292368592242	0.00295197273440884	0.149533897760824	WP_003017801	rlm	naive	0.149533897760824
0.900510277232003	0.158078571997692	4.53915730137199	5.69659926612411	0.00317210841390434	0.149533897760824	WP_003040752	rlm	naive	0.149533897760824
-1.04538967387529	0.22677007242792	6.17004994298604	-4.60991021735273	0.003401403952041	0.149533897760824	WP_003038436	rlm	naive	0.149533897760824
-0.592208031947256	0.132742074024326	6.53915730137199	-4.46134382259785	0.00346573112569	0.149533897760824	WP_003021583	rlm	naive	0.149533897760824
-0.539981776140969	0.117977206668972	6.18249536630639	-4.57700085793763	0.00350589158868395	0.149533897760824	WP_003020026	rlm	naive	0.149533897760824
1.61223487013626	0.360891509454887	6.00090315721305	4.46736713914793	0.00424781960742384	0.171493727942591	WP_003039068	rlm	naive	0.171493727942591
-0.458786700827951	0.107854020086782	6.53915730137199	-4.25377468970375	0.00440829693533737	0.171493727942591	WP_011733723	rlm	naive	0.171493727942591
-1.44157608924816	0.313753098969583	5.53915730137199	-4.59461944434184	0.00454519564373839	0.171493727942591	WP_003017957	rlm	naive	0.171493727942591
-0.946488528075018	0.188115384703199	4.53915730137199	-5.03142541780063	0.00521885923478978	0.187629624599438	WP_003039164	rlm	naive	0.187629624599438
-0.701606670570591	0.169449818116591	6.26478051101461	-4.14049822164959	0.00553221988676157	0.187629624599438	WP_003039621	rlm	naive	0.187629624599438
-0.74406462359244	0.150371068704131	4.53915730137199	-4.94819003419107	0.00557363474815408	0.187629624599438	WP_003041497	rlm	naive	0.187629624599438
-0.708523174650382	0.175907575609987	6.53915730137199	-4.0278150170251	0.0057701517829094	0.187629624599438	WP_003020861	rlm	naive	0.187629624599438
-0.483561912866074	0.120728986278021	6.53915730137199	-4.00535056057294	0.00592917264279569	0.187629624599438	WP_003041451	rlm	naive	0.187629624599438
0.785484339824322	0.198813375906458	6.53915730137199	3.95086264313471	0.00633534332009023	0.194217868656516	WP_003040402	rlm	naive	0.194217868656516
-0.488718179322831	0.124384642151423	6.22936176163201	-3.92908779468028	0.00716570272750499	0.204725225202907	WP_003035026	rlm	naive	0.204725225202907
-0.758115039829446	0.164307491642754	4.53915730137199	-4.61400166389114	0.0073195544530362	0.204725225202907	WP_003038772	rlm	naive	0.204725225202907
-0.75899800975962	0.19851263860526	6.53915730137199	-3.82342411592684	0.0074103510395995	0.204725225202907	WP_003040540	rlm	naive	0.204725225202907
-0.507991011104788	0.133248809029128	6.53915730137199	-3.81234935461031	0.00751285230102411	0.204725225202907	WP_003014373	rlm	naive	0.204725225202907
-0.647383774292448	0.170735888106835	6.41140260421021	-3.79172639959186	0.0079976725491946	0.207412781613834	WP_003015556	rlm	naive	0.207412781613834
-0.494585313399733	0.131592472618586	6.53915730137199	-3.75846204237885	0.00803433812571427	0.207412781613834	WP_003032596	rlm	naive	0.207412781613834
-0.73052392550942	0.191231803051087	6.15488213342517	-3.82009641625489	0.00834630267896592	0.209941613540143	WP_003024407	rlm	naive	0.209941613540143
-0.948868487634456	0.233129426462259	5.00657937450529	-4.07013607005148	0.00960636597458116	0.224427778165812	WP_003038438	rlm	naive	0.224427778165812
-0.603357214384171	0.16478135818144	6.30515008032117	-3.66156233352452	0.00967565458549328	0.224427778165812	WP_003023081	rlm	naive	0.224427778165812
0.634991558159146	0.167434097957835	5.7600775076591	3.79248651203087	0.00976599505405392	0.224427778165812	WP_003040230	rlm	naive	0.224427778165812
-0.57674460397087	0.160296293188586	6.53915730137199	-3.59799089859389	0.00983730322235464	0.224427778165812	WP_003018210	rlm	naive	0.224427778165812
-0.519702092376553	0.134886700186432	5.39679498753781	-3.85287868750777	0.0103370221833762	0.226101692645556	WP_003019409	rlm	naive	0.226101692645556
-1.20999804097848	0.339248635677199	6.48878417734682	-3.56669979987722	0.0103716372773191	0.226101692645556	WP_003038435	rlm	naive	0.226101692645556
-0.377431654566183	0.107156753760423	6.53619214199468	-3.52223860205796	0.0108465596626236	0.226700031583997	WP_003040951	rlm	naive	0.226700031583997
0.425905201989312	0.12139732307011	6.53915730137199	3.50835744329668	0.0110337556041869	0.226700031583997	WP_003033757	rlm	naive	0.226700031583997
-0.42701351272538	0.121856120976931	6.53915730137199	-3.50424344137968	0.0110923562854555	0.226700031583997	WP_003033944	rlm	naive	0.226700031583997
-0.583696658401769	0.151986847402609	5.14247896671175	-3.8404419091316	0.0114869121408141	0.229972669594666	WP_003018840	rlm	naive	0.229972669594666
-1.63965130514645	0.446842968564235	5.53915730137199	-3.66941279263019	0.012053393912132	0.235611453813959	WP_003040853	rlm	naive	0.235611453813959
-0.855406035903563	0.249641758971317	6.4664748018558	-3.42653424422413	0.012480723057046	0.235611453813959	WP_003033018	rlm	naive	0.235611453813959
0.547789208320001	0.15778555783111	6.19475943472167	3.47173224121273	0.0126124968007368	0.235611453813959	WP_003040399	rlm	naive	0.235611453813959
-1.27413369154809	0.368377220277289	6.22189841476256	-3.45877437966715	0.0127292630500916	0.235611453813959	WP_003040995	rlm	naive	0.235611453813959
-1.01448672719345	0.278777608240081	5.34316052503994	-3.63905384509858	0.0132837910394747	0.238866318795789	WP_003034549	rlm	naive	0.238866318795789
-0.683508525966106	0.20410912831423	6.53619214199468	-3.34874060563245	0.0135853379152035	0.238866318795789	WP_003032892	rlm	naive	0.238866318795789
0.590166911971289	0.167902319492311	5.71737982041531	3.51494198386172	0.0136355900637759	0.238866318795789	WP_003040411	rlm	naive	0.238866318795789
-0.406864656853758	0.121705811531173	6.29935800950908	-3.34301749222177	0.0144607499466173	0.24333884772877	WP_003041283	rlm	naive	0.24333884772877
0.411691047189544	0.126703139606102	6.53915730137199	3.24925687295057	0.015478293428172	0.24333884772877	WP_003040128	rlm	naive	0.24333884772877
0.415841493474495	0.128579381963566	6.53915730137199	3.23412266511225	0.0157921126799721	0.24333884772877	WP_003034298	rlm	naive	0.24333884772877
-0.599379037774062	0.185470731529033	6.53915730137199	-3.23166373924738	0.0158437466034248	0.24333884772877	WP_011733702	rlm	naive	0.24333884772877
-0.454108009479136	0.140348568826333	6.51356202119003	-3.23557278336802	0.015848250810737	0.24333884772877	WP_003038333	rlm	naive	0.24333884772877
-0.475054955530577	0.144793202757379	6.21375042532625	-3.28092028136567	0.0159738844282986	0.24333884772877	WP_003033846	rlm	naive	0.24333884772877
0.662364500734547	0.177234681505077	4.53915730137199	3.73721720325699	0.0160593159831618	0.24333884772877	WP_003041024	rlm	naive	0.24333884772877
-0.368845998085119	0.114872010355592	6.53915730137199	-3.21093012077822	0.0162864458582827	0.24333884772877	WP_003040169	rlm	naive	0.24333884772877
0.405449507263386	0.126577124158755	6.53915730137199	3.20318153819693	0.0164553053076918	0.24333884772877	WP_003040289	rlm	naive	0.24333884772877
-0.427262948095187	0.132421692228761	6.36343652884098	-3.22653291091525	0.0165678850047171	0.24333884772877	WP_003040818	rlm	naive	0.24333884772877
0.487246738995225	0.152940183589672	6.53915730137199	3.18586474502002	0.0168395478049574	0.24333884772877	WP_003038516	rlm	naive	0.24333884772877
-0.589514269814659	0.181878186341502	6.15803651777059	-3.24125878794373	0.0170214594307061	0.24333884772877	WP_003015002	rlm	naive	0.24333884772877
-0.413021690832099	0.13082385199443	6.4680096833095	-3.15708247796956	0.0177565108040388	0.24333884772877	WP_003023073	rlm	naive	0.24333884772877
0.338887332679513	0.107789943047427	6.53915730137199	3.14396058758843	0.0178099855207327	0.24333884772877	WP_011733716	rlm	naive	0.24333884772877
-1.15117408368974	0.361723990207996	6.2914107475033	-3.18246540139017	0.0178251598359267	0.24333884772877	WP_003039866	rlm	naive	0.24333884772877
-0.391630343203752	0.124648439114403	6.53915730137199	-3.14187924041561	0.017859731943396	0.24333884772877	WP_003014349	rlm	naive	0.24333884772877
-0.623615332828421	0.20046119195106	6.53915730137199	-3.11090304691329	0.0186180460566085	0.250142566110075	WP_003027197	rlm	naive	0.250142566110075
0.510289782209545	0.162733935261363	6.31085725710311	3.13573061076647	0.0188700672582689	0.250142566110075	WP_003037537	rlm	naive	0.250142566110075
-1.5079055533164	0.467778252108601	5.71753015134402	-3.2235477953907	0.0193232884652667	0.250142566110075	WP_003038976	rlm	naive	0.250142566110075
-0.392341770271803	0.127634949383361	6.53915730137199	-3.07393681877349	0.0195686103864714	0.250142566110075	WP_003032887	rlm	naive	0.250142566110075
-0.705522168068333	0.199796905108524	4.53915730137199	-3.53119668037457	0.0196340240473759	0.250142566110075	WP_003016239	rlm	naive	0.250142566110075
-0.612527587817178	0.189086847250326	5.51158777142472	-3.23939817456617	0.019971381379029	0.251178527343942	WP_003038597	rlm	naive	0.251178527343942
-0.576839980365169	0.190139734185864	6.53915730137199	-3.03376873242759	0.0206609226048352	0.256393260731676	WP_003017929	rlm	naive	0.256393260731676
-0.34229514058684	0.11315642177321	6.53915730137199	-3.02497317627163	0.0209087266651723	0.256393260731676	WP_003038420	rlm	naive	0.256393260731676
-0.578895700913137	0.191690344178369	6.44628766147017	-3.01995232672998	0.0214221315340274	0.259445815245443	WP_003034103	rlm	naive	0.259445815245443
-0.500963575364614	0.167874869088023	6.53915730137199	-2.98414871794741	0.0221013336334841	0.264407418224974	WP_003021612	rlm	naive	0.264407418224974
-0.545357503414254	0.179078041944265	6.02680203843838	-3.04536222025472	0.0225197380202758	0.26616702407097	WP_003018506	rlm	naive	0.26616702407097
-0.453147551733036	0.153122019353656	6.53915730137199	-2.95938855590999	0.0228599637195145	0.266971719152902	WP_003032666	rlm	naive	0.266971719152902
0.573265481722726	0.194665816388408	6.53619214199468	2.94486978945966	0.0233299611951202	0.268838451520097	WP_003034577	rlm	naive	0.268838451520097
-0.573889756276611	0.19539581278226	6.53915730137199	-2.93706271442022	0.0235678968712827	0.268838451520097	WP_003033046	rlm	naive	0.268838451520097
0.50765026827297	0.175881722709182	6.53915730137199	2.88631621554197	0.0252655489407183	0.282649847991471	WP_003039766	rlm	naive	0.282649847991471
-0.517581671322678	0.165107811086305	5.06695888543756	-3.13481032736924	0.0253549302989291	0.282649847991471	WP_003041344	rlm	naive	0.282649847991471
-0.342831657906515	0.119819303122056	6.53915730137199	-2.86123895710931	0.0261521594568517	0.285218852250843	WP_003038940	rlm	naive	0.285218852250843
-0.383725940830795	0.132807238365109	6.28415870239497	-2.88934508054349	0.026305611678009	0.285218852250843	WP_003014352	rlm	naive	0.285218852250843
0.546459400097872	0.192032632667214	6.53915730137199	2.84565905548391	0.0267196172707169	0.285218852250843	WP_003040115	rlm	naive	0.285218852250843
0.452811090744743	0.159587693052761	6.53915730137199	2.83738101656147	0.0270264363614506	0.285218852250843	WP_003040393	rlm	naive	0.285218852250843
-0.363592018442021	0.128816956797717	6.53915730137199	-2.82254780333753	0.0275856203647496	0.285218852250843	WP_003038295	rlm	naive	0.285218852250843
-1.22846346579062	0.436648370523578	6.53915730137199	-2.81339299243825	0.0279368606829525	0.285218852250843	WP_003034338	rlm	naive	0.285218852250843
-0.424841331996659	0.151084855158725	6.53915730137199	-2.81193857286579	0.0279930976397957	0.285218852250843	WP_003035017	rlm	naive	0.285218852250843
-1.03553097476783	0.339917099153403	5.0713576975486	-3.04642213453492	0.0280237011203799	0.285218852250843	WP_011733587	rlm	naive	0.285218852250843
-0.515765106312363	0.169334268932028	5.03800295547862	-3.04584009819887	0.0282820333310129	0.285218852250843	WP_003024803	rlm	naive	0.285218852250843
0.420412326825167	0.147216172942869	6.08925997814769	2.85574824029912	0.0284928109282187	0.285218852250843	WP_003037222	rlm	naive	0.285218852250843
-0.623964904497759	0.209787312092017	5.27766700306985	-2.9742737931838	0.0290068799043435	0.287431809961222	WP_003038938	rlm	naive	0.287431809961222
-0.463494754281984	0.166872495398635	6.53915730137199	-2.7775383425217	0.0293588412045448	0.288010232216584	WP_003035924	rlm	naive	0.288010232216584
-0.480307314063354	0.173387880432847	6.53915730137199	-2.77013198883516	0.0296620217020303	0.288103398907839	WP_003041148	rlm	naive	0.288103398907839
0.448290746363174	0.161625249500712	6.42121176692447	2.77364302760876	0.0300741488947957	0.289242549664653	WP_011733568	rlm	naive	0.289242549664653
-0.424051902505281	0.148165033696984	5.63790442118794	-2.86202413568455	0.0308020188546045	0.293366800935602	WP_003024794	rlm	naive	0.293366800935602
-1.16435061431067	0.426812574307615	6.53915730137199	-2.72801385057484	0.0314503221380633	0.296661211706155	WP_003033964	rlm	naive	0.296661211706155
-0.40146039222397	0.146054087653816	6.25802807447031	-2.74871041730465	0.0319446186905384	0.298454008908745	WP_003032890	rlm	naive	0.298454008908745
-0.365886898114022	0.13613173712839	6.49367146526173	-2.68774134402578	0.0334904063713871	0.300136817757462	WP_011733588	rlm	naive	0.300136817757462
-0.654780447973619	0.244901508648187	6.53915730137199	-2.67364807831479	0.0339286891521327	0.300136817757462	WP_003027193	rlm	naive	0.300136817757462
-0.918495437563143	0.328256139820128	5.53915730137199	-2.79810588787903	0.0340424957752693	0.300136817757462	WP_003021682	rlm	naive	0.300136817757462
-0.369265382262374	0.138431824278955	6.53915730137199	-2.6674890993148	0.0342221724963715	0.300136817757462	WP_003039615	rlm	naive	0.300136817757462
-1.08738320741903	0.404941664457234	6.34265556357978	-2.68528359233301	0.0343737246431514	0.300136817757462	WP_003018894	rlm	naive	0.300136817757462
-0.46528781275666	0.169303226686113	5.8279792484846	-2.74825129954139	0.0343841035841299	0.300136817757462	WP_003016753	rlm	naive	0.300136817757462
-0.374978230144549	0.137414197593925	5.97432931324345	-2.72881723075408	0.034388659880363	0.300136817757462	WP_003039507	rlm	naive	0.300136817757462
-0.386578265563718	0.145899154581961	6.53915730137199	-2.64962649489892	0.0350885625829264	0.300136817757462	WP_003025265	rlm	naive	0.300136817757462
-1.32037750028383	0.444999285588869	4.53915730137199	-2.96714521358517	0.0352330362225057	0.300136817757462	WP_003016538	rlm	naive	0.300136817757462
-0.305856591856551	0.115895371898113	6.53915730137199	-2.63907511445271	0.0356111501764886	0.300136817757462	WP_003034277	rlm	naive	0.300136817757462
-0.763594959632076	0.289352449107454	6.53915730137199	-2.63897873333191	0.0356159612714204	0.300136817757462	WP_003038556	rlm	naive	0.300136817757462
-0.457111673120079	0.173700245293543	6.53915730137199	-2.63161213357866	0.0359857119219868	0.300136817757462	WP_003014581	rlm	naive	0.300136817757462
-0.552745457978404	0.197139840395738	5.21527138539192	-2.80382421365882	0.0361020840931504	0.300136817757462	WP_003024808	rlm	naive	0.300136817757462
-0.391416048406726	0.14246099589315	5.48011821287753	-2.74753132218941	0.0366926292382423	0.302113398152093	WP_003035617	rlm	naive	0.302113398152093
-0.285629991324763	0.109325472192996	6.53915730137199	-2.61265728466766	0.0369557673580542	0.302113398152093	WP_003038679	rlm	naive	0.302113398152093
0.3967652784581	0.145576796559952	5.53915730137199	2.72547059582194	0.0373107327315052	0.302494452971955	WP_003040101	rlm	naive	0.302494452971955
0.493928746982882	0.190505250525636	6.53915730137199	2.59273036107955	0.0380052159140174	0.304667340195915	WP_011733627	rlm	naive	0.304667340195915
-0.342293909282885	0.131982322177784	6.40551533596003	-2.5934830031389	0.0386693674612275	0.304667340195915	WP_003033752	rlm	naive	0.304667340195915
-0.575982679688951	0.224156180240385	6.53915730137199	-2.56955966626157	0.0392648943829141	0.304667340195915	WP_003020646	rlm	naive	0.304667340195915
1.59288951858365	0.593499268420364	5.53915730137199	2.68389466228531	0.0393335345328639	0.304667340195915	WP_003037623	rlm	naive	0.304667340195915
-0.369565040248884	0.142560053453998	6.28362764223042	-2.59234639223909	0.0394022760162115	0.304667340195915	WP_003027195	rlm	naive	0.304667340195915
-1.19222533380273	0.416328355937293	4.53915730137199	-2.86366594251943	0.0394421531140481	0.304667340195915	WP_003032709	rlm	naive	0.304667340195915
0.518439431724938	0.201126017716784	6.3515893145715	2.57768456617571	0.0398250939560588	0.30481145861351	WP_003040742	rlm	naive	0.30481145861351
-0.432320346669803	0.157648781407717	5.01700392318875	-2.74230059255402	0.0405341534356316	0.30481145861351	WP_003035357	rlm	naive	0.30481145861351
-2.62256777478033	0.976770063692062	5.28226439383388	-2.68493873048009	0.0411995386713609	0.30481145861351	WP_003017534	rlm	naive	0.30481145861351
-0.303473803103595	0.119514132975987	6.497828097906	-2.53922942456161	0.0412012606910736	0.30481145861351	WP_003033749	rlm	naive	0.30481145861351
-0.489489323647646	0.182464896811447	5.28631818306211	-2.68264927775926	0.0412845131062064	0.30481145861351	WP_003015897	rlm	naive	0.30481145861351
1.199855596234	0.447621456496228	5.25308311914679	2.68051403439394	0.0416574554321652	0.30481145861351	WP_003040524	rlm	naive	0.30481145861351
-0.378161894398338	0.148499403021679	6.1878019316286	-2.54655498071686	0.0425335545280446	0.30481145861351	WP_003027200	rlm	naive	0.30481145861351
-0.573650089853456	0.217044579795377	5.32749539471295	-2.64300583038874	0.0430387817118978	0.30481145861351	WP_003040058	rlm	naive	0.30481145861351
-0.360560732306018	0.144065301014803	6.53915730137199	-2.50275902501303	0.0431468865341626	0.30481145861351	WP_003027202	rlm	naive	0.30481145861351
0.327390673470147	0.127338850760334	5.83241381238197	2.57101953971874	0.0433666242801999	0.30481145861351	WP_003040965	rlm	naive	0.30481145861351
-0.317502528447738	0.125554165752315	6.16803878990674	-2.52880919199515	0.0437007646006355	0.30481145861351	WP_003038592	rlm	naive	0.30481145861351
-0.590263062095904	0.213738656607362	4.53915730137199	-2.7616111725649	0.044159885713542	0.30481145861351	WP_011733661	rlm	naive	0.30481145861351
-0.3745558159613	0.151188646747714	6.53915730137199	-2.4774070277004	0.0447231523240431	0.30481145861351	WP_003035420	rlm	naive	0.30481145861351
0.348405473334735	0.140641702045805	6.53915730137199	2.47725580867376	0.044732732174955	0.30481145861351	WP_003041126	rlm	naive	0.30481145861351
-2.24792447415831	0.862260209262197	5.34952796094079	-2.60701404287434	0.0448461862417738	0.30481145861351	WP_003039650	rlm	naive	0.30481145861351
-0.291585672794461	0.117941336153212	6.53915730137199	-2.47229412778294	0.0450482456340063	0.30481145861351	WP_003014346	rlm	naive	0.30481145861351
-1.16654800272565	0.42691054722164	4.56662874878347	-2.73253497791895	0.0453241040455561	0.30481145861351	WP_011733714	rlm	naive	0.30481145861351
-0.299257511941525	0.121348524880122	6.53915730137199	-2.46609929735163	0.0454454263663618	0.30481145861351	WP_003041168	rlm	naive	0.30481145861351
0.524776845579978	0.213086430215425	6.53915730137199	2.46274173840841	0.0456622152882264	0.30481145861351	WP_011733710	rlm	naive	0.30481145861351
0.500684132091728	0.203583358910647	6.53915730137199	2.45935686870889	0.0458818556390722	0.30481145861351	WP_011733717	rlm	naive	0.30481145861351
-0.341329652133953	0.139012713233568	6.53915730137199	-2.45538443351188	0.0461410230813667	0.30481145861351	WP_003039248	rlm	naive	0.30481145861351
0.418561278368969	0.170913454442547	6.53619214199468	2.44896623109136	0.0465795172100628	0.30481145861351	WP_003038704	rlm	naive	0.30481145861351
-0.391408990327492	0.159220147809218	6.42323565523414	-2.45828807291706	0.0466072566687324	0.30481145861351	WP_003037386	rlm	naive	0.30481145861351
-0.454663998122092	0.173771809646498	5.00487878534411	-2.61644278808519	0.0472556001906249	0.305166329269001	WP_003039159	rlm	naive	0.305166329269001
-1.35117450459509	0.516683654535202	5.01024567325758	-2.61509047699716	0.0472836718133417	0.305166329269001	WP_003038471	rlm	naive	0.305166329269001
-1.20609308374551	0.485105223154735	5.92597980886076	-2.48625045902835	0.0478962403076071	0.307097526190984	WP_003039965	rlm	naive	0.307097526190984
-0.489377620585347	0.198173804691596	6.04337297289553	-2.46943646940085	0.0482089898403788	0.307097526190984	WP_003018819	rlm	naive	0.307097526190984
0.42317275794195	0.175015516031366	6.53915730137199	2.41791566563796	0.0486615956578114	0.30798080864718	WP_003038698	rlm	naive	0.30798080864718
-0.354701607790397	0.142411741601601	5.6824955862091	-2.49067670826383	0.0493309945262187	0.308402436824747	WP_011733557	rlm	naive	0.308402436824747
-0.316248367025584	0.128967533996801	6.01788403893157	-2.45215487359346	0.0495259157067384	0.308402436824747	WP_003033974	rlm	naive	0.308402436824747
0.480257580717968	0.200277615596068	6.53915730137199	2.39795934901971	0.050061911206114	0.308402436824747	WP_003040773	rlm	naive	0.308402436824747
-0.281663125622697	0.116465797175484	6.28512717518995	-2.41841924799864	0.0501279807182686	0.308402436824747	WP_003021606	rlm	naive	0.308402436824747
-0.718230467972596	0.297870420437291	6.29022968820821	-2.41121782726258	0.050602033352381	0.308402436824747	WP_003023546	rlm	naive	0.308402436824747
-0.25196555371449	0.105403756764987	6.53619214199468	-2.39047982204548	0.0506144672056924	0.308402436824747	WP_003039707	rlm	naive	0.308402436824747
-0.898410020899984	0.35421316049066	5.09068523508861	-2.53635415368389	0.0512773817495537	0.308593980452609	WP_003017327	rlm	naive	0.308593980452609
-0.46446071757424	0.195365052107489	6.53915730137199	-2.3773991948094	0.0515482412908924	0.308593980452609	WP_003017219	rlm	naive	0.308593980452609
0.442728532986344	0.1758651717081	5.15060212169774	2.51743155672222	0.0519402888898858	0.308593980452609	WP_003036308	rlm	naive	0.308593980452609
-0.297315753460182	0.122699438439227	5.91412966787712	-2.42312236504197	0.0522353487478381	0.308593980452609	WP_003039703	rlm	naive	0.308593980452609
-1.141490761656	0.459483873114093	5.36530462131081	-2.4842890652934	0.0522468454209968	0.308593980452609	WP_003035153	rlm	naive	0.308593980452609
-0.375826375905661	0.152772105863431	5.530582760904	-2.46004579030695	0.0525333279669578	0.308593980452609	WP_011733696	rlm	naive	0.308593980452609
0.303056894127817	0.125797794104417	5.96796877552344	2.40907955727958	0.0528600047873761	0.308664670812	WP_003040749	rlm	naive	0.308664670812
-0.267304266343385	0.11406460656813	6.53915730137199	-2.34344617831761	0.0541032746199701	0.314055102971542	WP_003040897	rlm	naive	0.314055102971542
-0.93881438389412	0.400824638584648	6.31686433578358	-2.34220727350785	0.0555544399418214	0.320581797546628	WP_003021081	rlm	naive	0.320581797546628
0.425521840924887	0.180557420466198	6.09159545513351	2.35671200788199	0.0559063761308586	0.320726052540189	WP_003038472	rlm	naive	0.320726052540189
-0.383772876861914	0.165876625835523	6.53915730137199	-2.31360431241499	0.0564565772349533	0.321999431787728	WP_003015976	rlm	naive	0.321999431787728
-0.265635712113344	0.114227383954735	6.22394872530324	-2.32549939354829	0.0574734568945455	0.325904400078319	WP_003016111	rlm	naive	0.325904400078319
0.320281609104091	0.138904711080343	6.3457340361176	2.30576491332133	0.058285566059454	0.328610001748991	WP_003040134	rlm	naive	0.328610001748991
-0.306354851432561	0.134429171932158	6.53915730137199	-2.27893132888721	0.0593234039483032	0.332550052990203	WP_003032840	rlm	naive	0.332550052990203
-0.77298341933306	0.339788236686584	6.45362698476093	-2.27489752697369	0.0601921458704428	0.335502813061957	WP_003025780	rlm	naive	0.335502813061957
0.647850034131384	0.273373787267955	5.30643871139514	2.36983231130487	0.0610272726823478	0.338235901137758	WP_003038958	rlm	naive	0.338235901137758
-0.361012381818583	0.160069796643038	6.34243971277999	-2.25534354006617	0.0625999613022343	0.345003157513999	WP_003032698	rlm	naive	0.345003157513999
-0.579269530280987	0.252253061349859	5.76032008229816	-2.29638255798045	0.0632010711539283	0.346370116212311	WP_003040120	rlm	naive	0.346370116212311
0.311658119552182	0.140206986783831	6.53915730137199	2.22284300305727	0.064280269149276	0.348387669062177	WP_003026826	rlm	naive	0.348387669062177
0.267774996424332	0.119171587962774	6.20202404786559	2.24697011260753	0.064283119400205	0.348387669062177	WP_003039917	rlm	naive	0.348387669062177
0.297776561780904	0.134599916693646	6.53915730137199	2.21230866330069	0.065257420588986	0.348387669062177	WP_003038634	rlm	naive	0.348387669062177
-0.507396057600847	0.229638303805979	6.53915730137199	-2.20954452803111	0.0655163152736516	0.348387669062177	WP_003014552	rlm	naive	0.348387669062177
-0.330154158346028	0.149490549594509	6.53915730137199	-2.2085286276729	0.0656117292365945	0.348387669062177	WP_003039477	rlm	naive	0.348387669062177
0.309219549963922	0.140071100805228	6.53915730137199	2.2075899181652	0.0657000191401659	0.348387669062177	WP_003041448	rlm	naive	0.348387669062177
0.367619330407797	0.167736974392481	6.53915730137199	2.19164159684686	0.0672186436821628	0.354524136839794	WP_003038804	rlm	naive	0.354524136839794
-0.641249518437105	0.272585991291708	4.70196244659823	-2.35246688723219	0.0686230585956659	0.358496688920098	WP_003039122	rlm	naive	0.358496688920098
-0.440705601996116	0.202492368160817	6.53915730137199	-2.17640598506959	0.0687027293751054	0.358496688920098	WP_003038628	rlm	naive	0.358496688920098
0.396970303053165	0.182993078884804	6.53915730137199	2.16931867299233	0.0694043926372221	0.360241847497962	WP_003032915	rlm	naive	0.360241847497962
-0.451606301118921	0.208948113057582	6.53915730137199	-2.16133227771464	0.0702037830536778	0.362473216713989	WP_011733639	rlm	naive	0.362473216713989
-0.292246254166019	0.135540176390056	6.53915730137199	-2.15615961222447	0.070726509838209	0.363260241629754	WP_003021049	rlm	naive	0.363260241629754
0.337763426221477	0.157241634945979	6.53915730137199	2.14805338508162	0.0715536322183675	0.365594339615722	WP_003041406	rlm	naive	0.365594339615722
-0.562279636156812	0.262575386785896	6.53915730137199	-2.14140267692072	0.0722395484160401	0.367186512933344	WP_003038261	rlm	naive	0.367186512933344
-0.362828971020793	0.170438592278357	6.53915730137199	-2.12879586818124	0.0735580487489666	0.370634088230755	WP_003038456	rlm	naive	0.370634088230755
0.295054686590432	0.137392655996758	6.23092301347634	2.14752880676092	0.0736734426146761	0.370634088230755	WP_003013909	rlm	naive	0.370634088230755
-0.619128671789631	0.281722418273954	5.53915730137199	-2.19765496683894	0.0740645318360572	0.370700539444756	WP_011733603	rlm	naive	0.370700539444756
-0.432313342525606	0.204027416044657	6.51741893193942	-2.1188982878212	0.074750820148677	0.371742643152831	WP_003033755	rlm	naive	0.371742643152831
-0.440668995533326	0.208355813644718	6.53915730137199	-2.11498296027747	0.0750306252235071	0.371742643152831	WP_003027191	rlm	naive	0.371742643152831
-0.243982581916282	0.115370217217442	6.36895979783385	-2.11477960084308	0.0761809778170279	0.375250057147767	WP_003039136	rlm	naive	0.375250057147767
-1.31234261051189	0.624445520429315	6.53619214199468	-2.10161265887477	0.0765035794388924	0.375250057147767	WP_011733615	rlm	naive	0.375250057147767
-0.2772684987779	0.130459155012668	6.06060089572264	-2.12532802892198	0.0772498432479397	0.375357880854962	WP_003025408	rlm	naive	0.375357880854962
-0.230612056868843	0.110113868176083	6.53915730137199	-2.09430529222778	0.0772908174645283	0.375357880854962	WP_003018097	rlm	naive	0.375357880854962
-0.2855604189582	0.136632687632991	6.53915730137199	-2.08998610731601	0.0777715225169691	0.375831840340624	WP_003014822	rlm	naive	0.375831840340624
0.325238535413437	0.156147425022614	6.53915730137199	2.08289400460068	0.0785673747567619	0.377816640374428	WP_003038361	rlm	naive	0.377816640374428
-0.43082192872919	0.204003395791145	5.9844578633129	-2.11183704593946	0.0792913972433774	0.378086202337035	WP_003021588	rlm	naive	0.378086202337035
-0.24490645853352	0.118023002425463	6.53619214199468	-2.07507395592812	0.0794738153963379	0.378086202337035	WP_003041112	rlm	naive	0.378086202337035
-0.258142198749756	0.124572260518339	6.53915730137199	-2.07222858183386	0.0797796573738699	0.378086202337035	WP_003038363	rlm	naive	0.378086202337035
-0.352198841901152	0.170289342829154	6.53915730137199	-2.06823771851948	0.0802380943299956	0.37843062758522	WP_003021745	rlm	naive	0.37843062758522
-0.55617248633292	0.250072579573406	4.62042452780443	-2.22404426459583	0.0811557706569817	0.380927325428225	WP_003041134	rlm	naive	0.380927325428225
-0.395187054496892	0.192074271842943	6.52924120921077	-2.05747001253782	0.0815535513216235	0.380971589745298	WP_003027204	rlm	naive	0.380971589745298
-0.533268702908614	0.260230676849048	6.53915730137199	-2.04921537063037	0.0824598172789005	0.383379529623703	WP_011733650	rlm	naive	0.383379529623703
-0.387403809808501	0.18518201809995	5.70189466659586	-2.09201635117403	0.08379985426096	0.386925992725905	WP_003039201	rlm	naive	0.386925992725905
0.238034101429893	0.116191540133797	6.32180151897721	2.04863539252335	0.0840114540781018	0.386925992725905	WP_003041347	rlm	naive	0.386925992725905
-0.282181855117928	0.13891241524469	6.53915730137199	-2.03136526437089	0.0846006591706145	0.38781890956249	WP_003021184	rlm	naive	0.38781890956249
-0.366843747914711	0.179222065298014	6.13869215423165	-2.04686709365121	0.0855538730802664	0.388721311302175	WP_003040067	rlm	naive	0.388721311302175
-0.396997177238182	0.187257796663316	5.17525955845414	-2.1200568644518	0.085623763392801	0.388721311302175	WP_003016618	rlm	naive	0.388721311302175
-0.880267408640702	0.435321395947425	6.50120796437816	-2.02210922053327	0.0859862635602161	0.388721311302175	WP_003016134	rlm	naive	0.388721311302175
-0.651156635265865	0.323260204414149	6.53915730137199	-2.01434208842987	0.0866940826744053	0.390123372034824	WP_003035087	rlm	naive	0.390123372034824
-0.271606530618724	0.133782579800998	6.16639511427121	-2.03020849966221	0.0873627368332542	0.391337191020193	WP_003041587	rlm	naive	0.391337191020193
0.360879394683939	0.180365751676918	6.53915730137199	2.00081995239522	0.088393753087773	0.393768923524125	WP_003040306	rlm	naive	0.393768923524125
1.8912946380867	0.878132296118319	4.53915730137199	2.15376959308631	0.0894182465820096	0.393768923524125	WP_011733631	rlm	naive	0.393768923524125
0.269033843028125	0.131676245156279	5.71392677521924	2.04314637548196	0.0894225107130955	0.393768923524125	WP_003040413	rlm	naive	0.393768923524125
0.223807077953036	0.112348977510527	6.53915730137199	1.99207044792256	0.0895111824117023	0.393768923524125	WP_003041536	rlm	naive	0.393768923524125
-0.346637355682136	0.174345605941527	6.53915730137199	-1.98821962738994	0.0900074308642183	0.39414576882321	WP_003033853	rlm	naive	0.39414576882321
-0.472798194009315	0.236865237043883	6.33633412355599	-1.99606409074592	0.0904004056933967	0.39414576882321	WP_003039882	rlm	naive	0.39414576882321
-1.4147420453717	0.689323812116133	5.43317476550029	-2.05236206918288	0.0908623321872399	0.394406849007444	WP_003040839	rlm	naive	0.394406849007444
-0.370470547859444	0.186709177539222	6.28741932494293	-1.98421177117348	0.0922845148170029	0.398664499791534	WP_003041458	rlm	naive	0.398664499791534
-0.37451331443346	0.183121589832512	5.33835546753246	-2.04516198650307	0.0926559693705094	0.398664499791534	WP_003032868	rlm	naive	0.398664499791534
-0.308191876246411	0.157627724077367	6.53915730137199	-1.95518826431284	0.0943780166705776	0.404300586697977	WP_003040297	rlm	naive	0.404300586697977
-0.625109118105616	0.320849024590983	6.53915730137199	-1.94829676949308	0.0953160855337848	0.404957497513882	WP_011733643	rlm	naive	0.404957497513882
-0.300405124460962	0.154212235722438	6.53915730137199	-1.94799798507333	0.0953569642463881	0.404957497513882	WP_003017693	rlm	naive	0.404957497513882
-0.23647813955759	0.121715524793173	6.53915730137199	-1.94287573388382	0.09606047976556	0.406186770043165	WP_003043247	rlm	naive	0.406186770043165
-0.233767457313915	0.120940448570868	6.53915730137199	-1.93291376108081	0.0974434460061876	0.409941688893946	WP_003025459	rlm	naive	0.409941688893946
1.23757677375324	0.621446675506677	5.4242780613255	1.9914448375546	0.098591077959884	0.409941688893946	WP_003032778	rlm	naive	0.409941688893946
-0.244941600762345	0.126094902949631	6.17704177056184	-1.94251785784068	0.098708397397329	0.409941688893946	WP_003038445	rlm	naive	0.409941688893946
-0.420532563465643	0.217256075891919	6.29628129747776	-1.93565386716664	0.0987738520187292	0.409941688893946	WP_003021175	rlm	naive	0.409941688893946
-0.285467843102568	0.145994958930495	5.81039434771638	-1.95532671260569	0.0999000467620219	0.409941688893946	WP_003016871	rlm	naive	0.409941688893946
-0.264147029612559	0.138141234765763	6.53915730137199	-1.91215193682361	0.10038922786967	0.409941688893946	WP_003040479	rlm	naive	0.409941688893946
-0.523366354005145	0.263891830553578	5.33644939128814	-1.98326091757844	0.10053612168523	0.409941688893946	WP_003034246	rlm	naive	0.409941688893946
-0.346511743368567	0.181007887703724	6.45520230699373	-1.91434609709242	0.100653998620563	0.409941688893946	WP_003042802	rlm	naive	0.409941688893946
-0.548492127057049	0.280903463170602	5.75983949643713	-1.95260008853622	0.100709426119716	0.409941688893946	WP_003038954	rlm	naive	0.409941688893946
-0.308563587765203	0.162210959729552	6.53915730137199	-1.90223637342174	0.101826915222786	0.412777701791543	WP_003038428	rlm	naive	0.412777701791543
0.349062772460092	0.18449762131462	6.53915730137199	1.89196353846125	0.103337784555809	0.413926823288121	WP_003040604	rlm	naive	0.413926823288121
-0.242132221960848	0.127986382105962	6.53915730137199	-1.89185925859192	0.103353233947446	0.413926823288121	WP_003039085	rlm	naive	0.413926823288121
-0.316086138349544	0.15878486274189	4.9811259314693	-1.99065662111225	0.103379656766119	0.413926823288121	WP_003014561	rlm	naive	0.413926823288121
-0.280489884802796	0.144450785234341	5.58292299157005	-1.941767809346	0.103798163638	0.413926823288121	WP_003040166	rlm	naive	0.413926823288121
0.234146403805097	0.124841337221177	6.53915730137199	1.87555187261627	0.105797362931216	0.415620026397339	WP_003040148	rlm	naive	0.415620026397339
0.296031576623547	0.152376943092419	5.35240817849011	1.94275833742117	0.105887583803016	0.415620026397339	WP_003025725	rlm	naive	0.415620026397339
-0.528066888828606	0.262281533792594	4.53915730137199	-2.01335900851559	0.105975481992014	0.415620026397339	WP_003039646	rlm	naive	0.415620026397339
0.447391272692217	0.238716704124702	6.53915730137199	1.87415151500461	0.106009873198527	0.415620026397339	WP_003039007	rlm	naive	0.415620026397339
-0.292738439577621	0.15637951893312	6.53915730137199	-1.87197429417096	0.10634110767149	0.415620026397339	WP_003014382	rlm	naive	0.415620026397339
-1.72519644181066	0.864962945608194	4.66099114078871	-1.99453219420584	0.106796945564457	0.415745252375923	WP_003022063	rlm	naive	0.415745252375923
-0.363808631150469	0.195558864676478	6.53915730137199	-1.86035356542049	0.108126275969534	0.419256429747483	WP_003014363	rlm	naive	0.419256429747483
-0.269278957403546	0.145671831461861	6.53915730137199	-1.84853141956994	0.109972489221247	0.424736267425366	WP_003016773	rlm	naive	0.424736267425366
-0.277852189291236	0.15072971386952	6.53915730137199	-1.84338032733055	0.110786521982208	0.424876214556101	WP_003038964	rlm	naive	0.424876214556101
-0.239001529567665	0.129868380488609	6.53915730137199	-1.84033656744205	0.111270294631079	0.424876214556101	WP_003041342	rlm	naive	0.424876214556101
-0.255859689453449	0.139046650221811	6.53915730137199	-1.8400996287598	0.111308039898999	0.424876214556101	WP_003041472	rlm	naive	0.424876214556101
-0.220071590594661	0.119800580922302	6.53915730137199	-1.83698266653139	0.111805749731128	0.425121862349755	WP_003041490	rlm	naive	0.425121862349755
-0.337856237694447	0.173456481732818	4.62128640771121	-1.94778675503669	0.113683288861612	0.430591916499002	WP_003039778	rlm	naive	0.430591916499002
-0.208069231156352	0.113681334383737	6.30278398734465	-1.83028491250818	0.114578584530112	0.430599846736725	WP_003040241	rlm	naive	0.430599846736725
0.351905041210477	0.193406893617053	6.53915730137199	1.81950619561292	0.114636820098737	0.430599846736725	WP_003039877	rlm	naive	0.430599846736725
-0.374403433718293	0.206023921706463	6.53915730137199	-1.81728136527628	0.115002201676883	0.430599846736725	WP_003032894	rlm	naive	0.430599846736725
-0.275361045973429	0.14807296089567	5.61002108264608	-1.85963084892618	0.115679303150547	0.431488199204131	WP_003028678	rlm	naive	0.431488199204131
-0.250782956822758	0.137374591163105	6.10087206959695	-1.82554106039161	0.116899876757751	0.43159167190303	WP_003026086	rlm	naive	0.43159167190303
-0.251514363381804	0.137739298958882	6.07978265940676	-1.82601744950718	0.116990093725827	0.43159167190303	WP_003033724	rlm	naive	0.43159167190303
-0.295626316359047	0.153193195830821	4.53915730137199	-1.92976140197194	0.117365848006138	0.43159167190303	WP_003038904	rlm	naive	0.43159167190303
0.266734836820183	0.142476432747457	5.19690434280265	1.87213303755981	0.117879285839937	0.43159167190303	WP_003017689	rlm	naive	0.43159167190303
-0.304922093974857	0.169496704030301	6.53915730137199	-1.79898538865007	0.118050195887329	0.43159167190303	WP_003037763	rlm	naive	0.43159167190303
-0.46930111406819	0.261124702676871	6.53915730137199	-1.79722986472455	0.118346747953023	0.43159167190303	WP_003039875	rlm	naive	0.43159167190303
-0.701257852800515	0.391444267044337	6.53915730137199	-1.79146282584613	0.119326042149692	0.433551286477214	WP_003034447	rlm	naive	0.433551286477214
-0.206775728128462	0.114900678341973	6.23800337048921	-1.79960406772401	0.120136445251578	0.433742747854235	WP_003039170	rlm	naive	0.433742747854235
-0.776876814156188	0.434984399470194	6.53915730137199	-1.78598776209541	0.120263024889248	0.433742747854235	WP_003038553	rlm	naive	0.433742747854235
-0.308280057009105	0.172512151822522	6.31706300565009	-1.78700487908967	0.121686180594831	0.437267923675933	WP_003021830	rlm	naive	0.437267923675933
0.23253170421924	0.131394816740817	6.53619214199468	1.76971748191498	0.12311036660592	0.440771057081781	WP_003021312	rlm	naive	0.440771057081781
0.291577726986146	0.16570518266335	6.53915730137199	1.75961742595898	0.12487661046963	0.445468926802573	WP_003038268	rlm	naive	0.445468926802573
0.416078074744089	0.224606065988905	4.66539344031107	1.85247924143172	0.127323386752903	0.452097866961133	WP_011733725	rlm	naive	0.452097866961133
0.922224125653729	0.52594942075101	6.30716585407172	1.7534464137956	0.127656584248964	0.452097866961133	WP_011733699	rlm	naive	0.452097866961133
0.33634620007576	0.189559614802666	5.53915730137199	1.77435579000253	0.130460090783096	0.460364564957617	WP_003039521	rlm	naive	0.460364564957617
0.286941226985982	0.166985790374688	6.53915730137199	1.71835715088173	0.132439490148989	0.462791098805064	WP_003025860	rlm	naive	0.462791098805064
0.292937562070201	0.170116037226998	6.44003185898106	1.72198675001648	0.132459727074223	0.462791098805064	WP_003035111	rlm	naive	0.462791098805064
-0.394111002766432	0.215875751264473	4.53915730137199	-1.8256381296091	0.133387476449275	0.462791098805064	WP_003034442	rlm	naive	0.462791098805064
-0.221317908477787	0.129422280077207	6.53915730137199	-1.71004488829713	0.13401545127198	0.462791098805064	WP_011733608	rlm	naive	0.462791098805064
0.246610451798952	0.144459555202483	6.53915730137199	1.70712454052131	0.134573385508508	0.462791098805064	WP_004339068	rlm	naive	0.462791098805064
0.391638818061049	0.228762331997964	6.39994687007886	1.71198997072882	0.134638373410698	0.462791098805064	WP_003038504	rlm	naive	0.462791098805064
0.392780416664013	0.223417145322413	5.40640376624379	1.75805852365176	0.134653248181439	0.462791098805064	WP_003040215	rlm	naive	0.462791098805064
-0.235280256169326	0.137969450321104	6.53915730137199	-1.70530690396856	0.134921767847348	0.462791098805064	WP_003038915	rlm	naive	0.462791098805064
-2.84971461766949	1.57685228286022	4.53915730137199	-1.80721723185158	0.136452334056301	0.465184447982297	WP_011733635	rlm	naive	0.465184447982297
-0.325552850543991	0.187070380864808	5.53915730137199	-1.74026935231003	0.136567911334252	0.465184447982297	WP_003038756	rlm	naive	0.465184447982297
-0.205715471573598	0.121782557460869	6.53915730137199	-1.68920308345223	0.138046241283328	0.466667890626075	WP_003041281	rlm	naive	0.466667890626075
0.321990917087122	0.190633405690538	6.49560666437393	1.6890582000608	0.138381071648856	0.466667890626075	WP_003016128	rlm	naive	0.466667890626075
-0.199349118731552	0.117469301991577	6.2671230614292	-1.69703161040188	0.138500177778356	0.466667890626075	WP_003039809	rlm	naive	0.466667890626075
-0.233811394509737	0.138774337859939	6.53915730137199	-1.68483163469111	0.138906242673613	0.466667890626075	WP_003026287	rlm	naive	0.466667890626075
-0.782592160418163	0.455768865798927	5.53915730137199	-1.71708122064534	0.140883888162096	0.468344072257358	WP_003038424	rlm	naive	0.468344072257358
0.183287464951685	0.109450639110384	6.53915730137199	1.67461301680326	0.140936532684314	0.468344072257358	WP_003040112	rlm	naive	0.468344072257358
0.398427568747765	0.231340278209466	5.4288945092766	1.7222576709578	0.140991482857365	0.468344072257358	WP_003039968	rlm	naive	0.468344072257358
0.321963208062472	0.192511981907429	6.53915730137199	1.67243204746233	0.14137350379117	0.468344072257358	WP_003040333	rlm	naive	0.468344072257358
-0.270326928615061	0.158920576109349	5.66703802355455	-1.70101905765215	0.142747303205526	0.468344072257358	WP_003024580	rlm	naive	0.468344072257358
-0.279395330869532	0.164525105293345	5.71757400833982	-1.69819268841297	0.14283218524649	0.468344072257358	WP_003039327	rlm	naive	0.468344072257358
-0.224374043731179	0.134889255419773	6.53915730137199	-1.66339448633571	0.14319800898315	0.468344072257358	WP_003039079	rlm	naive	0.468344072257358
-0.273494006456448	0.164432094911528	6.53915730137199	-1.66326413711143	0.143224486928856	0.468344072257358	WP_003039530	rlm	naive	0.468344072257358
0.250362921529328	0.150755397360872	6.53915730137199	1.66072277286377	0.14374164652633	0.468473605456245	WP_003038655	rlm	naive	0.468473605456245
-0.838620648156248	0.491020633854688	5.33294657127264	-1.70791325320237	0.144686916865596	0.469614163606129	WP_003032885	rlm	naive	0.469614163606129
-0.256512773967546	0.155221430101943	6.53915730137199	-1.65256030561682	0.145414699876258	0.469614163606129	WP_003034398	rlm	naive	0.469614163606129
-0.440618884692594	0.260274424382156	5.53915730137199	-1.69290119741324	0.145527732656741	0.469614163606129	WP_003019565	rlm	naive	0.469614163606129
-0.19717975101927	0.119679650975823	6.53915730137199	-1.64756288484751	0.146448114283803	0.47103475446692	WP_003016126	rlm	naive	0.47103475446692
-0.295360107665664	0.176835947868687	5.61252246025465	-1.67024924075386	0.149317160405545	0.478693249535425	WP_011733653	rlm	naive	0.478693249535425
-0.208618476684393	0.128966743556653	6.53915730137199	-1.61761451775163	0.152788189379976	0.487164101231142	WP_003040499	rlm	naive	0.487164101231142
0.451340235338528	0.263666510263623	4.55906805503701	1.71178446169467	0.153260599127478	0.487164101231142	WP_003014877	rlm	naive	0.487164101231142
0.389153148784812	0.235576089143476	5.52973852342165	1.65192125482566	0.153834090642725	0.487164101231142	WP_003019781	rlm	naive	0.487164101231142
0.201058527948232	0.124241917525057	6.35749862763599	1.6182825567521	0.153945842387007	0.487164101231142	WP_003040140	rlm	naive	0.487164101231142
0.368617658020544	0.228903299347433	6.47011236110771	1.6103641103969	0.15484780883268	0.488264420325285	WP_003018461	rlm	naive	0.488264420325285
0.22744766054754	0.140738344276166	6.19209625364011	1.61610300105014	0.155665682400727	0.488264420325285	WP_003038530	rlm	naive	0.488264420325285
1.25206206304642	0.762494004627261	5.53915730137199	1.64206151844889	0.155786711072186	0.488264420325285	WP_003034767	rlm	naive	0.488264420325285
-0.225823368771862	0.141234272849777	6.36579632438107	-1.59892754226913	0.158113326392822	0.493978258571206	WP_003015772	rlm	naive	0.493978258571206
0.480462356451931	0.29888394164194	5.92184760074747	1.60752148078775	0.159714998505217	0.497398138201961	WP_003041289	rlm	naive	0.497398138201961
0.365356617838139	0.225633532349883	5.53915730137199	1.61924787522979	0.16061645435084	0.498622600373968	WP_003034797	rlm	naive	0.498622600373968
-0.268993004827393	0.170519274904031	6.53915730137199	-1.57749324807289	0.161687690766624	0.500364746504916	WP_003036989	rlm	naive	0.500364746504916
0.646975796952217	0.394539956001313	4.97296226724626	1.63982326025824	0.162284023142074	0.500630901579794	WP_003038372	rlm	naive	0.500630901579794
0.195582129494025	0.123491224325755	5.99869217752422	1.58377350748506	0.164346124351469	0.505402971751695	WP_003041408	rlm	naive	0.505402971751695
0.422254430190925	0.264521941743652	5.61824499394522	1.59629264554595	0.16487579981173	0.505447373797835	WP_011733665	rlm	naive	0.505447373797835
-0.210267513281577	0.134891522035767	6.3041190509619	-1.55878968602507	0.16768805082136	0.510898352434563	WP_011733672	rlm	naive	0.510898352434563
0.360724619287172	0.231491251240679	6.24205907815521	1.55826458820308	0.168276498006228	0.510898352434563	WP_003040125	rlm	naive	0.510898352434563
-0.226913124314869	0.146503283634787	6.53915730137199	-1.54886033053384	0.168333073311094	0.510898352434563	WP_003041254	rlm	naive	0.510898352434563
0.301996541649691	0.194419413796331	6.31116423319464	1.55332502939266	0.168914588409616	0.510898352434563	WP_003035545	rlm	naive	0.510898352434563
-0.283919667690594	0.180208602516467	5.64884624059321	-1.57550562917578	0.169257863956405	0.510898352434563	WP_003033484	rlm	naive	0.510898352434563
-0.233531919111354	0.151693450028067	6.53915730137199	-1.53949902957672	0.170560312030859	0.512238943264541	WP_003039175	rlm	naive	0.512238943264541
0.22163199117444	0.143966678485518	6.51344966876779	1.53946728163722	0.170746314421514	0.512238943264541	WP_011733570	rlm	naive	0.512238943264541
0.296915707370801	0.193482789337907	6.53915730137199	1.53458459218434	0.171740476887644	0.513650633618227	WP_003040118	rlm	naive	0.513650633618227
0.303915178386084	0.198407002912539	6.53915730137199	1.53177646920081	0.172418221886891	0.514110260398298	WP_003023263	rlm	naive	0.514110260398298
-0.222607267111589	0.145948734055438	6.53915730137199	-1.52524287759175	0.174004716745153	0.516461698342913	WP_003038948	rlm	naive	0.516461698342913
0.515593523637543	0.327988295353903	5.22470529105485	1.57198757071868	0.174259757544857	0.516461698342913	WP_003040565	rlm	naive	0.516461698342913
0.309205299902366	0.203243855093036	6.53915730137199	1.52135128395801	0.174956088811484	0.516963623867667	WP_011733713	rlm	naive	0.516963623867667
0.209407672559669	0.138200134565893	6.53915730137199	1.51524941142387	0.176457491913775	0.519834232935174	WP_011733575	rlm	naive	0.519834232935174
0.22152448988669	0.145690049755963	6.27228467269882	1.52051900769993	0.177074331626843	0.520089578820159	WP_003017470	rlm	naive	0.520089578820159
-0.187469619923364	0.121968681077215	5.68111958606745	-1.53703080387237	0.177936234465086	0.520969574947979	WP_003039424	rlm	naive	0.520969574947979
0.376023265884435	0.247233743583828	6.02801760440092	1.52092210567098	0.17886975477749	0.520969574947979	WP_003038926	rlm	naive	0.520969574947979
0.365390500838228	0.24268958821451	6.47177909563407	1.50558787266664	0.179326803491551	0.520969574947979	WP_003040395	rlm	naive	0.520969574947979
-0.181756266049052	0.119354942617343	5.89530471673839	-1.52282144386572	0.179498181786358	0.520969574947979	WP_011733731	rlm	naive	0.520969574947979
0.205386046144877	0.137324461633007	6.53915730137199	1.49562607930523	0.181366907531092	0.524840520023604	WP_003035703	rlm	naive	0.524840520023604
-0.350835755637623	0.236551060043668	6.4602398479196	-1.48312907823308	0.185104767617899	0.533465435727584	WP_003039451	rlm	naive	0.533465435727584
-0.172994894767554	0.116729921418292	6.45424491424425	-1.4820098623012	0.185434978168304	0.533465435727584	WP_003039802	rlm	naive	0.533465435727584
-0.184859897056195	0.125241645931608	6.53915730137199	-1.47602577146856	0.186395691080641	0.534661324415522	WP_003039700	rlm	naive	0.534661324415522
0.280143338014624	0.190245408088174	6.49060029853556	1.47253666109399	0.187637891618441	0.535527872375021	WP_003033745	rlm	naive	0.535527872375021
-0.22583256114634	0.151158603190639	5.74282912209736	-1.49401063769769	0.18795785459383	0.535527872375021	WP_003035267	rlm	naive	0.535527872375021
0.194547044380141	0.132602004990741	6.53915730137199	1.46715009621254	0.188714659578327	0.535527872375021	WP_003018795	rlm	naive	0.535527872375021
0.169819775293501	0.115550497884339	6.42031379407167	1.46965853373893	0.188881390256633	0.535527872375021	WP_003039354	rlm	naive	0.535527872375021
-0.242506255854332	0.165289666261537	6.41221658890679	-1.4671592080694	0.189593771265993	0.535998529141035	WP_003039798	rlm	naive	0.535998529141035
-0.190989052597308	0.130897624193554	6.53915730137199	-1.45907195622511	0.190848146011746	0.53799434263656	WP_011457527	rlm	naive	0.53799434263656
-0.563165156470072	0.383138589402084	5.96587217444651	-1.46987323137806	0.192268187667928	0.540444389977758	WP_003038377	rlm	naive	0.540444389977758
0.840922542691973	0.568460465030249	5.48955996277697	1.47929820000275	0.194023472903299	0.5433146552906	WP_003034027	rlm	naive	0.5433146552906
-0.283813243097058	0.19560769072094	6.3422009491484	-1.45093090180158	0.194396986755352	0.5433146552906	WP_003034557	rlm	naive	0.5433146552906
0.225928697488188	0.154273586551813	5.67903869846926	1.4644677843949	0.196122337302639	0.546579582084911	WP_003040123	rlm	naive	0.546579582084911
-0.298192923575934	0.207850836612442	6.46626283017146	-1.43464865687283	0.197930754922979	0.550056857165558	WP_003026946	rlm	naive	0.550056857165558
-0.178317401236905	0.124735243723106	6.53915730137199	-1.42956710480916	0.198828567411595	0.550803925089079	WP_003019684	rlm	naive	0.550803925089079
-0.174810113979373	0.122429002518882	6.53619214199468	-1.42784887880152	0.199322521311542	0.550803925089079	WP_003037711	rlm	naive	0.550803925089079
0.316216850805805	0.222497299850011	6.53915730137199	1.42121657664597	0.201141547889193	0.553670953622328	WP_003038505	rlm	naive	0.553670953622328
-0.178989124852652	0.126051312274828	6.53915730137199	-1.41997034082758	0.201488817984884	0.553670953622328	WP_003038296	rlm	naive	0.553670953622328
-0.517231453823952	0.356517659558531	5.3654293043029	-1.45078775190107	0.202676320509369	0.554063375117636	WP_011733629	rlm	naive	0.554063375117636
-0.225069435257476	0.159107154808803	6.53915730137199	-1.41457771354116	0.202997755597569	0.554063375117636	WP_003040596	rlm	naive	0.554063375117636
-0.422010778693177	0.288081521669934	4.9572618613593	-1.46490054706352	0.203326009217481	0.554063375117636	WP_003034189	rlm	naive	0.554063375117636
-0.412291347101865	0.292801936582228	6.26678565203893	-1.40808954993397	0.206728437033307	0.558574891872412	WP_003033386	rlm	naive	0.558574891872412
0.216296074713219	0.154342352982249	6.51316021857279	1.40140454343142	0.206901349296231	0.558574891872412	WP_003039904	rlm	naive	0.558574891872412
-0.235250644717472	0.163422189054773	5.24408473628624	-1.43952694599278	0.206911647034944	0.558574891872412	WP_003034965	rlm	naive	0.558574891872412
0.179070743597242	0.127949601108155	6.53915730137199	1.39954124160086	0.20725918515959	0.558574891872412	WP_003036943	rlm	naive	0.558574891872412
-0.307393493792545	0.220389473627143	6.51895085708045	-1.39477393694672	0.208762264513744	0.560659477333099	WP_003038430	rlm	naive	0.560659477333099
-0.318241258366026	0.21759669656199	4.53915730137199	-1.46252798592172	0.209175707139566	0.560659477333099	WP_011733590	rlm	naive	0.560659477333099
-0.243927452385986	0.175458313353581	6.53915730137199	-1.39023023602437	0.209938176883454	0.561169895157135	WP_003040064	rlm	naive	0.561169895157135
0.199399843548527	0.143479351798222	6.32334785527623	1.38974591848552	0.211563291582644	0.563977144137429	WP_003018080	rlm	naive	0.563977144137429
-0.588231498527153	0.423766714784626	6.30511557976719	-1.38810217509913	0.212168720808645	0.564058306540055	WP_003040924	rlm	naive	0.564058306540055
-0.282620365884258	0.203321869538713	6.12009652398038	-1.39001459373482	0.2129754894527	0.564672851765131	WP_003019758	rlm	naive	0.564672851765131
0.26034709542572	0.188295639801675	6.30221456167573	1.3826506853793	0.213773433246244	0.565260749365407	WP_003034563	rlm	naive	0.565260749365407
-0.223606847436455	0.162944175621624	6.53915730137199	-1.37229113334924	0.215187391305628	0.567469975459196	WP_003039888	rlm	naive	0.567469975459196
0.421989882632604	0.302278547364944	5.53915730137199	1.39602987479998	0.216086032762782	0.568312059357345	WP_003033385	rlm	naive	0.568312059357345
-0.202279590896665	0.147179328972213	6.08739413286294	-1.37437500435169	0.217777430248845	0.571229034957532	WP_003032781	rlm	naive	0.571229034957532
0.265857661143558	0.18665737664763	4.53915730137199	1.42430835533192	0.219318561122962	0.573737355897668	WP_003025316	rlm	naive	0.573737355897668
-0.189790320782327	0.137582989265532	5.48102009896692	-1.37946065713136	0.221385586127237	0.576044161381132	WP_003035085	rlm	naive	0.576044161381132
0.162015224093833	0.119962359473243	6.38705433461859	1.3505504960493	0.222727718055718	0.576044161381132	WP_003034218	rlm	naive	0.576044161381132
0.279947168888279	0.207617858692707	6.45840396304804	1.34837711288905	0.222903428084507	0.576044161381132	WP_003029937	rlm	naive	0.576044161381132
0.288437435200389	0.214263816696101	6.53915730137199	1.34617892861253	0.223037648111625	0.576044161381132	WP_003037539	rlm	naive	0.576044161381132
0.251667376913512	0.187193113658449	6.53915730137199	1.34442646951587	0.223573503972369	0.576044161381132	WP_003033116	rlm	naive	0.576044161381132
-0.169375586835156	0.125047864161008	6.0836034871534	-1.35448604397651	0.22372357338044	0.576044161381132	WP_003038767	rlm	naive	0.576044161381132
2.06995040197256	1.48130576159801	4.53915730137199	1.39738226612953	0.226749375577158	0.580893439470435	WP_003041504	rlm	naive	0.580893439470435
0.254241487566691	0.190588552011285	6.53915730137199	1.33398089698293	0.226791220506806	0.580893439470435	WP_003026382	rlm	naive	0.580893439470435
-0.151210383953322	0.113525451630378	6.53915730137199	-1.33195139752133	0.227421133619516	0.580989927293607	WP_003039430	rlm	naive	0.580989927293607
0.390319251038444	0.292622000434487	6.3094656465047	1.33386843934802	0.228376711105614	0.581787666754458	WP_003041384	rlm	naive	0.581787666754458
-0.297098127590066	0.220281509300428	5.65576472829071	-1.34872022864557	0.228919510058329	0.581787666754458	WP_003039844	rlm	naive	0.581787666754458
-0.186202247679432	0.1398801001839	6.23161588453146	-1.33115609321578	0.229766899213025	0.58227937420391	WP_003033129	rlm	naive	0.58227937420391
0.24291640163532	0.183876075132576	6.53915730137199	1.32108759369687	0.230819374812683	0.58227937420391	WP_003033794	rlm	naive	0.58227937420391
-0.138276486714274	0.104647655114101	6.4996037500586	-1.32135293966699	0.230994035324382	0.58227937420391	WP_003018613	rlm	naive	0.58227937420391
-0.231352163143746	0.174926059818914	6.30970210786561	-1.32257116740207	0.231894251203221	0.58227937420391	WP_003033975	rlm	naive	0.58227937420391
0.289796039196462	0.220027360065574	6.53915730137199	1.31709092501085	0.232080769942639	0.58227937420391	WP_003039049	rlm	naive	0.58227937420391
0.256296826218711	0.193897732350783	6.19906188231387	1.32181445915541	0.232913567860772	0.582878086916881	WP_003038450	rlm	naive	0.582878086916881
-0.375457098838966	0.28284610592013	5.53239795038325	-1.32742537719429	0.236510337417289	0.587405246057366	WP_003041357	rlm	naive	0.587405246057366
0.24156176933137	0.185113904475406	6.30317937664331	1.30493584485688	0.237528966549652	0.587405246057366	WP_003039383	rlm	naive	0.587405246057366
-0.174446106649708	0.134193404562339	6.53915730137199	-1.2999603610822	0.237556310758958	0.587405246057366	WP_003040814	rlm	naive	0.587405246057366
-0.684754137242588	0.503639157716439	4.53915730137199	-1.35961258522341	0.237582558541628	0.587405246057366	WP_003036703	rlm	naive	0.587405246057366
0.250542725045535	0.189392095914392	5.53915730137199	1.32287846457322	0.237859725894304	0.587405246057366	WP_003039755	rlm	naive	0.587405246057366
-0.243736733042043	0.187834646488125	6.53915730137199	-1.29761328700056	0.238315278216954	0.587405246057366	WP_003038264	rlm	naive	0.587405246057366
0.181489143491313	0.140193421843466	6.53915730137199	1.29456247736043	0.239304983555832	0.58836638814103	WP_003019812	rlm	naive	0.58836638814103
0.160548439749894	0.124613300442721	6.53915730137199	1.28837322484441	0.241323872230608	0.590451168442455	WP_003038526	rlm	naive	0.590451168442455
-0.42268091177282	0.328098873960339	6.53915730137199	-1.28827297293289	0.241356695764959	0.590451168442455	WP_003041045	rlm	naive	0.590451168442455
-0.149929601338766	0.116426452842535	6.21621086895204	-1.28776233990005	0.243689970147434	0.592380614217194	WP_003034470	rlm	naive	0.592380614217194
0.191016244138692	0.148832772307892	6.35093787991031	1.28342865067066	0.244181724780719	0.592380614217194	WP_011733686	rlm	naive	0.592380614217194
0.278146149067463	0.215775889169502	6.02601441589963	1.28905110824948	0.244649120753053	0.592380614217194	WP_003034837	rlm	naive	0.592380614217194
-0.243811620768953	0.182718443260864	4.53915730137199	-1.33435692871391	0.245100632353206	0.592380614217194	WP_003039759	rlm	naive	0.592380614217194
-0.412313134958591	0.318943913864637	5.80487257937255	-1.29274495306275	0.245164657871744	0.592380614217194	WP_011733584	rlm	naive	0.592380614217194
0.136879060291595	0.107876738426212	6.53619214199468	1.26884685510974	0.247809700408818	0.596012591166589	WP_003040990	rlm	naive	0.596012591166589
0.133754613683167	0.105437122693484	6.53915730137199	1.26857230419693	0.247882912534117	0.596012591166589	WP_003038501	rlm	naive	0.596012591166589
0.193225942284411	0.153801323646067	6.53619214199468	1.25633471613723	0.252032237948647	0.598253599935292	WP_003040369	rlm	naive	0.598253599935292
0.297606980512534	0.235193377935587	6.0757042365332	1.26537142807669	0.252099136601796	0.598253599935292	WP_003041209	rlm	naive	0.598253599935292
0.472261378803486	0.363555620042268	4.85960045293359	1.29900722961889	0.252155503229671	0.598253599935292	WP_011733633	rlm	naive	0.598253599935292
-0.237715122431006	0.187849467405522	6.00778493442826	-1.26545539742115	0.252570112356399	0.598253599935292	WP_003016899	rlm	naive	0.598253599935292
0.166784385244805	0.13302410363895	6.53915730137199	1.25379070921978	0.252879720964577	0.598253599935292	WP_003038937	rlm	naive	0.598253599935292
-0.210902333222267	0.165465637514296	5.50684774501021	-1.27459898254733	0.253587147664065	0.598253599935292	WP_003035141	rlm	naive	0.598253599935292
-0.173736628922702	0.136222364379591	5.4740692540256	-1.27538990909433	0.253617316680859	0.598253599935292	WP_003036870	rlm	naive	0.598253599935292
-0.80545975781725	0.616560974700602	4.53915730137199	-1.30637486131583	0.253693677444528	0.598253599935292	WP_003041579	rlm	naive	0.598253599935292
0.185224342669428	0.148554662765116	6.53915730137199	1.24684300863913	0.255258280411158	0.600499695643515	WP_003041142	rlm	naive	0.600499695643515
-2.02829770893247	1.56465660936555	4.53915730137199	-1.29632131215994	0.256849834326213	0.601172842796321	WP_003040440	rlm	naive	0.601172842796321
-0.271526243672942	0.215089258760206	5.53915730137199	-1.26238867174513	0.257350617604697	0.601172842796321	WP_003039832	rlm	naive	0.601172842796321
0.177077584302401	0.141499526097742	5.99626756028838	1.25143588240771	0.257382868475489	0.601172842796321	WP_003017997	rlm	naive	0.601172842796321
0.211288712983249	0.17066303650973	6.53915730137199	1.23804613643566	0.258297565163761	0.60187627417019	WP_003034781	rlm	naive	0.60187627417019
-0.196422146538021	0.156167245738957	5.40573507044598	-1.25776788601594	0.260074754775217	0.60329409624511	WP_003016117	rlm	naive	0.60329409624511
0.168645482430065	0.136056823354114	6.00308429498238	1.23952241624173	0.261410520168061	0.60329409624511	WP_003035107	rlm	naive	0.60329409624511
0.369460976648651	0.300611040578306	6.53915730137199	1.22903329145162	0.261443696379216	0.60329409624511	WP_003038864	rlm	naive	0.60329409624511
-0.217348504408428	0.171982950709036	5.04708601630404	-1.26377936599158	0.26153571470035	0.60329409624511	WP_003014689	rlm	naive	0.60329409624511
0.20557455655704	0.162671450013863	5.00547359050048	1.26374085028148	0.261980922528458	0.60329409624511	WP_011733645	rlm	naive	0.60329409624511
-0.807056368765586	0.655061024663488	6.16793317750842	-1.2320323426053	0.262829552106162	0.603355364728541	WP_003018004	rlm	naive	0.603355364728541
0.413915932117007	0.338183782613606	6.44638117744978	1.22393785094636	0.263818018728897	0.603355364728541	WP_003036417	rlm	naive	0.603355364728541
-0.239517346057355	0.195961701848862	6.53508314364509	-1.22226610504784	0.263852651853765	0.603355364728541	WP_003040261	rlm	naive	0.603355364728541
-0.168890050121338	0.138901310653607	6.53915730137199	-1.2158996148173	0.266087086136981	0.607049840698554	WP_003034273	rlm	naive	0.607049840698554
-0.510832399252694	0.411871463028164	5.30997241536965	-1.24027140772742	0.266865150513704	0.607412326343256	WP_003017394	rlm	naive	0.607412326343256
0.22564969645529	0.186604432449014	6.53915730137199	1.20924081756174	0.268468094886644	0.607729177804778	WP_004339137	rlm	naive	0.607729177804778
-0.181402431145129	0.150042553940366	6.53915730137199	-1.20900655434875	0.268552190936723	0.607729177804778	WP_003015654	rlm	naive	0.607729177804778
-0.219879356736406	0.180859137591424	6.12334930888202	-1.215749227076	0.268862857458995	0.607729177804778	WP_003041582	rlm	naive	0.607729177804778
0.197190387301564	0.164125685719762	5.79717190808392	1.20145964013371	0.276346403480572	0.623208785780324	WP_011733726	rlm	naive	0.623208785780324
0.62376401625536	0.527723590214629	6.53915730137199	1.18199001867942	0.278401995500934	0.623513987293523	WP_011733673	rlm	naive	0.623513987293523
-0.205208517191188	0.172499568798086	6.09804987448525	-1.18961756612499	0.278444011599216	0.623513987293523	WP_003015169	rlm	naive	0.623513987293523
-0.169515025391316	0.143212429386913	6.40667647868125	-1.18366140506801	0.278598448957232	0.623513987293523	WP_003039932	rlm	naive	0.623513987293523
0.348948733987386	0.295851911527744	6.53915730137199	1.17947094607385	0.279335798703858	0.623513987293523	WP_011733694	rlm	naive	0.623513987293523
0.245945313792608	0.208852229523063	6.53915730137199	1.17760444479933	0.280029401529361	0.623513987293523	WP_003035764	rlm	naive	0.623513987293523
-0.130331330210406	0.110810124732721	6.41143391398118	-1.17616806699543	0.281345134336909	0.623513987293523	WP_003040172	rlm	naive	0.623513987293523
0.193076504510776	0.164835865024157	6.53915730137199	1.17132581845875	0.282373239513971	0.623513987293523	WP_003037729	rlm	naive	0.623513987293523
-0.168213608560707	0.140902939109149	5.36556263269381	-1.19382611622035	0.282642066686647	0.623513987293523	WP_003038934	rlm	naive	0.623513987293523
-0.19183234232696	0.164088147430617	6.53915730137199	-1.16908104168874	0.283215221625302	0.623513987293523	WP_003022867	rlm	naive	0.623513987293523
0.187999720041982	0.160344779285873	6.28801321437757	1.17247172548602	0.283504808160528	0.623513987293523	WP_003041213	rlm	naive	0.623513987293523
0.20139825667522	0.172467312618945	6.53915730137199	1.16774740451947	0.283716447813858	0.623513987293523	WP_003039499	rlm	naive	0.623513987293523
0.155022010949651	0.1329144259612	6.53915730137199	1.16632946219777	0.284250176130912	0.623513987293523	WP_003040366	rlm	naive	0.623513987293523
-0.172298396135534	0.147393123245945	6.24886303247572	-1.16897174265064	0.285066685440646	0.623513987293523	WP_003039065	rlm	naive	0.623513987293523
0.199312180889278	0.169048372956964	5.68337891085234	1.1790245442943	0.285380000300501	0.623513987293523	WP_003039053	rlm	naive	0.623513987293523
-0.785224674283986	0.674630901986702	6.3945965528603	-1.16393226573464	0.286033436713252	0.62355289203489	WP_003025094	rlm	naive	0.62355289203489
-0.233879115111162	0.197736485003592	5.2079627887675	-1.18278179723339	0.288063393621642	0.626585785239093	WP_003039215	rlm	naive	0.626585785239093
0.188499994584315	0.16097193661238	5.38832356807197	1.17101153499956	0.290761455124642	0.629708903852802	WP_003038477	rlm	naive	0.629708903852802
-0.16979616613118	0.147757760430012	6.53915730137199	-1.14915227218543	0.290783010647624	0.629708903852802	WP_003025739	rlm	naive	0.629708903852802
-0.180606772439398	0.157724691521356	6.53915730137199	-1.14507608604163	0.292351556806479	0.630958624821427	WP_003022662	rlm	naive	0.630958624821427
-0.235812060680619	0.206148550813602	6.53915730137199	-1.14389385591092	0.292807805215552	0.630958624821427	WP_003022431	rlm	naive	0.630958624821427
0.285286344835954	0.247867654108711	6.03641793598967	1.15096237894288	0.29328963600262	0.630958624821427	WP_003039746	rlm	naive	0.630958624821427
-0.13006660466448	0.114758035298435	6.53915730137199	-1.13339867074435	0.296884172637074	0.634591556768441	WP_003038961	rlm	naive	0.634591556768441
0.124914488726698	0.11021803518138	6.53915730137199	1.13333982520313	0.29690716070892	0.634591556768441	WP_003039743	rlm	naive	0.634591556768441
0.360736600491795	0.31450038306483	5.74109147294426	1.14701482070193	0.296918985276977	0.634591556768441	WP_003038348	rlm	naive	0.634591556768441
-0.283448321798407	0.250831774253481	6.51100112725159	-1.13003355592408	0.298365481437651	0.636296820196383	WP_003039119	rlm	naive	0.636296820196383
0.147261881315084	0.131202960884576	6.53915730137199	1.12239754592608	0.301207499566151	0.640964332048578	WP_003038269	rlm	naive	0.640964332048578
-0.238158629035585	0.212312294558813	6.43744269519874	-1.12173734229796	0.302065141901892	0.64117456836334	WP_011733709	rlm	naive	0.64117456836334
0.165255795507349	0.147031398597303	6.20721355989895	1.12394901418274	0.302613481296867	0.64117456836334	WP_003040829	rlm	naive	0.64117456836334
0.130618361789294	0.117958266673364	6.53915730137199	1.10732690020774	0.307214430812031	0.649520165143539	WP_011733610	rlm	naive	0.649520165143539
-0.146516375433965	0.132650433864182	6.53915730137199	-1.10452993756493	0.30834003195123	0.650145947290426	WP_003036264	rlm	naive	0.650145947290426
-0.152465220029657	0.137464328317122	6.15277072638154	-1.10912570480052	0.30883589341217	0.650145947290426	WP_003041349	rlm	naive	0.650145947290426
-0.166524248773222	0.151617008889416	6.53915730137199	-1.09832168562749	0.310850559369248	0.652985864542254	WP_003026207	rlm	naive	0.652985864542254
-0.147829970913249	0.134976375549727	6.21820588067821	-1.09522848210416	0.31401424479827	0.656136290595135	WP_003040510	rlm	naive	0.656136290595135
0.16595876743145	0.151212926823813	6.07240892699781	1.09751706363583	0.314018264720932	0.656136290595135	WP_003038584	rlm	naive	0.656136290595135
-0.123635241116645	0.113595495665234	6.53915730137199	-1.08838154534752	0.314905039793772	0.656136290595135	WP_003038662	rlm	naive	0.656136290595135
0.220062457486119	0.202691668238686	6.53915730137199	1.08570055887535	0.3160059489711	0.656136290595135	WP_003040969	rlm	naive	0.656136290595135
-0.162526322265561	0.149790319874915	6.53915730137199	-1.08502553703926	0.316283630992664	0.656136290595135	WP_003014814	rlm	naive	0.656136290595135
-0.192945839205071	0.174819176933664	5.39150312365416	-1.10368806551632	0.316536313504581	0.656136290595135	WP_003040406	rlm	naive	0.656136290595135
-0.149627097224905	0.135858598196236	5.36737176847321	-1.10134433308948	0.317667703283831	0.656136290595135	WP_003040218	rlm	naive	0.656136290595135
-0.430953707345168	0.399373785736442	6.53915730137199	-1.0790735965569	0.318740675460686	0.656136290595135	WP_003037818	rlm	naive	0.656136290595135
-0.134880156457676	0.125101561473572	6.53915730137199	-1.07816525124804	0.319117014787163	0.656136290595135	WP_003028608	rlm	naive	0.656136290595135
-0.145842074439115	0.134384078222194	6.02850346395485	-1.08526304878154	0.319285597953822	0.656136290595135	WP_011733616	rlm	naive	0.656136290595135
0.146858449694634	0.136391548252242	6.53915730137199	1.07674156922857	0.31970759113606	0.656136290595135	WP_003020335	rlm	naive	0.656136290595135
0.163512444516882	0.152529160080875	6.53915730137199	1.07200776841741	0.321677664113472	0.658153315150766	WP_011733612	rlm	naive	0.658153315150766
-0.142911947362099	0.133418131912157	6.53915730137199	-1.07115835991612	0.322032203131873	0.658153315150766	WP_003040992	rlm	naive	0.658153315150766
-0.218414542199295	0.204222156250202	6.53915730137199	-1.06949483939297	0.322727465677962	0.658203001725739	WP_003035781	rlm	naive	0.658203001725739
-1.14818650149832	1.07613775072811	5.90758844185995	-1.06695123437633	0.327643057098765	0.666841989655371	WP_003040989	rlm	naive	0.666841989655371
-0.164151226382127	0.154999690426595	6.30256819481023	-1.05904228537712	0.328471045933634	0.666951159434765	WP_003014068	rlm	naive	0.666951159434765
0.158629248076148	0.150058346425502	6.34141417296585	1.05711712713628	0.329056433401046	0.666951159434765	WP_003022001	rlm	naive	0.666951159434765
0.180450015661358	0.169673390381695	5.45578427678937	1.06351393848747	0.332338575627171	0.672214727196401	WP_003035113	rlm	naive	0.672214727196401
-0.905600354993453	0.854757380997191	5.46342032185292	-1.05948234566509	0.333955996588924	0.67409636348505	WP_003040026	rlm	naive	0.67409636348505
-0.428612400607939	0.406912409572327	5.53915730137199	-1.05332840809259	0.335953545297681	0.676230084291802	WP_003035393	rlm	naive	0.676230084291802
-0.145498551569952	0.138031784267212	5.4396514870824	-1.05409455034128	0.336391723888277	0.676230084291802	WP_003039265	rlm	naive	0.676230084291802
0.206741662710103	0.198199387119368	5.75729119492875	1.04309940466965	0.338708432664816	0.678181171347297	WP_003039773	rlm	naive	0.678181171347297
-0.234321171791358	0.22609230619327	6.19883623425977	-1.03639604432648	0.338744927584277	0.678181171347297	WP_003034840	rlm	naive	0.678181171347297
-0.203375050152199	0.194138076493762	5.34971683948316	-1.04757940237825	0.339836309545928	0.678980488115183	WP_003021600	rlm	naive	0.678980488115183
-0.121646562133037	0.118476935305814	6.4619139546877	-1.02675311290794	0.341427447863216	0.680075363604001	WP_003038739	rlm	naive	0.680075363604001
-0.280102528032075	0.273266889109277	6.53915730137199	-1.02501451582765	0.341770799446251	0.680075363604001	WP_011733617	rlm	naive	0.680075363604001
-0.347242041702614	0.339295324388334	6.53915730137199	-1.02342124026792	0.34246921833795	0.6800856339869	WP_003040974	rlm	naive	0.6800856339869
-0.181538355885351	0.17672160209834	6.0834191246014	-1.02725616862805	0.343400354475672	0.680557066142696	WP_003040900	rlm	naive	0.680557066142696
-0.12073985423739	0.118991506797444	6.26503083940995	-1.01469304395752	0.347824573815934	0.683227556859786	WP_003038465	rlm	naive	0.683227556859786
-0.131795916722674	0.129826218810005	6.19789502342403	-1.01517180374444	0.348002584333359	0.683227556859786	WP_011733571	rlm	naive	0.683227556859786
0.172269934942775	0.170653708736932	6.53915730137199	1.00947079449843	0.348632889289209	0.683227556859786	WP_003041015	rlm	naive	0.683227556859786
0.167061392880389	0.164917432360381	6.24291076270637	1.0130002055533	0.348699201632752	0.683227556859786	WP_003035603	rlm	naive	0.683227556859786
0.467077191343372	0.44826839434882	4.53915730137199	1.04195878458457	0.349713757386389	0.683227556859786	WP_011733692	rlm	naive	0.683227556859786
0.166304586478352	0.165354505482069	6.53915730137199	1.00574572185689	0.350293458711839	0.683227556859786	WP_003039996	rlm	naive	0.683227556859786
0.132657764913218	0.13198633418404	6.53915730137199	1.00508712309747	0.350587697263158	0.683227556859786	WP_003039908	rlm	naive	0.683227556859786
0.317498430694876	0.311160519461873	5.34595951775272	1.02036862274161	0.351487975450679	0.683227556859786	WP_003039190	rlm	naive	0.683227556859786
-0.140503526899839	0.138062911159757	5.45719933759728	-1.01767756249365	0.351806946111	0.683227556859786	WP_003039688	rlm	naive	0.683227556859786
-0.219377749060734	0.218890771883183	6.53915730137199	-1.00222474969302	0.351868765030129	0.683227556859786	WP_003039835	rlm	naive	0.683227556859786
-0.376399627106306	0.375688891048542	6.4651052946461	-1.00189182079827	0.352408913120338	0.683227556859786	WP_003035895	rlm	naive	0.683227556859786
-0.112389573578109	0.112742640777418	6.53915730137199	-0.996868379196426	0.354275915822372	0.683884692493491	WP_003036833	rlm	naive	0.683884692493491
0.193295380043952	0.194119015456956	6.53915730137199	0.995757059600445	0.354776957474615	0.683884692493491	WP_003038744	rlm	naive	0.683884692493491
0.213498327666306	0.211818322719045	5.62281137785707	1.00793134855236	0.354874834184399	0.683884692493491	WP_011733727	rlm	naive	0.683884692493491
-0.33853228074025	0.34055004658333	6.53915730137199	-0.994074979982167	0.355536384476739	0.683884692493491	WP_003038558	rlm	naive	0.683884692493491
-0.157225044029986	0.158441200833829	6.43127133862152	-0.992324238913601	0.356895294661026	0.684907395957128	WP_003033387	rlm	naive	0.684907395957128
0.169690519239023	0.165785976222236	4.53915730137199	1.02355170868947	0.357464410530122	0.684907395957128	WP_003041055	rlm	naive	0.684907395957128
-0.241013383297738	0.243208788984097	6.08977702304225	-0.990973164680729	0.359425421272715	0.685659782478679	WP_003035266	rlm	naive	0.685659782478679
0.103517453804412	0.105123673364364	6.53915730137199	0.98472066749052	0.359782916403059	0.685659782478679	WP_003034932	rlm	naive	0.685659782478679
0.401111762080061	0.40327877621798	5.74383575870377	0.994626510826476	0.359953912310417	0.685659782478679	WP_003039983	rlm	naive	0.685659782478679
0.140390236058902	0.143099456980631	6.53915730137199	0.981067566719728	0.361452005175671	0.687179102863048	WP_003033338	rlm	naive	0.687179102863048
0.14820472955354	0.15167609664128	6.53915730137199	0.977113288351887	0.363265488996298	0.689290995561641	WP_003034128	rlm	naive	0.689290995561641
-0.659071428480848	0.670973159586763	5.84386500561919	-0.982261986286835	0.364870845887273	0.691000578794238	WP_003041048	rlm	naive	0.691000578794238
0.132344476278698	0.13644507537635	6.12514053327898	0.969946888252711	0.368800224218089	0.695915819424166	WP_003041114	rlm	naive	0.695915819424166
-0.203050706271609	0.206184381267276	5.07202034380568	-0.984801588867174	0.36933839777575	0.695915819424166	WP_011733656	rlm	naive	0.695915819424166
-0.154927023313658	0.15879623885674	5.58424961385006	-0.975634085725589	0.369594436207942	0.695915819424166	WP_003018370	rlm	naive	0.695915819424166
-0.17924284153548	0.184167151633296	5.53915730137199	-0.973261735037196	0.370985682047275	0.697197230054363	WP_003034440	rlm	naive	0.697197230054363
-0.229467085663298	0.239321998803018	6.53915730137199	-0.958821532541889	0.371746323003603	0.697290904142513	WP_003021127	rlm	naive	0.697290904142513
-0.154884985566266	0.16285692042476	6.53915730137199	-0.951049455941439	0.375395675786827	0.702017488039826	WP_003033849	rlm	naive	0.702017488039826
-0.136165970307726	0.141408150392528	5.5415587944668	-0.962928727444275	0.375697432437216	0.702017488039826	WP_003039550	rlm	naive	0.702017488039826
-0.116860390914886	0.123339002683023	6.53915730137199	-0.947473129932901	0.37708413830427	0.70321089202286	WP_003037455	rlm	naive	0.70321089202286
-0.250100516048477	0.26430355101779	6.36213139755475	-0.946262413370464	0.378554407549766	0.70321089202286	WP_003021424	rlm	naive	0.70321089202286
0.107486395003521	0.114021116926056	6.49902598706894	0.942688494037705	0.379550727391597	0.70321089202286	WP_003039501	rlm	naive	0.70321089202286
-0.338067769392568	0.358897234788798	6.53619214199468	-0.941962591580047	0.379711739898612	0.70321089202286	WP_003041257	rlm	naive	0.70321089202286
0.157735982483733	0.167795624131246	6.53915730137199	0.940048247982647	0.380608145199684	0.70321089202286	WP_003036543	rlm	naive	0.70321089202286
0.158269459821998	0.16919347500854	6.53915730137199	0.935434772611707	0.382810425575396	0.70321089202286	WP_003033196	rlm	naive	0.70321089202286
0.216146305435023	0.231089731481547	6.53915730137199	0.935334962956945	0.382858177549831	0.70321089202286	WP_003022463	rlm	naive	0.70321089202286
-0.483100353052455	0.519379037001688	6.53915730137199	-0.930149887914872	0.385345111544006	0.70321089202286	WP_003042287	rlm	naive	0.70321089202286
-0.110930763110044	0.119069619210391	6.28270170619377	-0.931646240625274	0.385921371763014	0.70321089202286	WP_003040816	rlm	naive	0.70321089202286
-0.14999327495424	0.156481282432615	4.53915730137199	-0.958538124320596	0.386016066257991	0.70321089202286	WP_003040758	rlm	naive	0.70321089202286
-0.13815083251769	0.148972398514821	6.53915730137199	-0.927358583838234	0.386688982372286	0.70321089202286	WP_003033374	rlm	naive	0.70321089202286
-0.139976655182319	0.151013155306402	6.53915730137199	-0.926916962289212	0.386901925821325	0.70321089202286	WP_003018629	rlm	naive	0.70321089202286
0.409624273862194	0.441719897897221	6.32630179290207	0.927339419872604	0.387761145799434	0.70321089202286	WP_003039149	rlm	naive	0.70321089202286
0.139529086479718	0.150892124741892	6.53915730137199	0.924694292153347	0.38797501377276	0.70321089202286	WP_003038941	rlm	naive	0.70321089202286
-0.0997473576552231	0.107954086767634	6.53619214199468	-0.923979449429503	0.388334911364039	0.70321089202286	WP_003038463	rlm	naive	0.70321089202286
-0.240220152151511	0.259946800160345	6.3125514453014	-0.924112749236896	0.389386081677918	0.70321089202286	WP_003038355	rlm	naive	0.70321089202286
0.243508931576272	0.26445787404038	6.53915730137199	0.92078533286209	0.389867690156392	0.70321089202286	WP_003034389	rlm	naive	0.70321089202286
-0.263528146776583	0.277661312700726	4.53915730137199	-0.94909926130265	0.390315365530482	0.70321089202286	WP_003035180	rlm	naive	0.70321089202286
0.148887919176668	0.162031786515102	6.53915730137199	0.918880933049462	0.390792303423088	0.70321089202286	WP_011733644	rlm	naive	0.70321089202286
-0.154990426926522	0.16575913937927	5.24271976874749	-0.935033974638899	0.390808204462742	0.70321089202286	WP_003038609	rlm	naive	0.70321089202286
-0.257339139890294	0.277025341352597	5.57190932389622	-0.928937181825376	0.391389548465323	0.70321089202286	WP_003038710	rlm	naive	0.70321089202286
0.185217748987543	0.202516077795596	6.53915730137199	0.914582935852073	0.392885120047445	0.704607500487283	WP_003040317	rlm	naive	0.704607500487283
-0.173098424434267	0.19016320353803	6.53915730137199	-0.910262454637546	0.394997376919309	0.706198007754912	WP_003033759	rlm	naive	0.706198007754912
-0.185159270297169	0.203740172487184	6.53915730137199	-0.908800989205089	0.395713806157184	0.706198007754912	WP_003040762	rlm	naive	0.706198007754912
0.431748242927172	0.468015490562353	5.32503354787078	0.922508446052493	0.396138302023975	0.706198007754912	WP_003019199	rlm	naive	0.706198007754912
-0.117932032094946	0.129841314099959	6.36272903524557	-0.908278177192167	0.396828100405918	0.706198007754912	WP_003040146	rlm	naive	0.706198007754912
-0.144010175387308	0.15909995739327	6.53915730137199	-0.905155335971195	0.397505201010769	0.706198007754912	WP_003035158	rlm	naive	0.706198007754912
0.169282234115533	0.182153209221854	4.6828855245867	0.92933983891195	0.398091231690588	0.706198007754912	WP_003038551	rlm	naive	0.706198007754912
0.193506046755252	0.215314910925308	6.53915730137199	0.898711779521754	0.400686263178369	0.707302881680401	WP_003037531	rlm	naive	0.707302881680401
-0.205198392994484	0.228382671051009	6.53915730137199	-0.898484950938566	0.400798589587867	0.707302881680401	WP_003039691	rlm	naive	0.707302881680401
-0.1909352768903	0.210129137132913	5.53915730137199	-0.908656835960488	0.401335802424926	0.707302881680401	WP_003039974	rlm	naive	0.707302881680401
0.356137398357	0.398665220917107	6.37257788217882	0.893324472944307	0.404155328522816	0.707302881680401	WP_003038642	rlm	naive	0.707302881680401
-0.267485006636326	0.298930849190396	6.16107200510294	-0.89480562933121	0.404490490017584	0.707302881680401	WP_003041277	rlm	naive	0.707302881680401
-0.227099038249791	0.254700961953726	6.4466083295438	-0.891630076729156	0.404640149828328	0.707302881680401	WP_003040911	rlm	naive	0.707302881680401
0.148522310009653	0.166677551514172	6.39198920847129	0.891075664721562	0.405179011569622	0.707302881680401	WP_003016007	rlm	naive	0.707302881680401
0.163499481452618	0.182953890944872	6.09504490574282	0.893664959013547	0.405403357374633	0.707302881680401	WP_003038931	rlm	naive	0.707302881680401
0.114767318311123	0.129209461010978	6.53915730137199	0.888226894634066	0.40590298105145	0.707302881680401	WP_003038514	rlm	naive	0.707302881680401
0.114886762328775	0.129350081421811	6.53915730137199	0.888184692780587	0.405924079904247	0.707302881680401	WP_003040462	rlm	naive	0.707302881680401
0.145505591424523	0.164865119907233	6.53915730137199	0.88257353348238	0.408736630259221	0.710194299535072	WP_003032557	rlm	naive	0.710194299535072
0.228162268813593	0.256371344194315	5.57000874750673	0.88996790780431	0.410271219800942	0.710194299535072	WP_003039815	rlm	naive	0.710194299535072
-0.154384914125544	0.175898748808291	6.53915730137199	-0.877691940229807	0.411195192972273	0.710194299535072	WP_003032783	rlm	naive	0.710194299535072
0.30493815232974	0.347573523049878	6.53915730137199	0.877334238966125	0.41137577359209	0.710194299535072	WP_003039971	rlm	naive	0.710194299535072
-0.122148648076694	0.139350279018641	6.44735668073759	-0.876558331543445	0.412192371320514	0.710194299535072	WP_003037043	rlm	naive	0.710194299535072
-0.113269587600829	0.129436774374768	6.53915730137199	-0.875095877102679	0.412507107770943	0.710194299535072	WP_003034347	rlm	naive	0.710194299535072
-0.096243125408541	0.110015873151507	6.53915730137199	-0.874811267243236	0.412651122054017	0.710194299535072	WP_003039205	rlm	naive	0.710194299535072
-0.470064215509539	0.539000808688347	6.42251956277264	-0.872102987476837	0.414562071523072	0.711795658877604	WP_003038431	rlm	naive	0.711795658877604
-0.157092238285831	0.180541899214828	6.53915730137199	-0.870115130997407	0.415032738917421	0.711795658877604	WP_003038779	rlm	naive	0.711795658877604
-0.154690616510179	0.176330225399901	5.53142643766296	-0.877277937797418	0.416805178701309	0.713587923745174	WP_003041796	rlm	naive	0.713587923745174
-0.142721611613456	0.165219603377306	6.53915730137199	-0.863829767751758	0.418236091594754	0.714111227817829	WP_003038714	rlm	naive	0.714111227817829
-0.105482069330861	0.122691998560643	6.53915730137199	-0.859730630915796	0.420334952078723	0.714111227817829	WP_003035698	rlm	naive	0.714111227817829
-0.124949150962967	0.145579381697216	6.51360139180124	-0.858288787232541	0.421189530824923	0.714111227817829	WP_003032777	rlm	naive	0.714111227817829
-0.203799861550319	0.236178869183912	5.999523212309	-0.862904722401816	0.421339589087171	0.714111227817829	WP_003038426	rlm	naive	0.714111227817829
-0.14168740411643	0.165439734917655	6.53915730137199	-0.856429105057213	0.422030996638826	0.714111227817829	WP_011733733	rlm	naive	0.714111227817829
0.189651282774746	0.22139598637564	6.34142257841772	0.856615722260506	0.422842033031556	0.714111227817829	WP_003038723	rlm	naive	0.714111227817829
0.165887730445524	0.194295880584291	6.53915730137199	0.8537892308713	0.423390722587464	0.714111227817829	WP_003040378	rlm	naive	0.714111227817829
-0.135322707872112	0.158509468333876	6.53915730137199	-0.853720028806579	0.423426409462069	0.714111227817829	WP_011733562	rlm	naive	0.714111227817829
0.353752508133359	0.41127160788181	5.83031100722323	0.860143276009997	0.423662318644216	0.714111227817829	WP_003040474	rlm	naive	0.714111227817829
-0.140114386310417	0.163966416158741	6.04163936462587	-0.854531004536735	0.425392578503815	0.71470136520628	WP_011733604	rlm	naive	0.71470136520628
0.0995166423067759	0.116655690831612	6.17358940316148	0.853080047765731	0.42546951812484	0.71470136520628	WP_003038496	rlm	naive	0.71470136520628
0.132250022379901	0.156471711616718	6.31128954653698	0.845200841822779	0.428871491052222	0.71918450037988	WP_003038524	rlm	naive	0.71918450037988
0.196376243522325	0.231215251455221	5.60091287218676	0.849322189113279	0.430500726007735	0.720684662480526	WP_003018618	rlm	naive	0.720684662480526
-0.137612642328921	0.165730148155388	6.53915730137199	-0.830341635849475	0.435607543154253	0.727105772940408	WP_003041231	rlm	naive	0.727105772940408
-0.161292620134611	0.192810080755778	5.82518975632702	-0.836536240752433	0.435818750753272	0.727105772940408	WP_011733712	rlm	naive	0.727105772940408
-0.137891041738767	0.166540609372311	5.97763640294561	-0.827972482258089	0.439483903641946	0.731975737644736	WP_003018791	rlm	naive	0.731975737644736
0.0952502268373984	0.115974946325747	6.52463580877951	0.821300029489667	0.440447392562	0.732337105259869	WP_003041244	rlm	naive	0.732337105259869
-0.26632234253801	0.321978578858648	5.53915730137199	-0.827143046230192	0.442321145073005	0.733759196039834	WP_011733707	rlm	naive	0.733759196039834
0.0893412143015923	0.109596829832481	6.53915730137199	0.815180643802843	0.443640265179469	0.733759196039834	WP_003040921	rlm	naive	0.733759196039834
-0.163544810936592	0.200634651837251	6.53915730137199	-0.815137412400999	0.44366332002552	0.733759196039834	WP_003014122	rlm	naive	0.733759196039834
-0.109287983949754	0.132733571884618	5.53915730137199	-0.823363542455977	0.444294559069991	0.733759196039834	WP_003041040	rlm	naive	0.733759196039834
-0.131257870239474	0.161813209371116	6.53915730137199	-0.811169068023585	0.445783216433129	0.73498039549731	WP_011733728	rlm	naive	0.73498039549731
0.105659683438155	0.130859801186061	6.53915730137199	0.807426593044601	0.447789013639677	0.737048695269333	WP_003038549	rlm	naive	0.737048695269333
-0.184028685550478	0.227787915144093	6.19777973738763	-0.807894858838608	0.449040482975369	0.737870542376612	WP_003038692	rlm	naive	0.737870542376612
0.56620201179686	0.708986530259017	6.53915730137199	0.798607572403396	0.452540771879991	0.742201783374579	WP_003040032	rlm	naive	0.742201783374579
1.38408487286491	1.73572836651958	6.53915730137199	0.797408684194193	0.453189468135956	0.742201783374579	WP_003034340	rlm	naive	0.742201783374579
0.123706831155044	0.155057975325043	6.18493255240508	0.797810179680994	0.454513299192667	0.743129244180011	WP_003041123	rlm	naive	0.743129244180011
0.123428265881091	0.155407301765782	6.1874177974096	0.794224367057816	0.456437818437543	0.744581461452759	WP_003039948	rlm	naive	0.744581461452759
0.139351170253296	0.173320865285727	5.14486697079542	0.804006892208676	0.456919510493946	0.744581461452759	WP_003038544	rlm	naive	0.744581461452759
-0.199573418534577	0.253143174664441	6.53915730137199	-0.788381589980158	0.458094786646259	0.745135280285974	WP_003014682	rlm	naive	0.745135280285974
-0.0929316489480577	0.117624374305023	6.04797953341203	-0.790071356359083	0.459333875084284	0.745135280285974	WP_003033367	rlm	naive	0.745135280285974
-0.155675374541425	0.19781823842233	6.26354225443979	-0.786961686561316	0.46003675006747	0.745135280285974	WP_003037453	rlm	naive	0.745135280285974
0.213040008352748	0.268925035463005	5.5078413857874	0.792191057950257	0.460994361645159	0.745135280285974	WP_003036658	rlm	naive	0.745135280285974
-0.111136207723532	0.140432770118715	5.52856818754467	-0.791383717842941	0.461310669425025	0.745135280285974	WP_003040223	rlm	naive	0.745135280285974
0.149907505983855	0.191801318919597	6.53915730137199	0.781577034132369	0.461816769025354	0.745135280285974	WP_003025263	rlm	naive	0.745135280285974
-0.129321056188267	0.166979650445288	5.9301056323355	-0.774471954177677	0.468395627948844	0.754509213493951	WP_003038346	rlm	naive	0.754509213493951
0.103514856485359	0.135234485634493	6.53915730137199	0.765447186046429	0.470723082943526	0.757015318635408	WP_003035125	rlm	naive	0.757015318635408
-0.115351454988051	0.150034643008503	5.26722918155301	-0.768832135532282	0.475038193306701	0.761013915014177	WP_003040772	rlm	naive	0.761013915014177
0.132405734552089	0.174859357490779	6.53619214199468	0.757212747731111	0.475326576510325	0.761013915014177	WP_003039993	rlm	naive	0.761013915014177
0.249789827562647	0.3306288662308	6.53915730137199	0.755499150483362	0.476274447770099	0.761013915014177	WP_003041366	rlm	naive	0.761013915014177
-0.168143504993995	0.222856975827804	6.53915730137199	-0.754490651995185	0.476839708509699	0.761013915014177	WP_003017865	rlm	naive	0.761013915014177
0.112287570702346	0.14891312495853	6.53915730137199	0.754047507455213	0.4770882341832	0.761013915014177	WP_011733592	rlm	naive	0.761013915014177
0.086302254939604	0.114912397857718	6.4129016325384	0.751026491035905	0.479281102738041	0.763270717185095	WP_003037973	rlm	naive	0.763270717185095
-0.211507567537486	0.280084516581797	5.10226537319959	-0.75515622969368	0.483536875611423	0.768800121515083	WP_003038998	rlm	naive	0.768800121515083
0.104363555106364	0.141049308540037	6.37537205205015	0.739908307148777	0.485700735460432	0.770653467554954	WP_003041398	rlm	naive	0.770653467554954
-0.136545224938803	0.18418580001812	6.04544062909538	-0.741345016420216	0.486273696652922	0.770653467554954	WP_011733708	rlm	naive	0.770653467554954
-0.0982623715353982	0.134612006978474	6.45698554960579	-0.729967361315041	0.491035875664924	0.771582580998612	WP_003039659	rlm	naive	0.771582580998612
-0.101620214188963	0.139230469536262	6.44191435733052	-0.729870512736417	0.491149025181009	0.771582580998612	WP_003038617	rlm	naive	0.771582580998612
0.214947365481689	0.289612191883154	4.96477259588129	0.742190320386825	0.491569557498623	0.771582580998612	WP_011733600	rlm	naive	0.771582580998612
0.0898647358460585	0.12341462833655	6.53915730137199	0.728153032240217	0.491763005540586	0.771582580998612	WP_003019788	rlm	naive	0.771582580998612
0.177819394014936	0.243373511714121	6.1199361097341	0.730643991462029	0.49200963313741	0.771582580998612	WP_003040522	rlm	naive	0.771582580998612
-0.155964648998479	0.214706685884624	6.53915730137199	-0.726407975400862	0.492762707628136	0.771582580998612	WP_003038978	rlm	naive	0.771582580998612
0.195543569943272	0.269401984111897	6.53915730137199	0.725843094986458	0.493086604240078	0.771582580998612	WP_003038729	rlm	naive	0.771582580998612
0.12457395187162	0.171778321976459	6.53915730137199	0.725201820801882	0.493454476023642	0.771582580998612	WP_011733619	rlm	naive	0.771582580998612
-0.147577977292139	0.203736182777831	6.53915730137199	-0.724358213057663	0.493938696092893	0.771582580998612	WP_003038683	rlm	naive	0.771582580998612
0.457916812850141	0.619498289646739	4.53915730137199	0.739173651490244	0.496216126208548	0.772780297749954	WP_003038493	rlm	naive	0.772780297749954
0.11705585071942	0.162985115603801	6.53915730137199	0.718199636118737	0.49748320480121	0.772780297749954	WP_003036879	rlm	naive	0.772780297749954
-0.124861544864333	0.173870870624755	6.53915730137199	-0.718128024640809	0.497524518941621	0.772780297749954	WP_003040471	rlm	naive	0.772780297749954
-0.126744100634219	0.17304777080698	4.79896656095216	-0.732422613958958	0.498094640035102	0.772780297749954	WP_003016495	rlm	naive	0.772780297749954
0.138289995661651	0.192856559064433	6.29583904591482	0.717061407361567	0.49906444279957	0.772780297749954	WP_011733676	rlm	naive	0.772780297749954
-0.0868906284402463	0.12176046325719	6.53619214199468	-0.713619397593049	0.500141014093763	0.772780297749954	WP_003038670	rlm	naive	0.772780297749954
0.129580094388392	0.180532487406272	5.92262052529751	0.717766072190562	0.500219662661795	0.772780297749954	WP_003035149	rlm	naive	0.772780297749954
-0.0981037276699161	0.137794449026156	6.27338444594288	-0.711957037190183	0.502098169368914	0.773146367745346	WP_003039133	rlm	naive	0.773146367745346
0.0819471572045059	0.115510303373141	6.50554447543994	0.709435910143757	0.502678265375764	0.773146367745346	WP_003033562	rlm	naive	0.773146367745346
-0.131615722755836	0.185252466811	6.30902438355873	-0.710466775538888	0.502820981265577	0.773146367745346	WP_003022051	rlm	naive	0.773146367745346
-0.148957260800124	0.21270363116434	6.53915730137199	-0.700304268360308	0.507877841685218	0.779129597366525	WP_011733724	rlm	naive	0.779129597366525
-0.170894587362399	0.244281185229538	6.53915730137199	-0.699581456516262	0.50830065475492	0.779129597366525	WP_003032780	rlm	naive	0.779129597366525
0.110980313837582	0.159771902289469	6.21232237822564	0.694617215212925	0.512424006216624	0.782270935082577	WP_003040830	rlm	naive	0.782270935082577
-0.170333699366216	0.24415869440348	5.71746767742755	-0.697635199034665	0.512759635029324	0.782270935082577	WP_003041079	rlm	naive	0.782270935082577
-0.375860165592333	0.541783724447777	6.11760771159663	-0.693745767234767	0.513308593052918	0.782270935082577	WP_003039488	rlm	naive	0.782270935082577
-0.378677548399971	0.548285698049449	6.53915730137199	-0.690657352083289	0.513539737199979	0.782270935082577	WP_011733691	rlm	naive	0.782270935082577
-0.123511041374029	0.179882393784585	6.35072474875926	-0.686621068218257	0.516596695759602	0.785707532620418	WP_003034461	rlm	naive	0.785707532620418
-0.198371292410449	0.285710462255275	5.05183337973532	-0.694308814751102	0.518117155869859	0.785840377323471	WP_003039935	rlm	naive	0.785840377323471
-0.331506336424393	0.486357146925996	6.53915730137199	-0.681610907785909	0.5188861730665	0.785840377323471	WP_003038726	rlm	naive	0.785840377323471
-0.103641018936441	0.150385211833638	5.42435140345668	-0.689170282587975	0.519087221718256	0.785840377323471	WP_011733582	rlm	naive	0.785840377323471
-0.118749668134762	0.175152062304933	6.53915730137199	-0.677980416399685	0.521041809723205	0.787583998980684	WP_003041161	rlm	naive	0.787583998980684
-0.145960957115858	0.214407379797478	5.53915730137199	-0.680764613856708	0.523438601443369	0.78969039158945	WP_003039282	rlm	naive	0.78969039158945
0.230958062038116	0.343208551105948	6.53915730137199	0.672937959424033	0.524045305733671	0.78969039158945	WP_003038515	rlm	naive	0.78969039158945
0.128211516261067	0.191385300556217	6.512923954923	0.66991308051585	0.525941647727978	0.790690714606473	WP_003040726	rlm	naive	0.790690714606473
-0.235739974586742	0.352375443430118	6.53915730137199	-0.669002278626415	0.526397211475495	0.790690714606473	WP_003039681	rlm	naive	0.790690714606473
-0.0946436366665776	0.141405969749654	6.28059208039457	-0.66930439241098	0.527127143070982	0.790690714606473	WP_003036153	rlm	naive	0.790690714606473
-0.127144634841367	0.193106937556427	6.27119703380011	-0.658415676051073	0.533684487756537	0.799304553418569	WP_003018147	rlm	naive	0.799304553418569
-0.0840246626775115	0.127710135426837	6.00615910606589	-0.657932609629465	0.534970045178603	0.799453236691434	WP_003040109	rlm	naive	0.799453236691434
-0.162888153349903	0.247921682763475	6.03374799406913	-0.657014552072495	0.535413635582336	0.799453236691434	WP_003025404	rlm	naive	0.799453236691434
-0.118817165172222	0.181349989048333	5.53915730137199	-0.655181540378008	0.538587566898055	0.802094809688195	WP_003038326	rlm	naive	0.802094809688195
-0.105617545214995	0.162057804859887	5.97597068863407	-0.651727606123694	0.53881802200257	0.802094809688195	WP_011733574	rlm	naive	0.802094809688195
0.116757603939298	0.180534600744255	5.67018116895964	0.646732556850398	0.543078242113122	0.807211750777231	WP_003040775	rlm	naive	0.807211750777231
0.105172795511932	0.164384606349883	6.53915730137199	0.639797106598152	0.544057802494566	0.80744433320298	WP_003016875	rlm	naive	0.80744433320298
0.1031095808831	0.161246716436367	6.09808578246272	0.639452282575879	0.545785920346474	0.808776889664603	WP_003038537	rlm	naive	0.808776889664603
-0.258523511276308	0.406717228295885	6.53915730137199	-0.635634522686688	0.546604564574548	0.808776889664603	WP_011733668	rlm	naive	0.808776889664603
-0.187719241591355	0.296283723226622	6.15609439405902	-0.633579325745723	0.549156943158113	0.811329760900766	WP_011733625	rlm	naive	0.811329760900766
0.137673920137102	0.2189530682053	6.53915730137199	0.628782785578565	0.550812557609758	0.812049513421604	WP_003038469	rlm	naive	0.812049513421604
-0.116528726158551	0.184394740352725	5.84955476328705	-0.631952548839767	0.551299669662374	0.812049513421604	WP_003040267	rlm	naive	0.812049513421604
0.0991538786659662	0.157523293662997	5.73360324128696	0.629455341875309	0.553286717077407	0.813754526915946	WP_003014930	rlm	naive	0.813754526915946
0.110465101038989	0.178329324424639	6.53915730137199	0.619444398140313	0.556579518897331	0.817009585330514	WP_003038470	rlm	naive	0.817009585330514
-0.15073122219053	0.243704983431989	6.53915730137199	-0.618498727715164	0.557165558191757	0.817009585330514	WP_003038988	rlm	naive	0.817009585330514
-0.115210760100881	0.187268879958419	6.53915730137199	-0.615215726854679	0.559202956351986	0.818773283852684	WP_003013731	rlm	naive	0.818773283852684
0.159538794312621	0.254718442369191	4.53915730137199	0.626333895687787	0.56122996902349	0.820516541895743	WP_003039445	rlm	naive	0.820516541895743
0.108027942860406	0.177407928264101	6.53915730137199	0.608923986190675	0.563120086164745	0.820839591743229	WP_003040711	rlm	naive	0.820839591743229
0.0934985239028156	0.153485707559933	6.48818180791828	0.609167624720408	0.563124409014468	0.820839591743229	WP_003035135	rlm	naive	0.820839591743229
0.106364076741933	0.176193728145972	6.27571117671301	0.603676861039074	0.567225038446984	0.825590152398355	WP_011733678	rlm	naive	0.825590152398355
-0.248492832664476	0.408578721567438	5.12985967314594	-0.608188384630454	0.568983729862707	0.826008104018902	WP_003038706	rlm	naive	0.826008104018902
-0.0898930096349222	0.15001767943725	6.53915730137199	-0.599216105542569	0.569196206235248	0.826008104018902	WP_003038532	rlm	naive	0.826008104018902
0.0900846889541088	0.15113428773561	6.53915730137199	0.596057256786763	0.571181687531333	0.826415191700802	WP_003038764	rlm	naive	0.826415191700802
-0.0898747126168654	0.150587730515167	6.07626447873189	-0.59682626406149	0.572175123112845	0.826415191700802	WP_003039694	rlm	naive	0.826415191700802
-0.21836360565142	0.364143626986594	5.53915730137199	-0.599663400561062	0.572422100532246	0.826415191700802	WP_003036556	rlm	naive	0.826415191700802
-0.271622003365518	0.457727872581467	6.53915730137199	-0.593413728191032	0.57284641218812	0.826415191700802	WP_003034818	rlm	naive	0.826415191700802
-0.208367321464877	0.349103274290274	5.53915730137199	-0.596864414659208	0.574162032508496	0.827096848591534	WP_003024743	rlm	naive	0.827096848591534
0.0735226462447288	0.124719010608165	6.2789607257708	0.589506330159387	0.576105528258042	0.828679652816919	WP_003039222	rlm	naive	0.828679652816919
0.37646570302681	0.641205780626325	5.93695844129227	0.587121505141581	0.578749034741513	0.831263254877635	WP_003038700	rlm	naive	0.831263254877635
0.347260112671857	0.583885208730349	4.6680602932147	0.594740383006052	0.579663283112942	0.831359182359351	WP_003040790	rlm	naive	0.831359182359351
0.0828828235839706	0.143095706194885	5.39257367500152	0.579212512995261	0.58580372992192	0.837071454701462	WP_003038547	rlm	naive	0.837071454701462
0.0738798361085083	0.128940212154506	6.48647539659174	0.572977466641514	0.585962532494829	0.837071454701462	WP_003040477	rlm	naive	0.837071454701462
-0.0889333195175005	0.154943563262072	6.19557083617262	-0.573972339638779	0.586206003445366	0.837071454701462	WP_003037645	rlm	naive	0.837071454701462
0.0683913354522926	0.120144954946608	6.53915730137199	0.56924017727324	0.588201148871083	0.83868623753541	WP_003038404	rlm	naive	0.83868623753541
-0.306277838871514	0.534426775953258	5.47729594748648	-0.573095983683088	0.589310787139448	0.83868623753541	WP_003033506	rlm	naive	0.83868623753541
-0.108659261180122	0.191586522558482	6.14435157965197	-0.567155036424622	0.590712686972738	0.83868623753541	WP_003041399	rlm	naive	0.83868623753541
0.0895785750794206	0.159386168759488	6.53915730137199	0.562022261885181	0.592831462496603	0.83868623753541	WP_003041263	rlm	naive	0.83868623753541
-0.0658867278165408	0.117246455697004	6.53915730137199	-0.561950699702255	0.592877473743362	0.83868623753541	WP_011733722	rlm	naive	0.83868623753541
-0.114011556612235	0.203097783676442	6.53915730137199	-0.561362879241798	0.593255492710372	0.83868623753541	WP_003014812	rlm	naive	0.83868623753541
-0.125732385657754	0.223940576643202	6.49451215649765	-0.561454237291171	0.593321354586722	0.83868623753541	WP_003024816	rlm	naive	0.83868623753541
0.0762482620160675	0.135967740790237	6.12941971345043	0.560782002943618	0.594836925834863	0.839618739919425	WP_003041240	rlm	naive	0.839618739919425
-0.0844692679316282	0.15104319474428	5.99615881102001	-0.559239150592894	0.596252046900212	0.840406979898143	WP_003034992	rlm	naive	0.840406979898143
-0.0607782182894967	0.110938687867753	6.53915730137199	-0.547854129678808	0.601980426227297	0.84684418216767	WP_003037673	rlm	naive	0.84684418216767
0.200514215131168	0.363311392881789	5.53915730137199	0.551907314385843	0.602545605660584	0.84684418216767	WP_003040927	rlm	naive	0.84684418216767
0.0763672637303082	0.140227896033368	6.52375052001475	0.54459394949587	0.604138190746392	0.847068345345204	WP_003039676	rlm	naive	0.847068345345204
0.102882550401168	0.18909516887731	6.53915730137199	0.544078153936979	0.604432050705038	0.847068345345204	WP_003039338	rlm	naive	0.847068345345204
0.0895735851466516	0.165848715395835	6.41454333674828	0.54009212512056	0.607362913869538	0.847796241214291	WP_003039415	rlm	naive	0.847796241214291
-0.137344113997125	0.249069824890857	4.53915730137199	-0.551428154965417	0.607373928396782	0.847796241214291	WP_003040691	rlm	naive	0.847796241214291
-0.0688108305227395	0.12646252737119	5.53915730137199	-0.544120317323467	0.60754409538598	0.847796241214291	WP_003040447	rlm	naive	0.847796241214291
0.111715123463879	0.203773662358297	4.53915730137199	0.548231416027893	0.609393957081487	0.849169704399061	WP_003016775	rlm	naive	0.849169704399061
-0.0661849709817136	0.123752868594674	6.53915730137199	-0.534815651009177	0.610469415677678	0.849461697560003	WP_003033328	rlm	naive	0.849461697560003
0.137011530740492	0.254073731683114	5.01253663956764	0.539258938076194	0.612789281415923	0.850554306340079	WP_003032819	rlm	naive	0.850554306340079
-0.058575885742956	0.110894703405511	6.38645044221376	-0.528211753529475	0.615198293884222	0.850554306340079	WP_003038637	rlm	naive	0.850554306340079
-0.276448486303374	0.519204765605199	5.353768422591	-0.532445972411556	0.615770732189431	0.850554306340079	WP_003035102	rlm	naive	0.850554306340079
-0.132412518066469	0.249393143016724	5.416193215474	-0.530938888153751	0.616509471053239	0.850554306340079	WP_003016165	rlm	naive	0.850554306340079
-0.121062523003039	0.23054639380398	6.53915730137199	-0.525111327943699	0.616830290257016	0.850554306340079	WP_003039781	rlm	naive	0.850554306340079
0.0815355979621262	0.155403562897022	6.53915730137199	0.524670068318549	0.617120379693485	0.850554306340079	WP_003035976	rlm	naive	0.850554306340079
0.198907042058376	0.378371563709697	5.53915730137199	0.525692364690985	0.619467446797044	0.850554306340079	WP_003024353	rlm	naive	0.850554306340079
-0.069038752372865	0.131582249226785	5.48911128761214	-0.524681351615102	0.620303834034609	0.850554306340079	WP_003040622	rlm	naive	0.850554306340079
0.0861344422168494	0.165895678482653	6.53915730137199	0.519208474896205	0.620717037533753	0.850554306340079	WP_003034554	rlm	naive	0.850554306340079
0.143352037114649	0.270335761479505	4.53915730137199	0.530274042657569	0.620816292056608	0.850554306340079	WP_003015034	rlm	naive	0.850554306340079
-0.0869606761809346	0.166680191099015	5.79245758989593	-0.521721721144874	0.621201570989043	0.850554306340079	WP_003039000	rlm	naive	0.850554306340079
0.0736004254403807	0.14207814631384	6.475388257521	0.518027770983181	0.621658957844889	0.850554306340079	WP_003040724	rlm	naive	0.850554306340079
-0.135927393975761	0.262403572520755	5.44273692610114	-0.518008930556803	0.624819151716073	0.851231302126894	WP_003032990	rlm	naive	0.851231302126894
0.0686719828394642	0.134531873383651	6.53915730137199	0.510451397964473	0.626507467083386	0.851231302126894	WP_003037605	rlm	naive	0.851231302126894
0.137718855884601	0.270560108978986	6.53915730137199	0.509013898627967	0.627460739957295	0.851231302126894	WP_003041130	rlm	naive	0.851231302126894
-0.0575732064260489	0.113203246053296	6.53915730137199	-0.508582646110195	0.627746874586113	0.851231302126894	WP_003040482	rlm	naive	0.851231302126894
-0.105479248001816	0.207157718119119	6.01988889479367	-0.509173633304667	0.62875042854115	0.851231302126894	WP_011733729	rlm	naive	0.851231302126894
-0.0680210907620692	0.134563693521707	6.53915730137199	-0.505493636372997	0.629798455166445	0.851231302126894	WP_003038808	rlm	naive	0.851231302126894
0.199339700227887	0.391352023013316	5.45636696459485	0.509361619477572	0.630430166395834	0.851231302126894	WP_003040632	rlm	naive	0.851231302126894
-0.0859638730466289	0.170539702431404	6.53915730137199	-0.504069561638914	0.630745460144747	0.851231302126894	WP_003038572	rlm	naive	0.851231302126894
0.0801853392072862	0.158284269317823	5.67196683243345	0.506590702619222	0.631523500815897	0.851231302126894	WP_003019771	rlm	naive	0.851231302126894
-0.0987411549137307	0.19501151154071	5.70011879559494	-0.506335006244582	0.631601085226527	0.851231302126894	WP_003033335	rlm	naive	0.851231302126894
-0.128428482257286	0.254993565979906	6.18617268541485	-0.503653814808044	0.63193486232623	0.851231302126894	WP_003017378	rlm	naive	0.851231302126894
-0.0571789920929235	0.114053574458384	6.53915730137199	-0.501334503231963	0.632566380479618	0.851231302126894	WP_003039393	rlm	naive	0.851231302126894
-0.150094994169573	0.300040598116578	6.23378978702082	-0.500248950014608	0.634067719763982	0.852082785052694	WP_003040573	rlm	naive	0.852082785052694
-0.0697350193951903	0.140274335351844	5.82855424538444	-0.497133130021805	0.637286579838756	0.85348885958659	WP_003033347	rlm	naive	0.85348885958659
0.0598528050207776	0.120563605803258	5.74067674132502	0.4964417298405	0.63801385432693	0.85348885958659	WP_003038819	rlm	naive	0.85348885958659
-0.129224379548055	0.261952933011297	6.49440993044529	-0.493311443634349	0.638031705410084	0.85348885958659	WP_003033940	rlm	naive	0.85348885958659
-0.107601269568413	0.218563961906582	6.53915730137199	-0.492310208095532	0.63859411104644	0.85348885958659	WP_003040437	rlm	naive	0.85348885958659
0.064428531916769	0.131612418878847	6.53915730137199	0.489532313634304	0.640455615301699	0.854812188586349	WP_003038581	rlm	naive	0.854812188586349
0.467922003591279	0.954824033925366	5.47542455059425	0.490060981883343	0.64310059761712	0.857176204160862	WP_011733622	rlm	naive	0.857176204160862
0.0577272187985398	0.119559354593347	6.53915730137199	0.482833141705099	0.644956389710205	0.858483335557274	WP_003040481	rlm	naive	0.858483335557274
-0.070622824652017	0.147482213999717	6.53619214199468	-0.478856553185136	0.64764257892907	0.860890745161813	WP_003041562	rlm	naive	0.860890745161813
-0.069502810698942	0.14534334482755	6.24058703145722	-0.4781974075346	0.648802409245507	0.861265444478813	WP_003034542	rlm	naive	0.861265444478813
-0.0868713860519521	0.18119602933562	5.49311569030897	-0.479433166225982	0.650115552436015	0.861496645413659	WP_003039076	rlm	naive	0.861496645413659
0.0774520693123521	0.162796513696716	6.1276988886335	0.47575999972974	0.650732940113682	0.861496645413659	WP_003041311	rlm	naive	0.861496645413659
-0.110629109787038	0.239185150055112	6.53915730137199	-0.462524992716092	0.658698799598024	0.869874207960623	WP_003036913	rlm	naive	0.869874207960623
0.0649350159442644	0.140579040346562	6.53915730137199	0.461911077100708	0.659116510887942	0.869874207960623	WP_003039818	rlm	naive	0.869874207960623
-0.136411147071043	0.297096290828188	6.53915730137199	-0.459147930426135	0.660998205521398	0.869874207960623	WP_003032608	rlm	naive	0.869874207960623
-0.0720195924742612	0.155989779040229	5.75249833029359	-0.461694304058778	0.66124215857288	0.869874207960623	WP_003016252	rlm	naive	0.869874207960623
-0.067179686506329	0.144950717263374	5.19947341647135	-0.46346570596311	0.661787140774193	0.869874207960623	WP_003039540	rlm	naive	0.869874207960623
-0.296259618746602	0.649760699128481	6.53915730137199	-0.455951889894191	0.663178026933161	0.869874207960623	WP_003041145	rlm	naive	0.869874207960623
0.0762180793852439	0.16763195310651	6.53915730137199	0.454675125910013	0.664049822601375	0.869874207960623	WP_011733596	rlm	naive	0.869874207960623
0.057482433026721	0.126634632559632	6.53915730137199	0.45392347942142	0.664563323975748	0.869874207960623	WP_003037755	rlm	naive	0.869874207960623
-0.078759486520112	0.173007414531855	5.96368018996826	-0.455237636682965	0.665041443394972	0.869874207960623	WP_011733589	rlm	naive	0.869874207960623
-0.0544614273087406	0.121373906385169	6.53915730137199	-0.448707872480534	0.668131845696379	0.872752783792474	WP_003039225	rlm	naive	0.872752783792474
0.0630856421877757	0.141281791298822	6.53915730137199	0.446523515930971	0.669629167241296	0.873545496095361	WP_003017606	rlm	naive	0.873545496095361
-0.106957568364324	0.240364508636044	5.88543334343103	-0.444980704394579	0.672230719849221	0.873635271131623	WP_011733649	rlm	naive	0.873635271131623
-0.0937093848614227	0.211826693304669	6.28231849650263	-0.442387044802901	0.673034598417903	0.873635271131623	WP_003039752	rlm	naive	0.873635271131623
0.0845861790016328	0.191726392795279	6.53915730137199	0.441181716134158	0.673297712610339	0.873635271131623	WP_003039333	rlm	naive	0.873635271131623
-0.115977216371858	0.260993002483966	5.07832209258331	-0.444369064565183	0.675074425859241	0.873635271131623	WP_003040959	rlm	naive	0.873635271131623
0.0781625547187428	0.177215249307002	5.61621141496359	0.441059982278028	0.675637938631864	0.873635271131623	WP_003036966	rlm	naive	0.873635271131623
0.18686407060221	0.427502040067471	6.51265950743359	0.437106851168986	0.676158291791319	0.873635271131623	WP_003040476	rlm	naive	0.873635271131623
0.0670520363823609	0.152384401045213	5.35469930917816	0.440019030310501	0.677121152563441	0.873635271131623	WP_003038972	rlm	naive	0.873635271131623
0.0938060470394324	0.215380439174431	6.53915730137199	0.435536520396178	0.677185150854163	0.873635271131623	WP_011733646	rlm	naive	0.873635271131623
-0.141655576605999	0.325168076778064	6.26372960876157	-0.43563801837375	0.677712988105163	0.873635271131623	WP_003039896	rlm	naive	0.873635271131623
-0.0798536230438743	0.184083850515289	6.36283923875353	-0.433789399886776	0.678765600477397	0.873843902976806	WP_003039849	rlm	naive	0.873843902976806
-0.139972745460417	0.325348482507727	6.53619214199468	-0.430224061232845	0.680859344281276	0.875267117096425	WP_003040831	rlm	naive	0.875267117096425
0.0539073444010579	0.125585121855368	6.47708102835953	0.429249449334778	0.681655532580702	0.875267117096425	WP_003034368	rlm	naive	0.875267117096425
-0.116707410365432	0.272744679207695	6.23703804889956	-0.427899861161212	0.683106462664147	0.875840636535374	WP_003041313	rlm	naive	0.875840636535374
-0.0547944478340495	0.128734192632191	6.33903789179102	-0.425640202604167	0.684444255784137	0.875840636535374	WP_003041286	rlm	naive	0.875840636535374
-0.0627585556544402	0.14859805322372	6.53915730137199	-0.422337670601612	0.686315913749707	0.875840636535374	WP_003039002	rlm	naive	0.875840636535374
-0.0616134703010349	0.146952167066058	6.53915730137199	-0.419275683585792	0.688442387208081	0.875840636535374	WP_003039890	rlm	naive	0.875840636535374
-0.102385815435385	0.24407723233221	5.86248339291201	-0.419481220993318	0.689800722194047	0.875840636535374	WP_011733690	rlm	naive	0.875840636535374
-0.0591649555524872	0.14209234335187	6.53915730137199	-0.416383839950999	0.690453516998808	0.875840636535374	WP_004338933	rlm	naive	0.875840636535374
0.132750115286347	0.319204558481254	6.45142275917448	0.415877880685538	0.690981417558432	0.875840636535374	WP_003016377	rlm	naive	0.875840636535374
-0.0723886773304645	0.174276335801622	6.53915730137199	-0.415367221243763	0.691161170784069	0.875840636535374	WP_003040733	rlm	naive	0.875840636535374
-0.0576947525959758	0.139024521019916	6.53915730137199	-0.414996952859207	0.691418992768976	0.875840636535374	WP_003040143	rlm	naive	0.875840636535374
0.0927464947172791	0.221060144591168	5.13922987865769	0.419553216563781	0.691774880603737	0.875840636535374	WP_003040203	rlm	naive	0.875840636535374
-0.0649260409757519	0.157263384670741	6.53915730137199	-0.412849062810687	0.692915469430234	0.875840636535374	WP_003022558	rlm	naive	0.875840636535374
0.0534220231815152	0.129516023319539	6.53915730137199	0.412474239189029	0.693176769366038	0.875840636535374	WP_003020889	rlm	naive	0.875840636535374
0.0883927979529566	0.214695967308956	6.53915730137199	0.411711496312159	0.693708638723737	0.875840636535374	WP_003036474	rlm	naive	0.875840636535374
-0.0507837341124689	0.124131734225303	6.39280554043797	-0.409111613798087	0.69581341931124	0.876103708883256	WP_003027135	rlm	naive	0.876103708883256
-0.0523775980050476	0.128757156952786	6.53915730137199	-0.406793682344616	0.697142382576489	0.876103708883256	WP_003041030	rlm	naive	0.876103708883256
-0.108622957681806	0.26691476681651	5.64339779549137	-0.406957468023786	0.699021247188266	0.876103708883256	WP_003034294	rlm	naive	0.876103708883256
-0.0609366515673005	0.150629570967899	6.08821657374959	-0.404546405966243	0.699640650247311	0.876103708883256	WP_003034013	rlm	naive	0.876103708883256
-0.183650652726356	0.457145777753301	6.21578220651474	-0.401733236231405	0.701330064050357	0.876103708883256	WP_003015446	rlm	naive	0.876103708883256
0.0569689913816293	0.142702458285883	6.40357056850151	0.399215206703029	0.702710445231719	0.876103708883256	WP_011733599	rlm	naive	0.876103708883256
0.0789683072366612	0.198242911377581	6.34513806868551	0.398341139604509	0.70343875405288	0.876103708883256	WP_003039034	rlm	naive	0.876103708883256
0.164068890824549	0.412918472413576	6.53915730137199	0.397339673048628	0.703765074448938	0.876103708883256	WP_003021949	rlm	naive	0.876103708883256
0.0538704736307812	0.135621869435161	6.53915730137199	0.397210817511521	0.703855534952622	0.876103708883256	WP_003039129	rlm	naive	0.876103708883256
-0.0451661805054808	0.113611629166898	6.20242722458064	-0.397548920270572	0.704284798797423	0.876103708883256	WP_003034371	rlm	naive	0.876103708883256
0.0628718581165689	0.159356387243459	6.53915730137199	0.394536166413684	0.705734396364902	0.876103708883256	WP_003023265	rlm	naive	0.876103708883256
-0.140278987813027	0.357066830755435	6.53915730137199	-0.392864796531907	0.706909618051714	0.876103708883256	WP_011733659	rlm	naive	0.876103708883256
-0.0955335432325025	0.243743958320108	6.53915730137199	-0.391942199884351	0.707558713388709	0.876103708883256	WP_003040769	rlm	naive	0.876103708883256
0.0518285879231001	0.131887892242628	5.97493953743416	0.392974571371218	0.707975721304894	0.876103708883256	WP_003038650	rlm	naive	0.876103708883256
-0.124801083388835	0.318900910962957	6.45413349782587	-0.391347528647641	0.708136414704355	0.876103708883256	WP_003039245	rlm	naive	0.876103708883256
-0.100285071891671	0.253922065747198	5.32694813482898	-0.394944297560627	0.708206158149258	0.876103708883256	WP_003039788	rlm	naive	0.876103708883256
0.126611428776184	0.319796354992536	4.53915730137199	0.395912670046347	0.710085452026005	0.877322202062356	WP_011733703	rlm	naive	0.877322202062356
0.0507917578000762	0.132159628934303	6.53915730137199	0.38432128033081	0.712930500877946	0.878994000856524	WP_003032762	rlm	naive	0.878994000856524
0.0497319027463663	0.129545157924451	6.53915730137199	0.383896268630659	0.713230606199585	0.878994000856524	WP_003033564	rlm	naive	0.878994000856524
-0.0603469231813404	0.157837098546438	6.53915730137199	-0.382336749326303	0.714332272151435	0.87924712544612	WP_003017341	rlm	naive	0.87924712544612
-0.0542519873019735	0.143397041487147	5.98181477264615	-0.378334076765706	0.718245184874041	0.88295554681884	WP_003039212	rlm	naive	0.88295554681884
0.059579712616007	0.159003108066922	6.18453082960445	0.374707849049911	0.720391692197784	0.884485919957479	WP_003038273	rlm	naive	0.884485919957479
-0.0572929085735752	0.154124240376559	6.53915730137199	-0.371731976966091	0.721843158472045	0.884678020189762	WP_003039734	rlm	naive	0.884678020189762
0.0571567877069633	0.15423014251251	6.53915730137199	0.370594144411992	0.722651038250014	0.884678020189762	WP_003035182	rlm	naive	0.884678020189762
-0.0723461864162877	0.194504048389702	5.74797800679977	-0.371952085394836	0.723253590409978	0.884678020189762	WP_003033733	rlm	naive	0.884678020189762
0.0502818783332911	0.136860379907756	6.53915730137199	0.36739543151335	0.724924235066489	0.884709918066712	WP_003040233	rlm	naive	0.884709918066712
-0.0390846970925128	0.107209166941473	6.53915730137199	-0.364564880108152	0.726938313322981	0.884709918066712	WP_003015739	rlm	naive	0.884709918066712
0.0645236946767088	0.177282427070048	6.53915730137199	0.363959901401926	0.72736909108546	0.884709918066712	WP_003032835	rlm	naive	0.884709918066712
0.0401095465233256	0.110266295403955	6.53915730137199	0.363751646651283	0.727517404611	0.884709918066712	WP_003033337	rlm	naive	0.884709918066712
-0.0469402848763173	0.128382481306276	5.71631015855134	-0.365628428417223	0.72778889284387	0.884709918066712	WP_003040011	rlm	naive	0.884709918066712
0.0861620050619069	0.236078962530322	4.53915730137199	0.364971127195801	0.73151318790112	0.887819576531984	WP_011733685	rlm	naive	0.887819576531984
0.162698701333894	0.456310654692876	6.30704804842631	0.356552492607038	0.733053446383757	0.887819576531984	WP_003038923	rlm	naive	0.887819576531984
0.0414483794244422	0.116297705074981	6.13605586152325	0.356398945256219	0.733477144818418	0.887819576531984	WP_003040388	rlm	naive	0.887819576531984
-0.0792816973855604	0.22179017086918	5.53915730137199	-0.357462628189793	0.73396705052746	0.887819576531984	WP_003039457	rlm	naive	0.887819576531984
-0.0410660978788372	0.116501668085095	6.27956658988439	-0.352493647119642	0.735998841469704	0.888540146832245	WP_003038742	rlm	naive	0.888540146832245
-0.0449217283300658	0.127940894310266	6.53915730137199	-0.351113133703186	0.736541765320579	0.888540146832245	WP_003039242	rlm	naive	0.888540146832245
-0.0487354879376238	0.139361797334709	6.53915730137199	-0.349704789043259	0.737550212817689	0.888540146832245	WP_003040822	rlm	naive	0.888540146832245
-0.0826552562871477	0.23604876136384	5.99801393032264	-0.350161787800042	0.738185748897329	0.888540146832245	WP_003040737	rlm	naive	0.888540146832245
-0.0702037202140604	0.203410305143228	6.53915730137199	-0.345133547509442	0.740827322466348	0.890626964876823	WP_003038513	rlm	naive	0.890626964876823
-0.0633336638700118	0.185156171075989	6.53915730137199	-0.342055376831158	0.743037359230677	0.892190513347974	WP_003025777	rlm	naive	0.892190513347974
-0.0817329982177098	0.237721888033904	4.92510020502924	-0.343817722859634	0.745174475373073	0.893662787702916	WP_003022912	rlm	naive	0.893662787702916
-0.0499966848074858	0.148218859846219	6.53915730137199	-0.337316619891414	0.746444796568371	0.894093217867609	WP_003035232	rlm	naive	0.894093217867609
-0.0729874020598645	0.220666885025558	6.53915730137199	-0.330758292307479	0.751170785267468	0.898656756521203	WP_003041523	rlm	naive	0.898656756521203
0.0975176924988752	0.293235226129909	5.1358582572408	0.332557905084954	0.75261414817842	0.899286820174214	WP_003027088	rlm	naive	0.899286820174214
0.0549512774678739	0.16834482456538	6.43461892976918	0.326420949439598	0.754463765558008	0.900400187363025	WP_003041237	rlm	naive	0.900400187363025
0.0758578637048938	0.233553572365344	6.04276826706908	0.324798558791602	0.756283803348387	0.901475590625477	WP_003040194	rlm	naive	0.901475590625477
0.116545530067138	0.36171793662775	6.53915730137199	0.32220003009438	0.757355419015422	0.901496107573206	WP_003038681	rlm	naive	0.901496107573206
0.045740587343272	0.142441796338893	6.53915730137199	0.321117737341976	0.758138928387253	0.901496107573206	WP_011733677	rlm	naive	0.901496107573206
0.0344400222909444	0.109702262758682	6.53915730137199	0.313940856139895	0.7633423017104	0.905423868749826	WP_011733579	rlm	naive	0.905423868749826
0.0413952038701491	0.131960477170324	6.20942561392069	0.313693954112636	0.764025289641188	0.905423868749826	WP_003014302	rlm	naive	0.905423868749826
0.0638874670018696	0.204091386866403	6.39738067953781	0.313033626664951	0.764210971788844	0.905423868749826	WP_003039390	rlm	naive	0.905423868749826
0.0499753510323309	0.158980385035571	5.16816541070664	0.314349163396159	0.765551295061021	0.905917756881618	WP_003021790	rlm	naive	0.905917756881618
-0.108187652914398	0.349004462411584	5.53915730137199	-0.309989311216345	0.767897120985537	0.907598886369653	WP_003038603	rlm	naive	0.907598886369653
0.040044529542949	0.134489415298454	6.23200086119009	0.297752276296864	0.775570056294335	0.915422802505638	WP_011733683	rlm	naive	0.915422802505638
-0.0798742268689279	0.271443726672016	6.53915730137199	-0.294257037538538	0.777681083821579	0.915422802505638	WP_003019697	rlm	naive	0.915422802505638
-0.0354950960645728	0.12102500818771	6.53915730137199	-0.293287284967748	0.778390001178888	0.915422802505638	WP_003033478	rlm	naive	0.915422802505638
0.149224009927403	0.502385249137092	4.96026509157991	0.297031033820585	0.778478813750136	0.915422802505638	WP_003016952	rlm	naive	0.915422802505638
0.10294222380594	0.351209645573635	5.53915730137199	0.293107621340535	0.78010756333603	0.915422802505638	WP_003016724	rlm	naive	0.915422802505638
0.187468662829472	0.644381632542137	6.53915730137199	0.290928005023813	0.780115660443133	0.915422802505638	WP_003038674	rlm	naive	0.915422802505638
-0.0662662128000685	0.231272788020528	6.53915730137199	-0.2865283605877	0.783337308292236	0.91693591097378	WP_003017431	rlm	naive	0.91693591097378
0.0899422566286442	0.312482938513523	5.53915730137199	0.287830935847244	0.78393877869903	0.91693591097378	WP_003038448	rlm	naive	0.91693591097378
-0.191771312103599	0.664203999968546	4.53915730137199	-0.288723512825397	0.785507327057056	0.91693591097378	WP_003038275	rlm	naive	0.91693591097378
-0.04761526964863	0.16831609555273	6.13390640983894	-0.282891956899708	0.786564510078797	0.91693591097378	WP_003039194	rlm	naive	0.91693591097378
-0.0524472348049821	0.186880289319007	6.53915730137199	-0.280646155868552	0.787651782059373	0.91693591097378	WP_003040916	rlm	naive	0.91693591097378
0.0326328599900605	0.116189776274832	6.20353849956589	0.280858273733754	0.78795205748981	0.91693591097378	WP_003034109	rlm	naive	0.91693591097378
-0.0382643768389099	0.136134743819632	5.4390948516413	-0.281077231023457	0.789033606451141	0.91693591097378	WP_003038527	rlm	naive	0.91693591097378
0.038658739972491	0.137755384991362	5.35176897251999	0.280633239672737	0.789520001280096	0.91693591097378	WP_003020909	rlm	naive	0.91693591097378
0.039395253565075	0.141902098707111	6.53915730137199	0.277622768965437	0.789872542402918	0.91693591097378	WP_003038447	rlm	naive	0.91693591097378
0.047711342544855	0.171932707470018	5.06885380596361	0.277500094350431	0.792358783303037	0.91693591097378	WP_003039260	rlm	naive	0.91693591097378
-0.17276352993274	0.627453975347473	5.53915730137199	-0.275340561571973	0.793034396394419	0.91693591097378	WP_003039874	rlm	naive	0.91693591097378
-0.0712116048632227	0.262345546900909	6.53619214199468	-0.271442018759022	0.794422756577744	0.91693591097378	WP_003035548	rlm	naive	0.91693591097378
0.0427574906362737	0.156295249572444	5.22544628705704	0.273568715320777	0.794901744027664	0.91693591097378	WP_004339561	rlm	naive	0.91693591097378
0.0559782713358152	0.205971726621692	5.53915730137199	0.271776482403483	0.795636552986597	0.91693591097378	WP_003032934	rlm	naive	0.91693591097378
-0.067697032409488	0.252186662068061	6.34458247697762	-0.268440177820418	0.796876908931669	0.91693591097378	WP_003041577	rlm	naive	0.91693591097378
0.0492878733480695	0.18415057519592	6.53915730137199	0.267649847390548	0.797212879756248	0.91693591097378	WP_003038479	rlm	naive	0.91693591097378
0.0391339216243806	0.146273962095521	6.53915730137199	0.267538535661084	0.797294935841625	0.91693591097378	WP_003040487	rlm	naive	0.91693591097378
0.0565674723261888	0.21645739200396	6.53915730137199	0.261333058679529	0.801873828897401	0.919176369595702	WP_003039901	rlm	naive	0.919176369595702
-0.0708459394865359	0.271769700932447	6.53915730137199	-0.26068373053899	0.802353447941142	0.919176369595702	WP_003039482	rlm	naive	0.919176369595702
-0.0653697999288381	0.251182593057246	6.53915730137199	-0.260248129192376	0.802675251990048	0.919176369595702	WP_003039342	rlm	naive	0.919176369595702
0.0504005184937131	0.194194612913439	6.53915730137199	0.259536130985152	0.803201336082387	0.919176369595702	WP_003038468	rlm	naive	0.919176369595702
-0.0357278297039192	0.138430987308688	6.53915730137199	-0.258091272759976	0.804269259460909	0.919176369595702	WP_003041540	rlm	naive	0.919176369595702
-0.0434384909852096	0.169010282366985	6.26831764742753	-0.257016853512429	0.805395330605442	0.919176369595702	WP_003041590	rlm	naive	0.919176369595702
-0.0307876900313489	0.120025226799749	6.24285932395151	-0.256510159174416	0.805801914222532	0.919176369595702	WP_003038844	rlm	naive	0.919176369595702
0.0705906686745796	0.281147026066081	6.53915730137199	0.251080972337897	0.809457123258366	0.919246546857116	WP_003038489	rlm	naive	0.919246546857116
0.087840615260306	0.343737479674492	4.53915730137199	0.255545642981639	0.809471695939141	0.919246546857116	WP_003016231	rlm	naive	0.919246546857116
0.13981443470882	0.559534808754465	6.53915730137199	0.249876205235649	0.810349750815192	0.919246546857116	WP_003041481	rlm	naive	0.919246546857116
-0.032828982449113	0.130550536895995	5.59469715362623	-0.251465702322364	0.810433553384232	0.919246546857116	WP_003038272	rlm	naive	0.919246546857116
-0.0354838248230339	0.142100765722984	6.47405815385811	-0.249708892436282	0.810548688105408	0.919246546857116	WP_003026930	rlm	naive	0.919246546857116
-0.0280237242588942	0.114609880510569	6.53915730137199	-0.244514034340259	0.814326357078185	0.921632842972296	WP_003014894	rlm	naive	0.921632842972296
-0.0436560665333028	0.178722526257303	6.51489223405023	-0.244267286544798	0.814536621679493	0.921632842972296	WP_003037945	rlm	naive	0.921632842972296
0.0249746584368428	0.103950210328837	6.53619214199468	0.24025596829326	0.817491655181606	0.921632842972296	WP_003040329	rlm	naive	0.921632842972296
-0.066987018833482	0.279345387517786	6.53915730137199	-0.239799981767077	0.817827244219333	0.921632842972296	WP_003033493	rlm	naive	0.921632842972296
0.0260485382929852	0.108999168489957	6.53915730137199	0.238979238592864	0.818437233319214	0.921632842972296	WP_003038734	rlm	naive	0.921632842972296
-0.0398097724274302	0.166939742751814	5.21836315844547	-0.238467915256193	0.820601374530771	0.921632842972296	WP_003037810	rlm	naive	0.921632842972296
-0.036807088258441	0.156104488829314	6.53915730137199	-0.235784944651312	0.820812580244768	0.921632842972296	WP_003035887	rlm	naive	0.921632842972296
0.0533435183681874	0.22653200787471	6.53915730137199	0.235478945640611	0.821040235605683	0.921632842972296	WP_003038484	rlm	naive	0.921632842972296
0.0578335802873473	0.245363690759531	6.3257560666251	0.235705536170905	0.82110815979387	0.921632842972296	WP_003021125	rlm	naive	0.921632842972296
-0.0614864176276251	0.262709681923586	6.53915730137199	-0.234047017899818	0.822105801717673	0.921698047411471	WP_003040943	rlm	naive	0.921698047411471
-0.054338996196423	0.233459419781921	5.84313992007052	-0.232755637991314	0.823889126393665	0.922642960036741	WP_003017136	rlm	naive	0.922642960036741
-0.0386319677968964	0.169298750636005	5.91676356124392	-0.228188144636434	0.82718122499396	0.925273411310233	WP_003040444	rlm	naive	0.925273411310233
-0.027045826149208	0.121391494591555	6.53915730137199	-0.22279836194627	0.830490487476783	0.927917048080551	WP_003039791	rlm	naive	0.927917048080551
0.0403683269301337	0.183086388803588	5.53915730137199	0.220487864739307	0.833390864332357	0.930098336643961	WP_003035506	rlm	naive	0.930098336643961
-0.0480937049227514	0.221558214122863	5.99914500345325	-0.217070286078771	0.835347571682095	0.931222690704699	WP_003035700	rlm	naive	0.931222690704699
-0.33016443424473	1.56044482424635	5.53915730137199	-0.211583536383088	0.839999733429416	0.935345900674526	WP_011648734	rlm	naive	0.935345900674526
0.0305061942376202	0.146814526417016	5.70850031626119	0.207787301312198	0.842608445423288	0.936873418877766	WP_003037796	rlm	naive	0.936873418877766
0.0263142765104948	0.128028659703194	6.41802394396598	0.205534265308241	0.843520266914528	0.936873418877766	WP_011733623	rlm	naive	0.936873418877766
-0.0257846563563587	0.12676088288809	5.59519985946536	-0.203411776321584	0.846007327590985	0.936873418877766	WP_003038452	rlm	naive	0.936873418877766
0.0628738635891078	0.311182794692102	5.53915730137199	0.202048007349886	0.847093255908709	0.936873418877766	WP_003039858	rlm	naive	0.936873418877766
0.0381630179343735	0.190863536004631	6.53915730137199	0.199949234585319	0.847595029390557	0.936873418877766	WP_003041151	rlm	naive	0.936873418877766
0.0292734288809052	0.147152698742104	6.53915730137199	0.198932327651082	0.848358430106521	0.936873418877766	WP_011733581	rlm	naive	0.936873418877766
0.176850730247216	0.876119760628409	4.53915730137199	0.201856798801534	0.848758813710337	0.936873418877766	WP_003040469	rlm	naive	0.936873418877766
-0.0445814233921597	0.225087856228029	6.53915730137199	-0.198062321705156	0.849011691521238	0.936873418877766	WP_011733680	rlm	naive	0.936873418877766
0.0430374460380394	0.21997838743691	6.53915730137199	0.195643974571742	0.850828232072374	0.937823028834831	WP_003038473	rlm	naive	0.937823028834831
-0.0305584566835037	0.16261176643832	5.17806199405616	-0.187922789062714	0.858080702645138	0.944755521094142	WP_003035078	rlm	naive	0.944755521094142
-0.0276869823532887	0.14972294014365	6.09774464395253	-0.184921444414094	0.85928818935015	0.945024342771858	WP_003033621	rlm	naive	0.945024342771858
-0.0444559863060656	0.243175507167637	6.53915730137199	-0.182814407683827	0.860481360044143	0.945276835614002	WP_003034978	rlm	naive	0.945276835614002
-0.0276795946225479	0.154292099182885	5.91711115262021	-0.179397355853839	0.863610918960363	0.947653592282009	WP_003038325	rlm	naive	0.947653592282009
-0.0352867914381556	0.205091139069243	6.53915730137199	-0.172054197944856	0.868597600931387	0.952060610629822	WP_003039827	rlm	naive	0.952060610629822
-0.0348415571183133	0.209935806437344	5.53915730137199	-0.165962908898592	0.874076255939988	0.952334049765466	WP_003017112	rlm	naive	0.952334049765466
-0.155758596485381	0.947641503798296	6.53915730137199	-0.164364473127312	0.874408465348222	0.952334049765466	WP_003040513	rlm	naive	0.952334049765466
0.0370697963577898	0.224083560065947	5.58848982932201	0.165428451542274	0.874427274077926	0.952334049765466	WP_003016296	rlm	naive	0.952334049765466
-0.0317679819341998	0.196971917916749	6.53915730137199	-0.161281782043807	0.876740341385941	0.952334049765466	WP_003040486	rlm	naive	0.952334049765466
0.053671319640689	0.3338238314464	6.34241622602317	0.160777375923524	0.877268455779984	0.952334049765466	WP_003033045	rlm	naive	0.952334049765466
-0.0408401792146143	0.252960094356487	5.33126199062803	-0.161449098596002	0.877681446872277	0.952334049765466	WP_003040607	rlm	naive	0.952334049765466
-0.02796467867295	0.174741342587363	6.53915730137199	-0.160034701913595	0.877684064509432	0.952334049765466	WP_003034834	rlm	naive	0.952334049765466
0.0511943928820923	0.322778227230919	6.26383212439601	0.158605471382886	0.878970441789821	0.952334049765466	WP_003033135	rlm	naive	0.952334049765466
-0.0183077477604225	0.115878359645518	6.45702369770122	-0.157991084931022	0.879290045345951	0.952334049765466	WP_003033959	rlm	naive	0.952334049765466
-0.0261418195291197	0.166402824601345	6.53915730137199	-0.157099614094583	0.879906031819555	0.952334049765466	WP_011733667	rlm	naive	0.952334049765466
0.0269646761048001	0.169529948182565	4.53915730137199	0.159055532039461	0.880456282547302	0.952334049765466	WP_003039710	rlm	naive	0.952334049765466
0.0297718567259564	0.190406069665692	6.32604425701716	0.156359809213166	0.880620826306874	0.952334049765466	WP_003015040	rlm	naive	0.952334049765466
0.0334607243307801	0.215822253171879	6.53915730137199	0.155038342149696	0.881467193870584	0.952334049765466	WP_003032611	rlm	naive	0.952334049765466
-0.025583983486441	0.171771907486996	6.53915730137199	-0.148941604367861	0.886088055884171	0.954819802166555	WP_003034372	rlm	naive	0.954819802166555
-0.0401992213818586	0.270300100717451	6.46129102521911	-0.148720704413941	0.886308136524365	0.954819802166555	WP_003040428	rlm	naive	0.954819802166555
0.0456302901000817	0.303493033156852	4.72975314769369	0.150350370897967	0.886687910064967	0.954819802166555	WP_003032993	rlm	naive	0.954819802166555
0.0282154309684911	0.192866961920738	6.53915730137199	0.146294786247977	0.888095654954365	0.955287102533149	WP_003039427	rlm	naive	0.955287102533149
0.0269730658188966	0.186760275895249	6.53915730137199	0.144426140353452	0.889513553078878	0.955764288686067	WP_003038375	rlm	naive	0.955764288686067
-0.0181904481818038	0.1295379980289	6.45640555368633	-0.140425577503101	0.892603313364968	0.957002222990723	WP_003020808	rlm	naive	0.957002222990723
-0.0347658097581692	0.247968703544497	6.53915730137199	-0.14020240966389	0.892720063406071	0.957002222990723	WP_003034079	rlm	naive	0.957002222990723
-0.0248758812679234	0.182538887569901	6.53915730137199	-0.136277160440115	0.895701935658473	0.957002222990723	WP_003017803	rlm	naive	0.957002222990723
0.0163349868887658	0.119761804143151	6.36758903910059	0.136395631358731	0.895719470545899	0.957002222990723	WP_003041364	rlm	naive	0.957002222990723
-0.0224859428709127	0.165934245245024	6.53915730137199	-0.135511164905769	0.896284050745379	0.957002222990723	WP_003032804	rlm	naive	0.957002222990723
0.0384130067433417	0.287579055350501	6.53915730137199	0.133573728783983	0.897756706397435	0.957002222990723	WP_011733664	rlm	naive	0.957002222990723
-0.0187886855563365	0.14107255855805	6.1249102467177	-0.133184552321033	0.898315781083315	0.957002222990723	WP_003038522	rlm	naive	0.957002222990723
0.020241392213272	0.150053870826806	4.53915730137199	0.134894169019038	0.898469976936244	0.957002222990723	WP_003026299	rlm	naive	0.957002222990723
-0.0176109826042626	0.139109727482793	6.53915730137199	-0.126597779486276	0.903062748489697	0.960850928707584	WP_003036287	rlm	naive	0.960850928707584
-0.0417748351104378	0.34038565921246	5.53915730137199	-0.122727952778889	0.906652945938673	0.961641638051192	WP_011733607	rlm	naive	0.961641638051192
-0.0158728012375099	0.132495984594286	6.4508020620691	-0.119798356803897	0.908287660993728	0.961641638051192	WP_003034258	rlm	naive	0.961641638051192
0.0224133290534286	0.184708081103764	4.81127336887956	0.121344604521323	0.908322160035004	0.961641638051192	WP_003039534	rlm	naive	0.961641638051192
-0.0122492842210797	0.107349951660832	6.50409839378502	-0.114106099085921	0.912595410150692	0.961641638051192	WP_003040892	rlm	naive	0.961641638051192
-0.0274103065052087	0.238621993385665	5.34834715474644	-0.114869153996663	0.912737991363515	0.961641638051192	WP_003038932	rlm	naive	0.961641638051192
-0.0150882665000234	0.132874447150709	6.39092055343006	-0.113552807357384	0.913076141116632	0.961641638051192	WP_011733711	rlm	naive	0.961641638051192
-0.0158592792029945	0.139557606735881	6.23941454792805	-0.113639661598733	0.913092291886345	0.961641638051192	WP_003020229	rlm	naive	0.961641638051192
-0.0289474584876265	0.252585322338479	4.53915730137199	-0.114604673856841	0.913652708803551	0.961641638051192	WP_003034373	rlm	naive	0.961641638051192
-0.0329610861335977	0.295517727194664	6.53915730137199	-0.111536747546402	0.914536465474125	0.961641638051192	WP_003041529	rlm	naive	0.961641638051192
0.0149227080841581	0.136712869866184	6.31341975897739	0.10915364514522	0.916467899809334	0.961641638051192	WP_003040779	rlm	naive	0.961641638051192
-0.0250838478180981	0.230651408093796	6.53915730137199	-0.108752198936924	0.916660295089891	0.961641638051192	WP_003038813	rlm	naive	0.961641638051192
-0.0176920448418627	0.163300340394381	6.53915730137199	-0.108340526413695	0.916974349027161	0.961641638051192	WP_003041352	rlm	naive	0.961641638051192
0.0165004834825605	0.154774601310983	6.01841877563792	0.106609762472634	0.918563462934179	0.961641638051192	WP_011733734	rlm	naive	0.961641638051192
-0.0163541443385562	0.155070549094888	6.53915730137199	-0.105462606755516	0.919170283725751	0.961641638051192	WP_011733605	rlm	naive	0.961641638051192
-0.0322470151697644	0.306411976772967	6.53915730137199	-0.105240713856487	0.919339626451709	0.961641638051192	WP_003040002	rlm	naive	0.961641638051192
-0.0235366442776339	0.220340197020648	4.53915730137199	-0.10681956627019	0.919490169716634	0.961641638051192	WP_003039347	rlm	naive	0.961641638051192
0.0253289798751577	0.246985064903634	6.45992097549622	0.102552678175258	0.921428115640708	0.962642152762017	WP_003040040	rlm	naive	0.962642152762017
-0.0468954093341523	0.475012746814708	6.53915730137199	-0.0987245282334395	0.924314594655524	0.96412571518178	WP_003035145	rlm	naive	0.96412571518178
0.012948392477747	0.132030803497609	6.53915730137199	0.0980709965760484	0.924813759414939	0.96412571518178	WP_003038510	rlm	naive	0.96412571518178
-0.0196454613083139	0.204499967431719	6.30099423112259	-0.0960658407677905	0.926451293027537	0.964466404327682	WP_003040933	rlm	naive	0.964466404327682
0.0166952591038591	0.174894638103773	5.90564800159111	0.095458953372562	0.927106849419984	0.964466404327682	WP_003036696	rlm	naive	0.964466404327682
0.0114435967446374	0.126213796713892	6.53915730137199	0.0906683503910307	0.930470383024511	0.966940090833735	WP_003039351	rlm	naive	0.966940090833735
0.0228565596050457	0.261691204666601	5.53915730137199	0.0873417187794498	0.93347082338803	0.967255688472578	WP_003038884	rlm	naive	0.967255688472578
-0.0212376895655996	0.245008874357665	6.53915730137199	-0.0866813074476507	0.933518858039994	0.967255688472578	WP_003015139	rlm	naive	0.967255688472578
-0.010945771874676	0.127120276654508	6.53915730137199	-0.0861056328914764	0.933959117761979	0.967255688472578	WP_003040767	rlm	naive	0.967255688472578
0.0120945530056264	0.142099340346889	6.53915730137199	0.0851133648903753	0.934718035343531	0.967255688472578	WP_003039515	rlm	naive	0.967255688472578
0.018238429752707	0.225645749394551	6.53915730137199	0.0808277124725107	0.937996673358677	0.968348417092843	WP_003040350	rlm	naive	0.968348417092843
0.0171134944526472	0.21418187250871	6.31775621110003	0.0799016940705436	0.938786741793432	0.968348417092843	WP_003039340	rlm	naive	0.968348417092843
-0.00827100658936676	0.104019221127043	6.53915730137199	-0.0795142138130897	0.939001799873001	0.968348417092843	WP_003018337	rlm	naive	0.968348417092843
0.0193963409773424	0.253381293300066	6.53915730137199	0.0765500117420757	0.941270532873034	0.968348417092843	WP_003032740	rlm	naive	0.968348417092843
0.0124248379812668	0.163324931610904	6.53915730137199	0.0760743498173754	0.941634649529823	0.968348417092843	WP_003017665	rlm	naive	0.968348417092843
0.00976631896656374	0.129286305779324	6.53915730137199	0.0755402430883414	0.942043523456323	0.968348417092843	WP_003039032	rlm	naive	0.968348417092843
-0.0135870724767583	0.187661443267983	6.53915730137199	-0.072402046153699	0.944446282142378	0.968348417092843	WP_003040096	rlm	naive	0.968348417092843
0.108901956610664	1.49850675825579	5.53915730137199	0.0726736506263227	0.944618130961224	0.968348417092843	WP_003038974	rlm	naive	0.968348417092843
-0.0127474870345365	0.181791483865346	6.26890710446991	-0.070121475239064	0.946280661563791	0.968348417092843	WP_003032711	rlm	naive	0.968348417092843
-0.00950136769432773	0.13671366959056	6.53915730137199	-0.0694983005194951	0.94667009419182	0.968348417092843	WP_003033415	rlm	naive	0.968348417092843
0.0116056977804369	0.16772026026212	6.53915730137199	0.0691967551344067	0.946901060491944	0.968348417092843	WP_003036243	rlm	naive	0.968348417092843
-0.0354976084197703	0.520041748847509	6.53915730137199	-0.0682591513055218	0.947619246084739	0.968348417092843	WP_003038299	rlm	naive	0.968348417092843
-0.0156170797805227	0.236200844353754	6.53915730137199	-0.0661177982798962	0.949259676671792	0.969015341118656	WP_003018671	rlm	naive	0.969015341118656
0.0166199379439293	0.256547726818705	6.53915730137199	0.0647830255602855	0.950282344617033	0.969050914832962	WP_003015672	rlm	naive	0.969050914832962
0.00964265781162089	0.158000671115216	4.8819444610801	0.061029220594825	0.953755304638431	0.970679182322664	WP_003022260	rlm	naive	0.970679182322664
0.0310786942762162	0.526255772853448	6.24290674656608	0.0590562534026035	0.954752569415963	0.970679182322664	WP_003038519	rlm	naive	0.970679182322664
0.0141855664601791	0.242489348361554	6.53915730137199	0.0584997508386566	0.955097759484104	0.970679182322664	WP_003038506	rlm	naive	0.970679182322664
-0.00670463671111255	0.116530588571295	6.53915730137199	-0.0575354230448307	0.955836992990513	0.970679182322664	WP_003040982	rlm	naive	0.970679182322664
0.0118250318161972	0.219026019559587	6.53915730137199	0.0539891645749427	0.958555880969039	0.971624670822003	WP_003014123	rlm	naive	0.971624670822003
-0.00886379565537491	0.16222770213579	4.53915730137199	-0.0546379905446457	0.958748910658205	0.971624670822003	WP_003040336	rlm	naive	0.971624670822003
0.0110688422476066	0.211534013893875	6.00108041296272	0.0523265362570004	0.959966854309485	0.971854988728178	WP_003041095	rlm	naive	0.971854988728178
-0.0100843417253869	0.205544159498941	5.04146483572413	-0.049061679738163	0.962754582352599	0.973264498883339	WP_003038824	rlm	naive	0.973264498883339
-0.0363888025112578	0.776578637212457	6.1432489111425	-0.0468578464144676	0.964112786682583	0.973264498883339	WP_003040502	rlm	naive	0.973264498883339
-0.0110192064954854	0.237210117623076	6.53915730137199	-0.0464533579170295	0.964335466783492	0.973264498883339	WP_003040258	rlm	naive	0.973264498883339
0.00968019754409873	0.238500692141432	5.51344873605093	0.0405877125855816	0.969053939741704	0.977021495258594	WP_003035692	rlm	naive	0.977021495258594
0.00643967538899571	0.169473888674014	5.53915730137199	0.0379980387502793	0.971021263687861	0.977999855932024	WP_003038567	rlm	naive	0.977999855932024
-0.00721346840986209	0.212228901750071	4.53915730137199	-0.0339890955019733	0.974329054900451	0.980324926007531	WP_003040747	rlm	naive	0.980324926007531
-0.00460349361286566	0.219609849790989	6.51081275167572	-0.0209621454467866	0.983903663757941	0.988375397863317	WP_003022891	rlm	naive	0.988375397863317
-0.00345284061811404	0.169393704804294	6.53915730137199	-0.0203835238275425	0.984345324885281	0.988375397863317	WP_003040252	rlm	naive	0.988375397863317
-0.00182194154596491	0.131856081409318	5.69091897450665	-0.0138176527505705	0.989447034320676	0.991910615198195	WP_003041303	rlm	naive	0.991910615198195
0.00231680829868118	0.175976221488668	6.53915730137199	0.0131654622373533	0.989888371334386	0.991910615198195	WP_003034620	rlm	naive	0.991910615198195
-0.00183639186452394	0.237683437807062	6.53915730137199	-0.00772620878201293	0.994065817162874	0.99508017003753	WP_003040954	rlm	naive	0.99508017003753
0.000465603255853864	0.114028851743383	6.53915730137199	0.00408320568641419	0.996863831913414	0.996863831913414	WP_003035212	rlm	naive	0.996863831913414
NA	NA	NA	NA	NA	NA	WP_003014807	fitError	naive	NA
NA	NA	NA	NA	NA	NA	WP_003014901	fitError	naive	NA
NA	NA	NA	NA	NA	NA	WP_003015278	fitError	naive	NA
NA	NA	NA	NA	NA	NA	WP_003015471	fitError	naive	NA
NA	NA	NA	NA	NA	NA	WP_003015509	fitError	naive	NA
NA	NA	NA	NA	NA	NA	WP_003015717	fitError	naive	NA
NA	NA	NA	NA	NA	NA	WP_003016046	fitError	naive	NA
NA	NA	NA	NA	NA	NA	WP_003016458	fitError	naive	NA
NA	NA	NA	NA	NA	NA	WP_003016535	fitError	naive	NA
NA	NA	NA	NA	NA	NA	WP_003016659	fitError	naive	NA
NA	NA	4.53915730137199	NA	NA	NA	WP_003016697	rlm	naive	NA
NA	NA	NA	NA	NA	NA	WP_003017885	fitError	naive	NA
NA	NA	NA	NA	NA	NA	WP_003018498	fitError	naive	NA
NA	NA	NA	NA	NA	NA	WP_003018803	fitError	naive	NA
NA	NA	NA	NA	NA	NA	WP_003020516	fitError	naive	NA
NA	NA	NA	NA	NA	NA	WP_003021998	fitError	naive	NA
NA	NA	NA	NA	NA	NA	WP_003022248	fitError	naive	NA
NA	NA	NA	NA	NA	NA	WP_003022536	fitError	naive	NA
NA	NA	NA	NA	NA	NA	WP_003023340	fitError	naive	NA
NA	NA	NA	NA	NA	NA	WP_003025872	fitError	naive	NA
NA	NA	NA	NA	NA	NA	WP_003026380	fitError	naive	NA
NA	NA	NA	NA	NA	NA	WP_003026450	fitError	naive	NA
NA	NA	NA	NA	NA	NA	WP_003032672	fitError	naive	NA
NA	NA	NA	NA	NA	NA	WP_003033154	fitError	naive	NA
NA	NA	4.53915730137199	NA	NA	NA	WP_003033202	rlm	naive	NA
NA	NA	NA	NA	NA	NA	WP_003033344	fitError	naive	NA
NA	NA	NA	NA	NA	NA	WP_003033346	fitError	naive	NA
NA	NA	NA	NA	NA	NA	WP_003033373	fitError	naive	NA
NA	NA	NA	NA	NA	NA	WP_003033422	fitError	naive	NA
NA	NA	NA	NA	NA	NA	WP_003033690	fitError	naive	NA
NA	NA	NA	NA	NA	NA	WP_003033798	fitError	naive	NA
NA	NA	NA	NA	NA	NA	WP_003033905	fitError	naive	NA
NA	NA	NA	NA	NA	NA	WP_003033977	fitError	naive	NA
NA	NA	NA	NA	NA	NA	WP_003034158	fitError	naive	NA
NA	NA	NA	NA	NA	NA	WP_003034374	fitError	naive	NA
NA	NA	NA	NA	NA	NA	WP_003034387	fitError	naive	NA
NA	NA	NA	NA	NA	NA	WP_003034424	fitError	naive	NA
NA	NA	NA	NA	NA	NA	WP_003034657	fitError	naive	NA
NA	NA	NA	NA	NA	NA	WP_003035930	fitError	naive	NA
NA	NA	NA	NA	NA	NA	WP_003036211	fitError	naive	NA
NA	NA	NA	NA	NA	NA	WP_003036963	fitError	naive	NA
NA	NA	NA	NA	NA	NA	WP_003037116	fitError	naive	NA
NA	NA	NA	NA	NA	NA	WP_003038341	fitError	naive	NA
NA	NA	NA	NA	NA	NA	WP_003038351	fitError	naive	NA
NA	NA	NA	NA	NA	NA	WP_003038380	fitError	naive	NA
NA	NA	NA	NA	NA	NA	WP_003038401	fitError	naive	NA
NA	NA	NA	NA	NA	NA	WP_003038459	fitError	naive	NA
NA	NA	NA	NA	NA	NA	WP_003038539	fitError	naive	NA
NA	NA	NA	NA	NA	NA	WP_003038594	fitError	naive	NA
NA	NA	NA	NA	NA	NA	WP_003038599	fitError	naive	NA
NA	NA	NA	NA	NA	NA	WP_003038749	fitError	naive	NA
NA	NA	NA	NA	NA	NA	WP_003038806	fitError	naive	NA
NA	NA	NA	NA	NA	NA	WP_003038817	fitError	naive	NA
NA	NA	NA	NA	NA	NA	WP_003038821	fitError	naive	NA
NA	NA	NA	NA	NA	NA	WP_003038879	fitError	naive	NA
NA	NA	NA	NA	NA	NA	WP_003038889	fitError	naive	NA
NA	NA	NA	NA	NA	NA	WP_003038939	fitError	naive	NA
NA	NA	NA	NA	NA	NA	WP_003038949	fitError	naive	NA
NA	NA	NA	NA	NA	NA	WP_003039029	fitError	naive	NA
NA	NA	NA	NA	NA	NA	WP_003039109	fitError	naive	NA
NA	NA	NA	NA	NA	NA	WP_003039112	fitError	naive	NA
NA	NA	NA	NA	NA	NA	WP_003039209	fitError	naive	NA
NA	NA	4.53915730137199	NA	NA	NA	WP_003039251	rlm	naive	NA
NA	NA	NA	NA	NA	NA	WP_003039257	fitError	naive	NA
NA	NA	NA	NA	NA	NA	WP_003039271	fitError	naive	NA
NA	NA	NA	NA	NA	NA	WP_003039284	fitError	naive	NA
NA	NA	NA	NA	NA	NA	WP_003039286	fitError	naive	NA
NA	NA	NA	NA	NA	NA	WP_003039319	fitError	naive	NA
NA	NA	4.53915730137199	NA	NA	NA	WP_003039398	rlm	naive	NA
NA	NA	NA	NA	NA	NA	WP_003039401	fitError	naive	NA
NA	NA	NA	NA	NA	NA	WP_003039410	fitError	naive	NA
NA	NA	NA	NA	NA	NA	WP_003039668	fitError	naive	NA
NA	NA	NA	NA	NA	NA	WP_003039713	fitError	naive	NA
NA	NA	NA	NA	NA	NA	WP_003039715	fitError	naive	NA
NA	NA	NA	NA	NA	NA	WP_003039737	fitError	naive	NA
NA	NA	NA	NA	NA	NA	WP_003039821	fitError	naive	NA
NA	NA	NA	NA	NA	NA	WP_003039842	fitError	naive	NA
NA	NA	NA	NA	NA	NA	WP_003039880	fitError	naive	NA
NA	NA	NA	NA	NA	NA	WP_003039898	fitError	naive	NA
NA	NA	NA	NA	NA	NA	WP_003040014	fitError	naive	NA
NA	NA	NA	NA	NA	NA	WP_003040017	fitError	naive	NA
NA	NA	NA	NA	NA	NA	WP_003040087	fitError	naive	NA
NA	NA	NA	NA	NA	NA	WP_003040187	fitError	naive	NA
NA	NA	NA	NA	NA	NA	WP_003040227	fitError	naive	NA
NA	NA	NA	NA	NA	NA	WP_003040294	fitError	naive	NA
NA	NA	NA	NA	NA	NA	WP_003040301	fitError	naive	NA
NA	NA	NA	NA	NA	NA	WP_003040373	fitError	naive	NA
NA	NA	NA	NA	NA	NA	WP_003040422	fitError	naive	NA
NA	NA	NA	NA	NA	NA	WP_003040533	fitError	naive	NA
NA	NA	NA	NA	NA	NA	WP_003040552	fitError	naive	NA
NA	NA	NA	NA	NA	NA	WP_003040554	fitError	naive	NA
NA	NA	NA	NA	NA	NA	WP_003040562	fitError	naive	NA
NA	NA	NA	NA	NA	NA	WP_003040570	fitError	naive	NA
NA	NA	NA	NA	NA	NA	WP_003040599	fitError	naive	NA
NA	NA	NA	NA	NA	NA	WP_003040705	fitError	naive	NA
NA	NA	NA	NA	NA	NA	WP_003040744	fitError	naive	NA
NA	NA	NA	NA	NA	NA	WP_003040855	fitError	naive	NA
NA	NA	NA	NA	NA	NA	WP_003040880	fitError	naive	NA
NA	NA	NA	NA	NA	NA	WP_003040889	fitError	naive	NA
NA	NA	NA	NA	NA	NA	WP_003040936	fitError	naive	NA
NA	NA	NA	NA	NA	NA	WP_003040944	fitError	naive	NA
NA	NA	NA	NA	NA	NA	WP_003040999	fitError	naive	NA
NA	NA	NA	NA	NA	NA	WP_003041158	fitError	naive	NA
NA	NA	NA	NA	NA	NA	WP_003041292	fitError	naive	NA
NA	NA	NA	NA	NA	NA	WP_003041295	fitError	naive	NA
NA	NA	NA	NA	NA	NA	WP_003041372	fitError	naive	NA
NA	NA	NA	NA	NA	NA	WP_003041395	fitError	naive	NA
NA	NA	NA	NA	NA	NA	WP_003041455	fitError	naive	NA
NA	NA	NA	NA	NA	NA	WP_003041518	fitError	naive	NA
NA	NA	NA	NA	NA	NA	WP_003041521	fitError	naive	NA
NA	NA	NA	NA	NA	NA	WP_003041552	fitError	naive	NA
NA	NA	NA	NA	NA	NA	WP_003041555	fitError	naive	NA
NA	NA	NA	NA	NA	NA	WP_003041569	fitError	naive	NA
NA	NA	NA	NA	NA	NA	WP_003041589	fitError	naive	NA
NA	NA	NA	NA	NA	NA	WP_011733565	fitError	naive	NA
NA	NA	NA	NA	NA	NA	WP_011733577	fitError	naive	NA
NA	NA	NA	NA	NA	NA	WP_011733586	fitError	naive	NA
NA	NA	NA	NA	NA	NA	WP_011733594	fitError	naive	NA
NA	NA	NA	NA	NA	NA	WP_011733606	fitError	naive	NA
NA	NA	NA	NA	NA	NA	WP_011733614	fitError	naive	NA
NA	NA	4.53915730137199	NA	NA	NA	WP_011733632	rlm	naive	NA
NA	NA	NA	NA	NA	NA	WP_011733652	fitError	naive	NA
NA	NA	NA	NA	NA	NA	WP_011733675	fitError	naive	NA
NA	NA	NA	NA	NA	NA	WP_011733698	fitError	naive	NA
NA	NA	NA	NA	NA	NA	WP_011733701	fitError	naive	NA
