protein	logFC_mixed	logFC_naive	se_mixed	se_naive	pval_mixed	pval_naive	adjP_mixed	adjP_naive	df_mixed	df_naive
WP_003013731	-0.126922164427248	-0.116302442332711	0.133240252612956	0.0868497548201137	0.356385021311177	0.197532540993549	0.580101166075857	0.334285838604468	14.5263375708688	17.6395595045157
WP_003013860	0.191939966549999	-0.033690829962089	0.999903926962221	0.236271731161364	0.855479415650539	0.891407045258042	0.940845430341715	0.938235182720003	4.89742312120599	5.83508481219646
WP_003013909	0.256948497167327	0.256518950581646	0.0706852495616623	0.0503618852990719	0.002428270188052	7.31563074391533e-05	0.0181712836219999	0.000684011474556083	15.0640805719475	18.2193445043866
WP_003014068	-0.15974520506332	-0.137735762690226	0.161347393105645	0.0898663677281412	0.33871971598462	0.142601807848233	0.562012623992339	0.265338687239995	14.1928869002598	18.1502269955304
WP_003014122	-0.240212778532933	-0.240212625991036	0.111194132719918	0.114680050577554	0.0445691335011637	0.051099576497505	0.152906411857838	0.120702578589896	17.8895652270646	17.4352493168806
WP_003014123	-0.156927642510275	-0.149517487989724	0.155867032137207	0.101043238429605	0.330428959807338	0.156377793050797	0.558086532456408	0.283262761112205	14.5958162148929	17.8485097958753
WP_003014302	0.00727057985914096	0.0116981719259651	0.0919308206619878	0.0521702634998532	0.938054091941283	0.825136049483936	0.967558105933886	0.898715859678015	14.3664491454389	17.7680641012705
WP_003014346	-0.330858904249634	-0.324139111717615	0.0635376515419087	0.0464924348888372	0.000106840376806562	2.725898866241e-06	0.00167550250993952	5.27320435848691e-05	14.9747540153484	16.4226467837454
WP_003014349	-0.414988618801753	-0.408086025737737	0.0894128008043509	0.0544468018067997	0.000346573809945428	9.24761235909853e-07	0.00432453546779456	2.49434189112947e-05	14.5327478178296	16.8543906086834
WP_003014352	-0.235913118563697	-0.232568153852319	0.0412304621779806	0.0478443828983348	2.08972879891574e-05	0.00014682013582815	0.000529556275179784	0.00109821461599457	17.8000431295284	16.996365438764
WP_003014363	-0.341042622191782	-0.347471468956526	0.241337125617982	0.122913597765686	0.179354406296278	0.0110795401872714	0.383103760575382	0.0370116557192023	14.07032357464	18.2193445043866
WP_003014373	-0.526609076491311	-0.526514105377988	0.0430938046996773	0.0489177935019693	4.06422026135656e-10	4.18599864261673e-09	1.13290139785314e-07	3.33310426631398e-07	17.8895618478383	17.3581687480351
WP_003014378	-0.568318815870025	-0.559864584261766	0.115713729223009	0.0675253960204861	0.000210216515299891	1.91492532992444e-07	0.00292989268199223	7.83545014992284e-06	14.4300275381026	17.3624923567331
WP_003014382	-0.324368373690408	-0.323426423226923	0.134844250900942	0.0660686019572649	0.0304164317145906	0.000114099411456435	0.114189634214709	0.000959686321292869	14.1160761248102	18.1373947829075
WP_003014552	-0.712066107525378	-0.713174991564655	0.114286755879554	0.120019087112552	9.41071310295782e-06	2.32509327416207e-05	0.000330142462894639	0.000280511253076328	16.8895652270646	15.5517910710035
WP_003014561	-0.210069870975889	-0.187829206971345	0.0943830715686815	0.0755427053077814	0.0413129492462456	0.0239481138663074	0.142657758647063	0.0663451450814738	15.4457070345538	16.503740749104
WP_003014581	-0.612495630821683	-0.61249529417149	0.0748895785474367	0.0797942691308061	2.82765622525488e-07	8.5194929898924e-07	2.42525899319938e-05	2.45099259863058e-05	16.8895652270646	16.257435136018
WP_003014682	0.0860207832977682	0.090894374066226	0.266459768275105	0.169926938482133	0.751386656983673	0.599185437716123	0.889380172544369	0.747815418373181	14.6503232990876	18.2193445043866
WP_003014689	0.0126671899640687	0.0203997461241058	0.215419813961615	0.113068579340465	0.953934308948593	0.858844079160429	0.972723511307129	0.915991498876427	14.1085655692475	17.956157731604
WP_003014807	-0.0397320566134806	-0.0433145293858441	0.137739359565872	0.13663112695479	0.778781681584757	0.757145263978323	0.903581243462023	0.856928876342557	10.1844154416929	11.0382034446917
WP_003014812	-0.0499446739318979	-0.0479040548154149	0.112280745295461	0.0809792923670939	0.662709434967179	0.561763557041174	0.827624748234652	0.716248535227496	15.2232598766243	17.3765457075988
WP_003014814	-0.0970002385250222	-0.0897863516252536	0.0660135457360048	0.0551701940531837	0.161927480087609	0.121711025107775	0.356112702756774	0.235830219225748	15.3451717392027	17.3063905989569
WP_003014820	NA	-0.51641274645862	NA	0.232775383580882	NA	0.0770322647311991	NA	0.167825633064865	NA	5.02252933192227
WP_003014822	-0.172372219661313	-0.168799138875914	0.114546030440317	0.0619766597126221	0.154170591270433	0.0138752789451805	0.34311419015276	0.0444801799328357	14.2747602169494	18.1255164559715
WP_003014877	0.219791284175606	0.218404247789932	0.0856161314857267	0.0668480935456022	0.0217177460340611	0.00471809676011521	0.0901761465566083	0.0187720020030116	14.6933502518808	16.3940874172134
WP_003014894	0.179344927320439	0.177060563516075	0.0910841564112903	0.0862384835243363	0.0656172592374343	0.0555471816200039	0.199354888418908	0.128387907289937	16.8573518797649	17.2461238145596
WP_003014901	-0.303523661669145	-0.303523606325237	0.193567827145732	0.208325187961409	0.143086138289541	0.174060183245246	0.323067345393695	0.306889377607063	11.8895652270646	10.6154621634059
WP_003014930	-0.0440985104338137	-0.0257663529718827	0.169616032375212	0.0860173530101985	0.798625799414249	0.767929679738035	0.916651984757625	0.859255710205246	14.1134258997503	18.1248686004034
WP_003015002	-0.578736606228567	-0.569659666323133	0.0898398353848106	0.0729494226564066	9.36098281311129e-06	4.00473393292993e-07	0.000330142462894639	1.48843129532658e-05	15.5422740003997	17.6064988797933
WP_003015034	0.0487168050902934	0.0487163970768118	0.0851925627290138	0.0931618343132152	0.575960083989173	0.609406842111819	0.781259724632516	0.751476846386667	14.8895652270646	13.6589612283387
WP_003015040	0.0693847719494403	0.058287041230453	0.190761298214749	0.0903991155661441	0.721477129747626	0.527524523785417	0.874398912683264	0.681107612988767	14.0517193596032	17.314830893606
WP_003015139	-0.178560570911115	-0.178560934608813	0.0668832276076644	0.0709937653834249	0.0156792190869803	0.0219318666756737	0.0728430386749293	0.0620340569169164	17.8895652270646	17.4825790907815
WP_003015169	-0.261058040709416	-0.255303103379917	0.121271035940748	0.0812727492233196	0.0481237365658964	0.00567262264673634	0.160652593625672	0.0216485803048918	14.9192875599304	17.9039258346907
WP_003015278	0.332991818060285	0.332991761771999	0.0987949809581945	0.106630517581678	0.00461831761226143	0.00812671012582056	0.0306513341528065	0.028673486670348	13.8895652270646	12.9340628897162
WP_003015446	-0.314440150244054	-0.307749902061188	0.265926870618208	0.291218647244442	0.252512849832626	0.305953371667104	0.476399031410116	0.462641082224381	17.8895652270646	16.3827455244448
WP_003015471	0.278771899290074	0.278773252439988	0.288682809695063	0.298645791666402	0.350723866122074	0.367470719607836	0.57508398636193	0.528592496666656	13.8895652270646	13.0999515229983
WP_003015509	0.28787222936815	0.186081047398597	0.213963125967615	0.138609372099163	0.21366577986523	0.207243579469708	0.432441476963097	0.345447107984663	8.40240008727185	10.6932551345103
WP_003015534	-0.502905958669744	-0.501186943776875	0.109196685327986	0.0677168383471117	0.000360996129262915	9.27228043229153e-07	0.00442319433107858	2.49434189112947e-05	14.7001446901185	17.3084226283375
WP_003015556	-0.654993223128149	-0.674501800253633	0.109951787096339	0.071560537835622	2.63357136523774e-05	8.93941160102295e-08	0.000603204998549876	4.36615273219324e-06	14.9937723574762	15.3391954978549
WP_003015654	-0.21897959208162	-0.203862730275096	0.176227120628068	0.0924465518745382	0.234231911220636	0.0410160730998173	0.456588428340926	0.101365713696024	14.1375546930038	17.5785027836274
WP_003015672	0.011841412852057	0.00107288364835742	0.265268209875415	0.118900900988515	0.965026685634839	0.992899341850685	0.976677083232751	0.995561270381116	13.9668694034797	18.0782189194875
WP_003015717	-0.286444323764141	-0.442976447671292	1.1967632642327	0.643002719578717	0.816711574480578	0.506498256550552	0.927492785890872	0.660803539360138	8.19655908611609	10.0294339608164
WP_003015739	0.00533371934274092	0.00740405667282635	0.0606672690457326	0.0570653530703989	0.931021926041464	0.898348351321744	0.965664602359286	0.941126844241827	16.1680961465052	16.3614767850652
WP_003015772	-0.188414409780927	-0.190710912212443	0.108064593306555	0.0885192629690623	0.100385665853603	0.0449255486747486	0.260909131530927	0.109104903924389	16.0286237250917	18.0927525632173
WP_003015897	-0.595257792401269	-0.565228022038917	0.159831338187718	0.0813960005994603	0.00222250683854442	2.29854091679312e-06	0.0171687673908251	4.7758572382257e-05	14.1729348146012	17.0941428858721
WP_003015976	-0.391673707093652	-0.376818433490411	0.0955208580559017	0.0690162484975877	0.000936076620914662	3.54159974813036e-05	0.00923650825061812	0.00038957597229434	15.0781539627775	17.8945740971053
WP_003016007	0.0273637000394388	0.0273638631905403	0.0533567697224911	0.0586187518683903	0.614334893896202	0.646489008300932	0.810122116155861	0.7835306013225	17.8895652270646	17.2143580490168
WP_003016046	-0.167042670837451	-0.167614829284636	0.0948474682200314	0.0931322635731774	0.0987248470152163	0.0956957257365589	0.260232161754057	0.198100745897452	14.8895652270646	12.6960945696258
WP_003016111	-0.24176437673042	-0.241997016082502	0.0413863786247388	0.0442976129348367	1.76173342164015e-05	3.31514453137191e-05	0.00047910555247043	0.000368276451900919	17.4641019073788	18.2027525155753
WP_003016117	-0.0798897646692232	-0.0785682975945411	0.0604329412612933	0.0657628230600827	0.202837862884206	0.248610633726555	0.416508687137919	0.399057412076102	17.8895652270646	16.987150031592
WP_003016126	-0.24883427420613	-0.243283075066025	0.116192437105117	0.0688545357408047	0.0496197185588917	0.00252686354639176	0.16320349909488	0.0115720036695982	14.5274537155175	17.1366960262176
WP_003016128	0.131891153549605	0.131890769201551	0.073188981586067	0.078007859863586	0.0884115851952364	0.109027322895357	0.239269217215263	0.216316794060439	17.8895652270646	17.1039551244048
WP_003016134	-0.529781807309958	-0.509999190993962	0.163222115654099	0.0991942960310865	0.00562311199979767	7.55578956083107e-05	0.0346918942981908	0.000694884908791185	14.5311487499841	17.4289740324238
WP_003016165	-0.0121254227210657	-0.010609948797725	0.229424932229769	0.103966781045272	0.958595478539718	0.920036825710372	0.97521346585017	0.954931839451469	14.030241108268	15.3536153271868
WP_003016231	-0.049679036431208	-0.0862703877811768	0.192839754623957	0.120476059999776	0.800592780782048	0.484273753552842	0.916651984757625	0.640748999394208	13.4792211187745	15.9840021761758
WP_003016239	-0.598383184391837	-0.622671579918445	0.322253199839347	0.16299690429126	0.136103369381941	0.00668650356324176	0.312579019041606	0.0244461068404014	4.04476294958047	6.91898943441291
WP_003016252	-0.330787855777638	-0.333051318633801	0.074641829678492	0.0729254838358327	0.000366100773659433	0.000292108422662689	0.00443698220250291	0.0018728322870145	16.9874121188322	16.542631423945
WP_003016296	-0.0643303716924556	-0.0673978741469421	0.134708651476809	0.0968702877140427	0.639765062084153	0.495653412361741	0.823113953050505	0.651198042938962	15.1969732583471	17.6295086461709
WP_003016377	0.131336802522241	0.139965478237369	0.303253655954933	0.153698725005328	0.671541118164221	0.374398042581051	0.833817758076956	0.533766967949097	14.0100178090965	18.1789118852237
WP_003016458	0.0136059125409603	-0.00328364280072933	0.218797230551796	0.16850368593753	0.951806909833237	0.984768893306078	0.972505171717691	0.992731984087529	8.78726805015017	12.1510043998902
WP_003016495	-0.152271959775912	-0.144904975750538	0.13295964473947	0.0941804435339324	0.269639472363047	0.143097780805098	0.492665631392641	0.265820712025363	15.3581183866082	16.2935754303916
WP_003016535	-0.352481097873292	-0.355285648670618	0.143262128618645	0.0980905866153934	0.0289255023530408	0.00224701799996616	0.111213569391864	0.0105048091498418	12.7828327386769	16.2193445043866
WP_003016538	-0.439085851834855	-0.430585490432409	0.207899015112799	0.146203631035453	0.0545391422164553	0.0101681605384878	0.171782891444485	0.0346768271251772	13.043410974933	14.7656184062826
WP_003016618	-0.296548141035392	-0.29654772555119	0.0791775561994234	0.082369196087188	0.00149451838381127	0.00209126977675002	0.0129774295689699	0.00998470080644052	17.8895652270646	17.7048532928603
WP_003016659	0.0114499912465136	-0.00502602393154518	0.157833669165567	0.117866793072116	0.943749339025584	0.966764454202153	0.969843790795877	0.984459436290372	9.03329251205492	10.8133070222531
WP_003016697	-0.448935073477131	-0.448935073477131	0.109195064423958	0.130420805590576	0.00466525460882292	0.0102992756034144	0.0307796383954885	0.035017537051609	6.8895652270646	7.21934450438662
WP_003016724	0.153959827209667	0.0296463197746543	0.273181507303495	0.160688334639484	0.583983142659794	0.856060467996213	0.789262065534146	0.914761757230239	11.3705662175872	15.2193445043866
WP_003016753	-0.406040585786635	-0.380458509387696	0.169296802493349	0.0864156051319013	0.0307843936346218	0.000380176519471963	0.115183217793971	0.00233091833250023	14.1615835004282	17.1780627963022
WP_003016773	-0.298385343393517	-0.300490330975877	0.142881105650322	0.0679833996274656	0.0553958377371915	0.000324916050357885	0.172051139490163	0.00204806633989633	14.0878063746525	18.1408684515746
WP_003016775	-0.0871564166370673	-0.079860111205347	0.213324145386528	0.133192806557358	0.693246951529499	0.559770266833883	0.855055697959504	0.714519043671919	8.26061175470862	12.1832053509786
WP_003016791	NA	NA	NA	NA	NA	NA	NA	NA	NA	NA
WP_003016871	-0.243313695719137	-0.243313394966462	0.115189277237382	0.123205458882836	0.0489875245367854	0.0655644081973499	0.161600857569573	0.147804211936668	17.8895652270646	16.2144517769996
WP_003016875	-0.0110589728792491	-0.0110590012888082	0.0764911055748548	0.0815136211759249	0.886659979432053	0.893674748093137	0.949745514767875	0.939740456757732	17.8895652270646	17.0053835334973
WP_003016899	-0.279934911082225	-0.263349711680505	0.159049709597863	0.0943723701227716	0.099663835832011	0.0123534310120378	0.260909131530927	0.0405010272492001	14.3680339893747	17.4051008206316
WP_003016952	-0.547071425142022	-0.614545417437198	0.632991899693375	0.408018711489167	0.408741320969245	0.157465334157965	0.634177533682788	0.283284332266714	9.49722455210417	12.2023839895913
WP_003017112	-0.0179679893250749	-0.0435197915728889	0.186876279584392	0.123844548369693	0.925040829425904	0.730435999144951	0.965355209770777	0.84142627416903	11.6171951667635	14.2193445043866
WP_003017136	0.102094410896299	0.10209450494275	0.0878224457136034	0.0911365275404831	0.260302710140069	0.27768422497721	0.483729203010294	0.430333840365235	17.8895652270646	17.5799352610384
WP_003017219	-0.438461335380354	-0.434411938544203	0.116055974681485	0.073721703900433	0.00186227299355317	1.81389043054199e-05	0.0151168585927508	0.000231830459125653	14.8026923178051	16.9058919775893
WP_003017327	-0.623111606409925	-0.653763865441117	0.377960640474891	0.275270822856289	0.119555566442483	0.0292056389881657	0.290423652687077	0.0778354559257053	15.3364303802032	17.5143460753481
WP_003017341	-0.0969880641451752	-0.106149979408455	0.112728197072844	0.0695628181537214	0.40355605184843	0.14541690513281	0.628789845077261	0.268793686258671	14.5323155881909	16.9929842085954
WP_003017378	0.0772438258610775	0.0679601142692989	0.298070372210353	0.209870398548062	0.799001106938942	0.749785372256738	0.916651984757625	0.85493819885372	15.1915436456059	18.105781840271
WP_003017394	-0.670572324074017	-0.696681378525033	0.460673182051783	0.293027611207242	0.166963573971226	0.0293121763904516	0.364313864927431	0.0779342699291155	14.3889579277948	17.1605211226066
WP_003017431	0.0430399436923655	0.0425718898086369	0.113954507541076	0.113483606427021	0.710212744325811	0.712138181149126	0.864959627489085	0.82799900440344	17.449341328685	17.2236333885181
WP_003017457	-1.49692819502774	-1.54219369918329	0.374161723875295	0.208580119219486	0.00127782307039421	9.55942079488121e-07	0.0116784649466356	2.49434189112947e-05	14.2132176518958	17.2603088582755
WP_003017470	0.33365341629239	0.32461546469331	0.115916632323825	0.0941509215432627	0.0110880847774292	0.00297851994257074	0.0575049651947945	0.0130794545265945	15.6871285257011	17.4468736558154
WP_003017534	-2.52529336560781	-2.80788182099384	1.29574423068431	0.565454994774099	0.0717426861780708	0.000162024447815163	0.209870016817227	0.00118817928397787	13.9259249058228	15.2259624514852
WP_003017606	-0.00439543229289772	-0.0043951178671162	0.0701797059179949	0.0741917961233749	0.950754737418316	0.953433174978966	0.972505171717691	0.978730121067154	17.8895652270646	17.4752829207049
WP_003017665	0.0960790463577718	0.101723639112922	0.0881624444696977	0.0736178061138138	0.291982850737994	0.18382175334147	0.519274493041744	0.318283961804212	15.9619167677788	18.1391116994267
WP_003017689	0.397205326018313	0.400260559510462	0.0994707733683442	0.0978316955973472	0.000911768756121846	0.000715312855325436	0.00923650825061812	0.0039342207042899	17.311774527371	17.58129019584
WP_003017693	-0.34792436626125	-0.344044102403345	0.165190298632402	0.0804333001748106	0.0536386091731829	0.000466349588039106	0.171366903232375	0.00271111004031024	14.0545622516229	17.7484700736186
WP_003017801	-0.54489313861415	-0.544893149271207	0.085121515748735	0.0871013696408207	5.15528139206783e-06	6.51479101511287e-06	0.000221082259698293	0.000110751447256919	17.8895652270646	18.1122121060892
WP_003017803	-0.0911620504577655	-0.118912919204638	0.150875939607849	0.0931808418744362	0.554931941521829	0.219808894623178	0.767678802477469	0.362684676128243	14.6641215745578	16.279343682948
WP_003017865	-0.10887651851564	-0.111124197273908	0.0904230884360909	0.078347760367311	0.245879690509637	0.173798809019598	0.467933930210891	0.306889377607063	16.1791994432322	17.3537443934537
WP_003017885	0.211359906779777	-0.0218526199734994	0.800969487226465	0.446630187206739	0.802219446929007	0.962510463990916	0.916651984757625	0.984148955771778	5.09208382178983	6.21934450438662
WP_003017929	-0.396482972714812	-0.457228497513277	0.200991622444232	0.117499177646289	0.0736476315860748	0.00143837001943593	0.21164203406823	0.00717267183025385	11.2368280689338	15.0501413583201
WP_003017957	-1.24607345285705	-1.24036099494293	0.221298182268573	0.16307648515323	5.81704839155266e-05	6.86538487960024e-07	0.00115821588510379	2.0818815770031e-05	14.2391033316619	17.1302090459923
WP_003017997	0.102087002327669	0.0888651194248737	0.208717176221426	0.128076604344394	0.632045089684864	0.497087793323787	0.819453808137934	0.652318718256478	14.560193408561	17.1199796674449
WP_003018004	-0.12378922278033	-0.120608895213047	0.155802569568803	0.167523047929257	0.437303195812923	0.481264670180452	0.661210720623179	0.639785497562164	17.8895652270609	17.1254280703348
WP_003018080	0.114566824082801	0.115294848923264	0.0845504340075242	0.0616390836124185	0.195651036241021	0.0779792110882289	0.406240047316086	0.169231479382965	14.8635232406778	17.7715112709058
WP_003018097	-0.144612728968959	-0.144729941225997	0.0851465191437304	0.0460841404142325	0.111024097312202	0.00559203279553664	0.278183974164281	0.0214871945088771	14.3351289039973	18.2193445043866
WP_003018147	0.0265782300189267	-0.00913911903653756	0.172872714972372	0.0829114705772406	0.879993402715287	0.913513418593787	0.948905445993199	0.951682502936145	14.0775579370993	17.085482886538
WP_003018210	-0.479100962738936	-0.467633049667181	0.105772401197466	0.0649539281696844	0.000425841269411555	1.0880548148737e-06	0.00488150939583398	2.6539076136702e-05	14.6026116221754	17.9298936381086
WP_003018337	0.0348531241753696	0.0324482443972449	0.0428827146023866	0.0387922494066843	0.428393891099324	0.414095295151538	0.654089263721368	0.575018466782209	15.8561485259265	17.6206162334824
WP_003018370	-0.133884141415733	-0.13872760433849	0.0852117513444707	0.0615097442150936	0.136860363119837	0.0369897473940181	0.313345595233302	0.093897051077123	15.0943292192506	17.741269045272
WP_003018461	0.230999575638175	0.231000053938011	0.116055256601406	0.123695520351687	0.0620468526964181	0.0799057719354733	0.191691437638626	0.173033246054318	17.8895652270646	16.3142868282968
WP_003018498	0.543731287873041	0.536617287615904	0.182064573561333	0.113353101084649	0.0118786536983316	0.000256225348920033	0.0604780770485835	0.00170109373661702	11.4575407594247	15.2193445043866
WP_003018506	-0.400232232843882	-0.408367419247659	0.212379261539151	0.193014688533918	0.0774621146191409	0.0493751106825132	0.219771648346926	0.117869945076127	16.2940138908945	17.0596728834563
WP_003018613	-0.199119622372369	-0.196395143262276	0.0713149986303599	0.0449269880670988	0.0139058602460252	0.000368093190467767	0.0665452110485757	0.00228177104809301	14.6656327640957	17.9980148615655
WP_003018618	0.109331349808593	0.110858865846181	0.0519588326058633	0.0613101509252948	0.0497715063353396	0.0897210223933122	0.163221263423246	0.188868643762282	17.8895652270646	15.7436175339639
WP_003018629	-0.0509656024687592	-0.0503868385952195	0.0574743431066031	0.057916173984122	0.387321479613125	0.395620528905445	0.612466632574305	0.555552232079987	17.3742457805903	18.2193445043866
WP_003018671	-0.12384364595712	-0.123843645957135	0.128367535527913	0.128860153181628	0.347527357681542	0.34909926922153	0.571294583303516	0.509348998786159	17.8895652270646	18.2193445043866
WP_003018704	NA	NA	NA	NA	NA	NA	NA	NA	NA	NA
WP_003018791	-0.0101587044234975	-0.010202135559529	0.061332027026638	0.0651755337909569	0.870307365357165	0.877389009281493	0.944413702347225	0.929584956009288	17.8375109758324	17.6530715370157
WP_003018795	0.17700321629907	0.177438040915446	0.117398485612396	0.0677022969032637	0.153256263475029	0.0172064777848495	0.341761467549315	0.0518969571897881	14.3964052794995	18.2193445043866
WP_003018803	-0.849291399303984	-0.829846906038138	0.229610127217516	0.192052044662049	0.0123784211469114	0.00323408164797125	0.0627360889945738	0.0137990107788498	5.35837035346203	7.21934450438662
WP_003018819	-0.533478409386885	-0.517812767609222	0.196737156921783	0.107041478902669	0.0176173190252074	0.000170408109970279	0.0788887980446035	0.0012335348347526	13.1789009182609	16.3857471526518
WP_003018840	-0.509244686947989	-0.503670976316497	0.0972739479380112	0.0551284939920502	0.000115877011382577	5.06023820298682e-08	0.00174598469853477	2.70361298273867e-06	14.3705867399039	17.2484661754246
WP_003018894	-1.4276208135705	-1.49166853861318	0.447385833315712	0.273679685780996	0.00624125287444859	4.01745722016093e-05	0.0370908310335313	0.000421269813179492	14.6183893103625	17.3562987439451
WP_003019199	0.187146208117584	0.187146322804871	0.109793500338438	0.113845211355231	0.109053066490729	0.121556953180152	0.275099930174576	0.235830219225748	14.8895652270646	14.6008248677189
WP_003019355	NA	NA	NA	NA	NA	NA	NA	NA	NA	NA
WP_003019409	-0.307839857061635	-0.30406342743157	0.125805697527145	0.0769301159807403	0.0276409396223977	0.000924367406549854	0.107246182120959	0.00486920295844571	14.5469728029949	18.108411612716
WP_003019565	-0.0659343868017115	-0.117581117129555	0.326385204333954	0.162661634093567	0.843035254988941	0.479538045736017	0.938108093126416	0.63900437923493	12.9894235395176	17.1011005340558
WP_003019684	-0.141670896598794	-0.143707293741601	0.0656897085538351	0.0486185940663761	0.0473649546208306	0.00873724431363179	0.1600361345522	0.0301636557535227	15.2680861801682	17.2740948524384
WP_003019697	-0.280989833711493	-0.280324236702137	0.208637557891008	0.199856517199058	0.197496958192986	0.179617010943431	0.40779464515774	0.311966387428065	15.4318054442757	16.1862576409331
WP_003019758	-0.226511476655686	-0.218131025936733	0.21782604418762	0.0980334585652862	0.316045876475784	0.0391027433062296	0.541200904578588	0.0978794494966229	13.9833607281045	17.9984763045893
WP_003019771	-0.0367196219220267	-0.036417945616226	0.0717881547479258	0.0602244288811177	0.616082212251082	0.553140096188948	0.810122116155861	0.706860122920273	15.7837660731344	17.4914480166074
WP_003019781	0.359654435826385	0.35965443582639	0.131523197468098	0.133486366141967	0.0171436909004142	0.0181717230119455	0.0777041274551293	0.053513578003682	12.8895652270646	13.2193445043866
WP_003019788	-0.0294291508840913	-0.0340018379988521	0.078128419432939	0.0631225005362805	0.711462929252197	0.597244393619507	0.865083060104907	0.746222950602546	15.6787775538498	16.6573067164817
WP_003019812	0.117043038074629	0.119170209004779	0.0630788889687835	0.0506000207915259	0.0826089186096701	0.0300386587154775	0.228558174317077	0.0793020590088607	15.526496072954	18.0365888288396
WP_003020026	-0.561411268757817	-0.561052221219292	0.0776012563633435	0.0454724984949698	3.58069075166434e-06	2.96249047151792e-10	0.000166352924504406	4.18817505430075e-08	14.4672265862489	18.1199423808113
WP_003020229	0.053132103053922	0.0433607134857598	0.0806729931664862	0.0573864915669637	0.520074647787335	0.459759417883435	0.737764926568547	0.619267787353198	15.0814721755929	17.8324748407819
WP_003020335	0.038014768273434	0.0454964705996685	0.0823550908681386	0.0561042533838434	0.651085220627937	0.428784340481977	0.82702297303659	0.588286544636566	14.7947485710703	16.7436626839083
WP_003020516	0.212635166020516	0.212634434621364	0.117605770626864	0.133218873834717	0.121526302417122	0.160923006849883	0.292917171134936	0.287967485941896	5.8895652270646	6.08009606406199
WP_003020646	-0.591137016715059	-0.560958298305924	0.22430459554148	0.113110867193293	0.019548896799233	0.000102274737912441	0.0851446091060344	0.000882709661059682	14.0321924616054	17.9445171658671
WP_003020808	-0.0627814896991806	-0.0564644530516657	0.0712636540924061	0.0563438431170634	0.391787765995262	0.329772865639989	0.61534406591552	0.4868488884843	15.4996858417969	17.7095518004875
WP_003020861	-0.50558046902218	-0.521975795252472	0.15450190871054	0.0867539736857228	0.0054508411365022	1.17372837837279e-05	0.0341443138606739	0.000162583116115342	14.2450894576677	17.6844145799115
WP_003020889	-0.0225167350282186	-0.0222954349378999	0.0650540618015549	0.0597662786993085	0.73365071554483	0.713507245834533	0.880538802833676	0.828732018453774	16.399409592984	17.8569439728127
WP_003020909	0.0724097237987596	0.074462729447873	0.0622012682395001	0.0513208757701749	0.261646522606421	0.164477370162904	0.484611084229501	0.293859250513978	15.8063593715514	17.5130649988389
WP_003021049	-0.209488374081245	-0.217847796592858	0.0672057424639743	0.0610431511589984	0.00655299528479929	0.00224031043807404	0.0386592049870434	0.0105048091498418	16.2170891656009	17.7139955080624
WP_003021081	-0.326266715720803	-0.326266470623124	0.178948266633304	0.200016385273647	0.085021246530407	0.12427215317315	0.233494310052719	0.238755746336087	17.8895652270646	14.5676462326809
WP_003021125	0.155504859902561	0.17333759547319	0.128752998002065	0.133156040867753	0.242858596336973	0.210498372540867	0.46687471537194	0.348599271592278	17.8895652270646	16.865179925963
WP_003021127	-0.0948061185094573	-0.0999967432617745	0.136512860339684	0.0922158486350276	0.498008255418951	0.293722606367687	0.712626487742353	0.448829523866505	14.9805595177514	16.5714113980246
WP_003021175	-0.421906637004191	-0.421906506865856	0.0624424837033284	0.0687129135989263	2.56657804384338e-06	1.21582039591476e-05	0.000130078841767517	0.000166359815148336	17.8895652270646	16.581754695489
WP_003021184	-0.231833928690844	-0.231833984474086	0.0387442142037764	0.0487561513505697	1.19568342868487e-05	0.000246242231375807	0.000370329728606564	0.00164454633097414	17.8895652270646	15.2090240559066
WP_003021312	0.222155891068684	0.219301396065763	0.106110479777442	0.0506188049132426	0.0547613820378997	0.000411816588326007	0.171933343393699	0.00247089952995604	14.1586125754194	17.7761551861016
WP_003021424	-0.323987869742164	-0.312957571168809	0.256892183736563	0.142925503805412	0.229169579586178	0.042658282781473	0.450453644493712	0.104503478779067	13.1434179576226	17.1476991805508
WP_003021583	-0.713107236665238	-0.717214452257111	0.0920437010439306	0.0818640442081486	7.36001706586961e-07	1.01176444774531e-07	4.69722238654045e-05	4.36615273219324e-06	16.3223322704748	17.0521874511893
WP_003021588	-0.419643445346455	-0.412646951397202	0.130911857867781	0.0726106976591232	0.00618750214905026	2.5573782300903e-05	0.0370908310335313	0.000298893580641803	14.3388641183934	17.237685066177
WP_003021600	-0.477490907971367	-0.448345833929725	0.208197649909136	0.147122856822592	0.0358734999324251	0.00821247466043157	0.12779218027046	0.0287949892781382	15.8157866278136	14.8697469808702
WP_003021606	-0.316284669292143	-0.324340999797787	0.0538469274206182	0.0529625958880959	2.21909156803443e-05	1.33404905888277e-05	0.000537888499643129	0.000176094475772526	16.2340478092252	16.3499452251504
WP_003021609	0.0813193399987962	0.0813193718940752	0.172873592055909	0.211786300589743	0.658304223059602	0.71928957343422	0.82734140072806	0.834507279205113	4.8895652270646	4.2878017975706
WP_003021612	-0.0505182053919885	-0.033678431781662	0.193777670483647	0.161171490832611	0.797710735034365	0.836969933518614	0.916651984757625	0.903830861797772	15.7009873458234	16.9499002288941
WP_003021682	-0.842482697291225	-0.769436011446592	0.323052097016532	0.230303149704492	0.0235729275295475	0.00444618180797985	0.0955775061652564	0.0179446618293288	11.5081203046481	15.0607372338709
WP_003021745	-0.464779033444439	-0.455053306347506	0.154585840313257	0.107475956227265	0.00881480704758656	0.000487338767304115	0.0493894967741659	0.00278976580058784	15.0722837851073	18.2193445043866
WP_003021790	0.0691581609288222	0.0682634043310548	0.127770687003297	0.0781453424947628	0.597093857354756	0.396223498198385	0.797386235773512	0.555703456223235	13.5757800216445	14.9042843012152
WP_003021830	-0.151555444918881	-0.129378746284595	0.152143157612394	0.0857967516925467	0.335707820236631	0.149085138940222	0.560328396657245	0.274218894903162	14.3299349633155	17.8220880773209
WP_003021949	-0.00983086942814698	0.00378919770481231	0.26704641264837	0.190731085161108	0.97112199712299	0.984368320084563	0.979910431486094	0.992731984087529	14.9163118370061	17.9962269768908
WP_003021998	-0.0812740788681828	-0.0812736105479329	0.369772034255891	0.390240592175032	0.830994878545143	0.840160553897581	0.930518549658098	0.904946605887112	8.8895652270646	8.10449956715862
WP_003022001	-0.0906227705311383	-0.0906232813397627	0.0627624455373335	0.0686989488663058	0.166052024270767	0.204895155004415	0.363489566531084	0.343122931216348	17.8895652270646	16.7292661217069
WP_003022051	-0.213435098347281	-0.21515616922213	0.129848129775774	0.0778934435460453	0.121895576149426	0.0129173664299576	0.292917171134936	0.0420095221287318	14.3898823943444	17.8204131516189
WP_003022063	-0.2502932552228	-0.256797442224841	0.353176847515356	0.374238724181287	0.488784139616603	0.502597997591812	0.707409403518761	0.658010447255558	15.8895652270646	15.7101386186552
WP_003022248	-0.585497724982351	-0.585980758801194	0.234230033982354	0.210603361577626	0.0328768184922517	0.0181125869214167	0.120711274471504	0.0534952248497576	9.38779307191342	10.7981550849493
WP_003022260	0.0343227876956451	0.00758131199169628	0.179711594858913	0.0915467386833691	0.851239161981026	0.934951237739533	0.940845430341715	0.967582615763696	14.1973247735099	17.2854915182771
WP_003022320	-1.27772798375622	-1.2670047440697	0.323527819752091	0.17010921800213	0.00143723547822829	9.53404423910926e-07	0.0126743536576396	2.49434189112947e-05	14.088215512605	16.9969931806832
WP_003022431	-0.107885594726426	-0.108470829578485	0.150580443841612	0.0934202368316185	0.484956298860508	0.260980410270632	0.70683172971172	0.412422563836126	14.668166227827	17.7450242213427
WP_003022463	0.0188060842537605	0.018806084253796	0.226273795544496	0.131612101594523	0.934909240569939	0.887945290746527	0.966214244617815	0.937490856905583	14.3683251483192	18.2193445043866
WP_003022536	-0.00757796643844225	-0.00757796643844791	0.122537849553251	0.130938772955713	0.952444526919927	0.955418329134359	0.972505171717691	0.979871449075641	6.8895652270646	7.21934450438662
WP_003022558	-0.0407197765320449	-0.0407189295569516	0.0687587109125428	0.0743322747158356	0.561119342421119	0.591025381872956	0.770595351318467	0.741756687317065	17.8895652270646	16.8263489836178
WP_003022662	-0.000271928426628186	-0.00497324142207385	0.098369246362498	0.0786800510248548	0.997829776277013	0.950330465706201	0.997829776277013	0.978230075708585	15.4330650132072	17.1725249652831
WP_003022867	-0.19632190227504	-0.195650152719955	0.0771413726772524	0.0763917229003424	0.020744547071572	0.0205133155537512	0.0881084364029738	0.0594721947091059	17.2825533969301	16.5858306539761
WP_003022891	0.0185177415494677	0.0185177293441061	0.0726031060070379	0.0772759053825057	0.801590206976399	0.813453610235808	0.916651984757625	0.892174927355402	17.8895652270646	17.1684511135292
WP_003022912	0.0434728709265151	0.0305782066157819	0.161484393201818	0.102032938606924	0.791859815298386	0.768122528819841	0.915895948192635	0.859255710205246	13.4352602404446	16.6518620155356
WP_003023073	-0.385376741649158	-0.387636362115714	0.0824101362672974	0.0609346562173013	0.000284237001538648	5.47535175445713e-06	0.00364280754845508	9.90862043306597e-05	15.2846773377731	17.9620245924357
WP_003023081	-0.461789807770226	-0.474409921142303	0.149655979131479	0.0747292888896147	0.00796517502741708	6.89925856994244e-06	0.0453120926304594	0.000112187943702542	14.1659411359841	17.1941159286781
WP_003023263	0.275251991271296	0.282982743518612	0.161905343463936	0.143908827918663	0.107782001556148	0.0653591345710217	0.272510049285952	0.147804211936668	16.5924383650245	17.4566139459055
WP_003023265	0.0401777890470595	0.0363754836865288	0.127804094589001	0.0699847727863184	0.757794444168152	0.609486568816281	0.891932424024366	0.751476846386667	14.2532645423673	18.2193445043866
WP_003023340	0.232626784891898	0.233553984198227	0.11590194804907	0.0987293153883859	0.0667047221631762	0.0327188013215609	0.200473760679088	0.0846150515474224	12.5885259779512	14.2193445043866
WP_003023392	-1.4160026820043	-1.4255203843444	0.114109969134137	0.07747715981849	2.76603653069763e-09	2.31545084434233e-12	4.89293816613392e-07	1.29896792367605e-09	14.9833826362705	16.3639184473484
WP_003023546	-0.502903006108429	-0.492963444572725	0.19421935559674	0.136245794310486	0.0207733510870533	0.00216384149477222	0.0881084364029738	0.0102440091018331	14.7093930367772	16.7669644524368
WP_003024353	0.0296406523761355	0.0300362824689972	0.131687120877392	0.11347354678285	0.824718287915578	0.794323793063711	0.930518549658098	0.881534417227976	16.2607968899334	17.559216688303
WP_003024407	-0.249114138507399	-0.249114000437315	0.107165132653342	0.113332163137744	0.0320710977671817	0.0423833960962663	0.119596234148521	0.104057265689302	17.8895652270646	16.6602417417927
WP_003024580	-0.328436518675996	-0.32835375886895	0.10042283447594	0.0661707946052131	0.00531444538419632	0.000106254741937309	0.0338617514752971	0.000910059698119548	14.6136998551001	17.6668051616642
WP_003024743	-0.163613252944493	-0.0705862171445326	0.294426963726269	0.169608758466107	0.58944403588808	0.683094422942075	0.791843493994228	0.805995404749211	11.0963406100486	15.2193445043866
WP_003024794	-0.314969368180765	-0.286412939994299	0.149187279013534	0.0677890161225395	0.0531072170583106	0.000563396562849303	0.170156744310392	0.00316065471758459	14.0792648397571	17.0990660225425
WP_003024803	-0.415132514581843	-0.415913228181962	0.124999471525253	0.0649730227573345	0.00496938668725036	5.72488016711001e-06	0.0322536453044975	0.000101081340217679	14.181852845312	17.5005050819131
WP_003024808	-0.403299349459211	-0.399336647191327	0.203753012162423	0.123038173318678	0.067232963482415	0.00490027544995574	0.20097789351982	0.0192627262132934	14.3927179777603	16.5182996156583
WP_003024816	-0.385548477914878	-0.385570782287537	0.0721043595659072	0.0776600789564474	4.49890076116911e-05	0.00012016679716223	0.000928939694204362	0.000969979470618864	17.8895652270646	16.8900523566046
WP_003025094	-0.541198135732873	-0.470054525516284	0.474574284652174	0.303815740175189	0.273771047068468	0.140418558700086	0.497968544015239	0.262145795110643	13.6280226729349	16.8306998217013
WP_003025263	0.224978058852004	0.224212795975313	0.216268038670519	0.103454675781568	0.315825521960462	0.0437023428265222	0.541200904578588	0.106827949131499	14.0161706074851	18.2193445043866
WP_003025265	-0.353420140168089	-0.348146834864066	0.0854197777284509	0.0514833724657548	0.000932313744390862	2.69274029361353e-06	0.00923650825061812	5.27320435848691e-05	14.5437137914426	17.690789797813
WP_003025316	0.225841964774355	0.273142075129797	0.219786214271687	0.119322906216581	0.325931718627311	0.0371183031792064	0.551462619528758	0.0939385928569156	11.1522707670888	14.8841565275974
WP_003025404	-0.0250621177752773	-0.0250616471386245	0.0807414885474033	0.0895026155564106	0.759844342879067	0.783126466991368	0.891932424024366	0.872574379729677	17.8895652270646	15.6952171122399
WP_003025408	-0.277916987117632	-0.274778398683796	0.091782912182635	0.0707663954589911	0.00824933406845639	0.0010856945480334	0.0464545832642872	0.00566581061810921	15.4548124961995	18.04683251196
WP_003025459	-0.249596820486069	-0.248230781406093	0.0718679686403164	0.0430564835903215	0.00354993131109491	1.98918439246563e-05	0.0247385838241927	0.000250771335769262	14.5350381708885	17.6164613102253
WP_003025725	0.261644235615622	0.260516571443092	0.131366010037081	0.0490283673377384	0.0662054982204391	4.99434034426738e-05	0.199511163556188	0.000500325880916785	14.0519507373867	17.7090506440982
WP_003025739	-0.103132309689134	-0.0983649782185799	0.111657213655789	0.0725900026966385	0.370677079529377	0.19220372242457	0.601608360517111	0.329240574901325	14.6048661780707	17.9485810116781
WP_003025777	-0.026934688401279	-0.0259088737156159	0.0722684533147318	0.0585742391098232	0.714328015914082	0.663988579398066	0.867620629350982	0.796786295277679	15.7795499231409	16.5244399583983
WP_003025780	-0.43046688489431	-0.359426887927194	0.299557205548478	0.196540789529952	0.170881078576449	0.0861319350728487	0.370685608195994	0.183030362029803	15.2760200769941	16.0041378134156
WP_003025860	-0.0077131447941727	-0.00771357100937398	0.158649636424942	0.164280891038292	0.96176281639921	0.963097641209815	0.976677083232751	0.984148955771778	17.8895652270646	16.9935587015939
WP_003025872	-0.573956834386907	-0.647223131402583	0.188891474337342	0.143600649401081	0.00887098173791913	0.00036598882850546	0.0494557231888992	0.0022813303643507	13.9627581237127	15.8550768611975
WP_003026016	-0.997726453140014	-0.995249972835026	0.103636844125298	0.0719514131601295	8.36183043193296e-08	4.71378027580952e-11	8.47585539236841e-06	1.05777229389166e-08	14.970386121487	18.0648625945501
WP_003026086	-0.23578976310053	-0.228699175365111	0.140423991154911	0.0974593572741556	0.114004225962491	0.0308857419195744	0.283106262690819	0.0809668281162675	14.8744610058563	17.5825705237145
WP_003026091	-0.547508572964871	-0.613394319360643	0.282170383627729	0.235725653218729	0.101561118508521	0.0309798381993535	0.26152574396536	0.0810241922136938	5.85827388419902	8.16621587765966
WP_003026207	-0.142288766410379	-0.142288766410369	0.0620588047559929	0.0618246657768712	0.0346007689353054	0.0333723297169609	0.125259277152161	0.0858801695927298	17.3576041928336	18.2193445043866
WP_003026287	-0.301434276958349	-0.293036831771128	0.0870345934767216	0.0454000152989491	0.00371422461631692	7.46536157367237e-06	0.0257227356968532	0.000114741584735074	14.2508719499682	16.2124938794722
WP_003026299	-0.276942345778797	-0.2744166978366	0.190325351537357	0.151853114626103	0.170360456515642	0.0923233147687438	0.370276625760118	0.193258879049497	12.4643079123605	13.9691805742043
WP_003026380	0.164344206193025	0.181060976755099	0.238006805226497	0.230764574652759	0.5096782591365	0.457219027296144	0.726715164881327	0.618071986296716	7.8895652270646	7.35019152104457
WP_003026382	0.267092095844143	0.277250803806025	0.166330766121453	0.0834213195403091	0.130518124414748	0.00377256280203595	0.305336388582525	0.0156192452541858	14.0736298751551	18.0331417468307
WP_003026450	-0.0550656018432227	-0.0485087479292688	0.15490856806212	0.157938659882526	0.729188449670756	0.76462282818719	0.879315873474629	0.857631968562139	10.6313892304453	10.7208499710893
WP_003026826	0.288140207808448	0.27642932110351	0.157312756124116	0.0686765521300121	0.0883137714829512	0.000795850912111304	0.239269217215263	0.00426604912952895	14.0325884454014	17.9784243650901
WP_003026930	0.00622346071992957	0.00389279115911742	0.0653234109211619	0.0654207643247142	0.925190048742591	0.953212083095077	0.965355209770777	0.978730121067154	17.3635642566552	17.8444379805139
WP_003026946	-0.314895167105144	-0.329543387215909	0.160061866631692	0.120677236915682	0.0719016559858122	0.0153181836685557	0.209870016817227	0.0477416724336654	12.4120919833421	15.2193445043866
WP_003027088	-0.0945059851118309	-0.0672192238905359	0.0953329516678003	0.0937630800791622	0.334746601116023	0.483823792605398	0.559654641039703	0.640748999394208	17.8895652270646	15.9121987273912
WP_003027135	0.045159395515973	0.046411730003077	0.0596882285151574	0.0455477559725731	0.460863911764168	0.321689729915361	0.683328805341818	0.4780607641921	15.1996198256061	18.0398103357775
WP_003027191	-0.519911690493501	-0.514144435372504	0.148448991142193	0.0922449518693155	0.00338098150144768	3.08828724970704e-05	0.0241070387773127	0.000350005888300131	14.421583043157	17.3994294127777
WP_003027193	-0.656775378293144	-0.65070378867486	0.246512474189109	0.169516842166831	0.0177439977343853	0.00122984819109031	0.0791382298953585	0.00630086607490104	14.9165658436807	17.7490776461865
WP_003027195	-0.315100090653471	-0.303582601987069	0.0838226968054831	0.0524933909713714	0.0019565363480719	2.4696438530124e-05	0.015694518187771	0.000291677937166307	14.7001369424983	16.5165456471728
WP_003027197	-0.569639947173998	-0.550651390068508	0.131861973321397	0.0854364254590865	0.000651875882742636	6.12890369648869e-06	0.00685699631375508	0.000105794306884005	14.51593616121	16.9510472932168
WP_003027200	-0.329134979938227	-0.349690120527377	0.100465073047019	0.0480906265620698	0.00541365100650022	1.56578280203723e-06	0.0341427080228698	3.44472216448191e-05	14.23576470317	16.4881072027237
WP_003027202	-0.255719364778158	-0.25014633871859	0.103993336036462	0.0525632598580557	0.0273436401433724	0.000160636507161015	0.106601953705805	0.00118575105943855	14.2073758281856	17.8347023133216
WP_003027204	-0.305893527005263	-0.306548701680958	0.122807311989631	0.0705970761652508	0.0255880913160932	0.000427963132069542	0.102628495746201	0.00252723491674751	14.3272325129621	17.2765635690898
WP_003028608	-0.130104932734683	-0.12120753811696	0.106468473343643	0.0592477494116618	0.241468464588155	0.0555501612966234	0.465004038023822	0.128387907289937	14.2994798694406	18.1494180907772
WP_003028678	-0.27083675746969	-0.288090269749982	0.0858984165612205	0.0530824750209843	0.00670004397799854	4.65195041076146e-05	0.0393186791340441	0.000470224176655348	14.705447420556	16.868208409791
WP_003029937	0.294795062544551	0.309634763473602	0.170588618131297	0.0877926791105634	0.105806746165023	0.00248975628614871	0.268734674200458	0.0114487973486019	14.0931233276619	17.529791434174
WP_003032557	0.108014099423048	0.105909716576203	0.205342928523391	0.0956730386701197	0.607095530180908	0.282697530539986	0.804084943170325	0.436686529652983	14.0221050763833	18.2193445043866
WP_003032578	NA	NA	NA	NA	NA	NA	NA	NA	NA	NA
WP_003032596	0.0158369939708885	0.0158377115339002	0.106325860637659	0.111059093153838	0.883261091801632	0.888270891244918	0.949745514767875	0.937490856905583	17.8895652270646	17.0707643412809
WP_003032608	0.0176060341781162	0.0214747630796319	0.250709020936189	0.16490203854079	0.944954057590044	0.897813592365982	0.970187637396776	0.941126844241827	14.8102413302764	18.2193445043866
WP_003032611	-0.047778840577463	-0.047779161606632	0.0831170456049748	0.0915434494075216	0.572559877315757	0.608953469726771	0.779492384868216	0.751476846386667	17.8895652270646	15.8140883850214
WP_003032666	-0.308189198353427	-0.308188344024404	0.0828893323323713	0.0852551997837132	0.00158788234409179	0.00198202604856622	0.013515181783682	0.00954434861155066	17.8895652270646	17.9894582695652
WP_003032672	-0.103993902861367	-0.108935480395785	0.196940944558133	0.207005965173735	0.614041300189992	0.61689757076775	0.810122116155861	0.758115086967596	6.8895652270646	6.23830876957267
WP_003032698	-0.418435418958424	-0.42606696148793	0.147809719206873	0.075363398916953	0.0132179171332191	2.40301565280518e-05	0.064925011469336	0.000286828038558235	14.1677751053625	17.8090400783207
WP_003032700	NA	NA	NA	NA	NA	NA	NA	NA	NA	5.21934450438662
WP_003032709	-0.364789327672782	-0.334350391584367	0.239864615793186	0.244685576906124	0.159614056060847	0.203728485796408	0.35241519308484	0.342703689750479	9.8895652270646	9.35814793661452
WP_003032711	-0.11077719404071	-0.100954566250589	0.115429309191084	0.0674772469334041	0.35292065163445	0.15264704261466	0.57783630921059	0.278941338458711	14.5164687900558	17.293771725133
WP_003032740	-0.109619539374508	-0.109620656585007	0.242312394869723	0.246112615057266	0.656426305952809	0.661493121237077	0.82702297303659	0.7946416295803	17.8895652270646	17.474873601879
WP_003032762	0.0219615664609719	0.0205030201859929	0.0826450073397906	0.075318752285482	0.793752993739891	0.788710215587868	0.916651984757625	0.876171150385731	16.414609236768	17.1255758464323
WP_003032777	-0.292802637812721	-0.289670844821071	0.133877161503841	0.0828941844994904	0.0455831697213755	0.00258177646513311	0.154954982436993	0.0117277457242079	14.492752142448	18.037636559593
WP_003032778	0.11015851687666	0.110157178114901	0.231564759063755	0.235174442649569	0.640035692641065	0.645278631525992	0.823113953050505	0.7835306013225	17.8895652270646	17.4906373402893
WP_003032780	-0.221137067139317	-0.192034910494756	0.213852086230706	0.115137974931607	0.318510005438404	0.112468725473867	0.541369902536312	0.222165334474787	14.1053072686595	18.186043665909
WP_003032781	-0.285758964264432	-0.279608430512742	0.127211037431053	0.0736670551213808	0.0409368856340845	0.00132082067049156	0.142639460881263	0.00667549906437627	14.3274407481204	18.0324500940066
WP_003032783	-0.129468879985771	-0.118009335184568	0.114646088679883	0.0670037767729606	0.277178195745617	0.097199823370379	0.500086874201235	0.199740296376493	14.446618882234	16.0793040024243
WP_003032804	0.0108357191779339	0.00485805538465752	0.0960756794680698	0.0626594649233822	0.911721425108773	0.939061479147876	0.958123835057758	0.970190588953883	14.7664995510952	17.8930880111655
WP_003032819	0.330301856881383	0.317975744639057	0.282252743616203	0.137964231455307	0.262934476048801	0.034260845927763	0.485384007937771	0.0879649179197941	12.9866294268976	16.7548961643014
WP_003032835	0.0836634950405817	0.08233205064836	0.106821681033223	0.0743579515720043	0.445979768025297	0.282951075809018	0.667473075635177	0.436686529652983	14.6537747281993	17.7735406104132
WP_003032840	-0.324102252750336	-0.318728538211637	0.151129329952046	0.0663798561070941	0.0499856662010027	0.000145508713596563	0.163442867490082	0.00109570991043855	14.0282330491088	17.8771377697386
WP_003032868	-0.390446784462885	-0.390447221649503	0.0568904083927595	0.0648973962338148	2.85065009808197e-06	2.2381460379466e-05	0.000138194559102669	0.000272956505932183	16.8895652270646	15.1912414566263
WP_003032885	-1.56475945677663	-1.40110621168062	0.878611650682289	0.53158708372809	0.0962087685398858	0.0169677550632186	0.255961713634418	0.0513148818893026	14.2720186761055	17.6653696360843
WP_003032887	-0.321106759511315	-0.318549565673007	0.0661439343257017	0.050127276808967	0.000205018179477108	5.76578054717599e-06	0.00292989268199223	0.000101081340217679	15.1333764861944	17.8161759428818
WP_003032890	-0.308537348871979	-0.305793168689667	0.059940307266793	0.0485765580532898	0.000108193884049906	7.12077650629994e-06	0.00167550250993952	0.000112528327324909	15.4685894561565	17.464167240832
WP_003032892	-0.567684057884902	-0.567393715437886	0.201171238957491	0.0976323210729314	0.0135535575806265	1.60205854438737e-05	0.0654208515255347	0.000209012754279375	14.0373420164547	18.1671712226662
WP_003032894	-0.287397693126904	-0.271755881340071	0.147961202236095	0.0791630780221209	0.0722082527666898	0.00302813669745571	0.209969214672203	0.0132201142978417	14.1889366901219	17.6897186652332
WP_003032915	0.34176090683945	0.351174656801955	0.135941474645994	0.0722547958156741	0.024566861903236	0.000123136097989101	0.0992465616743049	0.000979848949955821	14.2171294960909	18.1404185858857
WP_003032934	0.006908896447929	0.00690824557861189	0.0951327378485929	0.0996638984168323	0.943140963450483	0.9457379291955	0.969843790795877	0.975292239482859	13.8895652270646	13.7302704813052
WP_003032959	1.81932913843131	1.80541291111047	0.178532105356931	0.172408584052567	2.59460554142138e-08	1.39877542637225e-08	2.89298517868483e-06	8.26013699152456e-07	15.6587144069957	16.0480659197349
WP_003032990	0.115439640983718	0.121378507321547	0.10217472968815	0.0873259804929071	0.275294388623157	0.182357306670182	0.49884229739003	0.316236318522325	15.9117598217181	17.1177701864358
WP_003032993	0.133259125226678	0.073995410885569	0.221568090452406	0.138556375513062	0.560084640124602	0.603309994562575	0.770595351318467	0.749660696767665	10.6921018658331	11.6991013689402
WP_003032999	-0.122820852961166	-0.122820852961162	0.0956205665177222	0.113402883784677	0.247186623223511	0.318979154309272	0.467933930210891	0.474661287977457	5.8895652270646	6.21934450438662
WP_003033018	-0.697734731260646	-0.691323051700945	0.11581190163993	0.0873198632025247	2.19722761996564e-05	7.77785855375998e-07	0.000537888499643129	2.29651507824176e-05	15.2028931262614	15.5238101438856
WP_003033045	-0.202225196098749	-0.193428820458203	0.173414747403143	0.136355196369827	0.262556819813171	0.174505724521664	0.485384007937771	0.306889377607063	14.3644188224696	16.6199375455846
WP_003033046	-0.707788018647032	-0.772321219579782	0.172598896467626	0.100467975638653	0.000967354513539372	1.1689419259577e-06	0.00937913289214261	2.73240175192613e-05	14.8177390073608	15.432771493136
WP_003033116	0.20885496690091	0.21715723600731	0.149694803756215	0.0745791347210192	0.184529278005152	0.00922248259226147	0.389678304878303	0.0317411824187649	14.1086539397605	18.2193445043866
WP_003033129	-0.237217607038588	-0.227925806166002	0.0709941221739783	0.0529528981875298	0.00437605316755944	0.000459488337551369	0.0295715107989623	0.00268513497256581	15.2560745737982	17.3700381302718
WP_003033135	-0.117322600794311	-0.117322242597388	0.102743968096491	0.10686319158742	0.2685529198996	0.287345462003094	0.492494252776404	0.442251863329865	17.8895652270646	17.2538030121975
WP_003033154	-0.571390140480298	-0.571390462182574	0.17307759960341	0.190659622144366	0.0133990726904103	0.0223457565512307	0.0652400264183732	0.0626798471262021	6.8895652270646	6.38668733282705
WP_003033158	NA	NA	NA	NA	NA	NA	NA	NA	NA	NA
WP_003033196	0.16408232932977	0.164047233802253	0.0695901461880017	0.0731941442477289	0.0299744899249314	0.038143952300203	0.113678762810539	0.0961741898445569	17.8895652270646	17.6195766888515
WP_003033202	NA	NA	NA	NA	NA	NA	NA	NA	NA	10.2193445043866
WP_003033215	NA	NA	NA	NA	NA	NA	NA	NA	NA	6.21934450438662
WP_003033328	-0.0852665433567495	-0.0857002775302909	0.0482577094608698	0.0445009748431208	0.0964846010261359	0.0710776135422793	0.255961713634418	0.157606882202445	15.8555217516977	16.9441834886663
WP_003033335	0.0720027098892111	0.0584164423101927	0.184649340378884	0.104625177240667	0.7023412770722	0.583677981389534	0.862456524158043	0.735001902490524	14.2593955582691	17.5197554200083
WP_003033337	0.126812921046597	0.126813104674085	0.0353498827708019	0.0408218205414586	0.00212251051442106	0.00606388626368325	0.0165496449201362	0.0228311422411161	17.8895652270646	18.0941503825601
WP_003033338	0.126172554973582	0.122121055495771	0.0819861604446538	0.0580818076380308	0.14486833249919	0.0497384959346821	0.324353796659834	0.118234306014223	14.8370907682507	18.1233609568256
WP_003033343	NA	NA	NA	NA	NA	NA	NA	NA	NA	NA
WP_003033344	-0.0163081392871098	-0.0337817136708534	0.133671377074948	0.107581232892828	0.905326099145938	0.759049626872987	0.95737006694987	0.856928876342557	9.95164548162581	11.6808744160475
WP_003033346	0.387418148496233	0.342700839905584	0.283540497886208	0.193482812013343	0.213699779198804	0.106648217350273	0.432441476963097	0.213677321191084	7.06884439015423	10.0976156528829
WP_003033347	-0.016795042025975	-0.0205136724133822	0.141183358255022	0.0789995713808621	0.906969072036385	0.798089017540887	0.95737006694987	0.883092581539324	14.2452477128912	17.862438206984
WP_003033367	-0.0706426655957677	-0.0731535752045705	0.0541123887956712	0.0374903093607714	0.211566422686434	0.0670733859069991	0.430468177546303	0.150212253468369	14.8710054195228	17.6594730216631
WP_003033373	0.187734246543702	0.188036314188453	0.0963626008985292	0.103549628846085	0.0735006138567135	0.0942653679902317	0.21164203406823	0.195862486824148	12.8895652270646	12.082323777023
WP_003033374	-0.171563259757835	-0.179161690608283	0.102663780625954	0.0587848763082362	0.11634601994095	0.00709231516991408	0.286370446433022	0.0255870663043202	14.3564896135634	17.5055787818878
WP_003033385	0.222456970090797	0.210636901889774	0.208403227656571	0.14892452377299	0.303868498474388	0.176437614557814	0.529395899685849	0.308488863209901	13.9751469587532	15.979282772571
WP_003033386	-0.530980129679409	-0.53392858871626	0.197510386900758	0.197338057346556	0.0150939578724009	0.0144922666051967	0.0707132900324663	0.0460632383315317	17.8486400512291	17.9682178055364
WP_003033387	-0.195344013726579	-0.19289375489237	0.10576352375923	0.058346121252911	0.0855394336792919	0.00395729858995651	0.23434021757349	0.0162640623367443	14.3026913873474	17.8763850364374
WP_003033415	0.0281197991686487	0.0242796135366712	0.090628202972341	0.0560398271090962	0.760725802198102	0.670137517759354	0.891932424024366	0.799614092894432	14.6336095008034	17.4469823482796
WP_003033422	-0.0654145212347945	0.00500951773732195	0.556844613639452	0.339671169870298	0.909247721771146	0.988533053571852	0.95737006694987	0.993452636117429	8.39275992945963	9.66652199008795
WP_003033478	0.0755491751818656	0.0755492987434206	0.0320217127531733	0.0400261890470194	0.0298846885149	0.0765752145334626	0.113678762810539	0.16715445662752	17.8895652270646	16.7218743945694
WP_003033484	-0.22410965033023	-0.240872448211428	0.165528683960823	0.0916883603226019	0.196734019450134	0.0173600068189548	0.406972971589795	0.0522196451765879	14.3314197419431	17.5177344803045
WP_003033493	-0.0811384237125385	-0.086567862232037	0.187236737605148	0.11409971518179	0.671186901590243	0.457790089272143	0.833817758076956	0.618099254107514	14.3934225049807	18.1123703963627
WP_003033506	-0.387707123105533	-0.329718316887327	0.333136633476891	0.31231179980546	0.275160203175696	0.31569349496716	0.49884229739003	0.472277468470872	8.77748096214812	10.0978707689603
WP_003033554	NA	NA	NA	NA	NA	NA	NA	NA	NA	NA
WP_003033562	0.131501892551063	0.133852512648216	0.0490186637445933	0.0435927864051314	0.0163366636983982	0.00668890802139325	0.075270165387248	0.0244461068404014	16.006351957882	17.6944774075527
WP_003033564	0.10023688449055	0.0987603154358561	0.0691708657240735	0.0609359309680209	0.166259801731707	0.12225523814503	0.363489566531084	0.236093592424654	16.3089977726971	18.2193445043866
WP_003033605	NA	NA	NA	NA	NA	NA	NA	NA	NA	NA
WP_003033621	-0.121251084643768	-0.121250773103687	0.0415732840891846	0.0481679669919908	0.00925233692710042	0.0222003247934834	0.0508194860774235	0.06258483522183	17.8895652270646	16.9267653367772
WP_003033643	NA	NA	NA	NA	NA	NA	NA	NA	NA	NA
WP_003033690	0.427770481608134	0.427770532733734	0.424403095243721	0.42781459545551	0.332033587820891	0.335966003479144	0.558411001449562	0.494041750856618	12.8895652270646	12.7456324931311
WP_003033719	-1.2271954095763	-1.22894772109567	0.0645794996774529	0.0690643631646364	2.38210238314906e-12	4.19442478883656e-11	1.3280220786056e-09	1.05777229389166e-08	15.8895652270646	14.1914729738439
WP_003033724	-0.233272406406871	-0.243882630373675	0.0604295030859119	0.0494958418880206	0.00144362593230513	0.000136852304322378	0.0126743536576396	0.00107376423391405	15.6025424407788	16.5849486548157
WP_003033733	0.052317423499116	0.0523161695938178	0.109070958796023	0.114736155377011	0.637278090566793	0.65424877970658	0.822413276599508	0.790169139753265	17.8895652270646	16.806143527735
WP_003033745	0.111956860198763	0.108301776930772	0.154174432183006	0.0870297556714775	0.479438936359578	0.229343708355896	0.700621774627693	0.375107348068973	14.3168199345355	17.9555013294793
WP_003033749	-0.550567638929898	-0.550567916444621	0.0558738820694423	0.0601947708836971	1.18730035528082e-08	4.14409677180787e-08	1.65479987017264e-06	2.32483828898421e-06	17.8895652270646	17.6249681622068
WP_003033752	-0.306124349706808	-0.306124500073869	0.0388293990615743	0.0470460423205136	3.1460364589681e-07	6.8294050627509e-06	2.50559332267817e-05	0.000112187943702542	17.8895652270646	16.187993312735
WP_003033755	-0.370659637919642	-0.366527811010421	0.232880929914624	0.102326048659657	0.13383501921456	0.00214972468781821	0.308956617855559	0.010220301270051	13.9710769051625	17.8792298205198
WP_003033757	0.474595598443593	0.474108262653927	0.0919897898585026	0.0475979105404634	0.000136666474207561	9.15196754340814e-09	0.00203177491655241	5.70472643539108e-07	14.2636848450725	18.0674418375868
WP_003033759	0.0028709718530874	0.0222638136338397	0.138924181861575	0.100385760727434	0.983784996142155	0.826995006534549	0.990000244312729	0.898715859678015	14.9829687922227	17.8905770252712
WP_003033794	0.203515193317782	0.203515512974859	0.0622512878467442	0.0660084288216871	0.00428759840069051	0.00649374696549854	0.029150440346158	0.0241257751499648	17.8895652270646	17.7374696651354
WP_003033798	0.116838963554654	0.180207530932021	0.228575086867893	0.130345462959941	0.62433848910301	0.197491271132805	0.815149198301939	0.334285838604468	7.29671881494558	9.8022225021877
WP_003033846	-0.324559768643948	-0.328867891064544	0.10946289221472	0.0658213923051437	0.00994653853794117	0.000107304204898028	0.0533191849509827	0.000912085741633238	14.4616948617291	17.1678860123642
WP_003033849	-0.182980326316354	-0.178080959903983	0.104311313942648	0.0680157005458129	0.100084276798869	0.0178536969656247	0.260909131530927	0.0532251512687332	14.7941979815836	17.2247006533758
WP_003033853	-0.237163941098398	-0.218402821117319	0.124864177466495	0.082435842025273	0.0774345862970023	0.0163191077017117	0.219771648346926	0.0500274285281981	14.6143626363563	17.9837503397238
WP_003033905	-1.11800433858244	-1.11800447466535	0.0944089469930877	0.0975374657613658	2.69799266822058e-09	4.45602174640907e-09	4.89293816613392e-07	3.33310426631398e-07	15.8895652270646	15.8391706138827
WP_003033940	-0.0251478265300644	-0.0175917124561719	0.0836348311125579	0.0706063868471888	0.767600452511462	0.806318658072118	0.895479901903144	0.88695052387933	15.6948766979598	16.4980766207131
WP_003033944	-0.500403310206541	-0.49267855740286	0.0952176705597358	0.0725905367324406	9.19283693073933e-05	2.56663923892013e-06	0.00148550915619918	5.14244504655069e-05	15.2449596291902	17.6920626579572
WP_003033959	-0.0645723718896514	-0.0645721407534331	0.0413891723640716	0.0459209899891737	0.136245204712306	0.176515017986414	0.312579019041606	0.308488863209901	17.8895652270646	18.2071146555677
WP_003033964	-0.406841092420549	-0.406840851495062	0.195095008673802	0.208645066387461	0.0516389639142756	0.0691047406847355	0.166818464587866	0.153840315571971	17.8895652270646	15.8482138840352
WP_003033974	-0.394327999271727	-0.388693024217075	0.0827530433755746	0.0571960767556809	0.000251310931705737	2.41088444136109e-06	0.00335563410851177	4.91820426037663e-05	14.981158311749	17.8456236198849
WP_003033975	-0.324607016339004	-0.332928540708157	0.0816800702241536	0.0619228959032326	0.00117016185082998	4.58634614981094e-05	0.010964121543491	0.000467807307280716	15.3684083319653	17.4629714540222
WP_003033977	-0.41939283263465	-0.355314078987304	0.322178771342033	0.223389716253395	0.227796369220061	0.140082812466946	0.450342112908453	0.261954859313188	8.34311463969352	10.9738719461137
WP_003034013	-0.0378962884233212	-0.0268805831472963	0.0957614509099642	0.0613118855896205	0.698024816032084	0.666347606044005	0.859997425277098	0.79684736388238	14.5929561682355	17.8212382036971
WP_003034027	0.31825781238669	0.332630024159405	0.138723518713623	0.158984677524997	0.0348781423275496	0.0538392280899157	0.125854785421417	0.125612082358069	16.8895652270646	14.9987258910834
WP_003034079	-0.0880968203615296	-0.094915622834089	0.14539615481425	0.104658441769969	0.553556734521671	0.376433506474368	0.767195054203267	0.533992414669773	15.1308787212945	18.0046625402134
WP_003034100	-1.24184183381267	-1.32316743966232	0.350604487240799	0.148286612953643	0.00327070008150604	9.27500513277009e-08	0.0235279392959951	4.36615273219324e-06	13.9431591637462	16.6952082947612
WP_003034103	-0.529947668437876	-0.527584006797883	0.150141724246711	0.0874508372923292	0.00320287597985707	1.05033954295897e-05	0.0231896540100041	0.000151087303487174	14.4109912048011	18.0130777846285
WP_003034109	0.0623044450368034	0.060472670513105	0.0754833610228677	0.0431897489534348	0.422564147627461	0.178263850791116	0.648979372733635	0.31009618695757	14.4445746272605	18.2193445043866
WP_003034128	0.148074308374967	0.14851864824053	0.0534695590139926	0.0561817180545953	0.0127731991667292	0.016480300284723	0.0641536804995631	0.0501108317600521	17.7123151634125	18.0623532171043
WP_003034136	NA	NA	NA	NA	NA	NA	NA	NA	NA	NA
WP_003034158	0.076461140924334	0.0546174366967365	0.143976439962571	0.101856787984937	0.60721033376629	0.601433394981042	0.804084943170325	0.74944691612887	9.78912545234319	12.2193445043866
WP_003034189	0.0072010701703951	-0.188483572669525	0.278076710172501	0.129679137682259	0.979753479146329	0.166440583558852	0.986833901759852	0.29595298693032	12.3672639549175	15.1919640053729
WP_003034218	0.229769536189534	0.229768815046712	0.0848148954007485	0.0889489841562138	0.0144260696847276	0.0191585760265157	0.0684470965892397	0.0559789643274754	17.8895652270646	17.297165725818
WP_003034246	-0.681966483972133	-0.690161266130039	0.11973312518971	0.109083762581678	3.0068478188768e-05	7.71220517729495e-06	0.000670527063609527	0.000116933705526013	16.4101433245872	16.9389024211672
WP_003034256	NA	NA	NA	NA	NA	NA	NA	NA	NA	NA
WP_003034258	0.129944982365607	0.132745811280598	0.0870600649047393	0.0847843967890027	0.154805078742887	0.136086427112967	0.343156387272999	0.256951171916119	16.1640137114436	16.7783708078354
WP_003034273	-0.0320220083855083	-0.0219242520827831	0.09523467651701	0.0709464425675941	0.741223225967981	0.760943870774787	0.883918606368233	0.856928876342557	15.4073977642199	17.5348081755865
WP_003034277	-0.327184431030585	-0.334029058480812	0.0854642908615129	0.0620527742801153	0.00162139154191687	4.0011916717787e-05	0.0136958452214948	0.000421269813179492	15.1340241733466	18.1091986547218
WP_003034294	-0.0341309938312277	-0.0154690453226361	0.256624321001444	0.146960524205194	0.896052763159528	0.917367423742247	0.954249122180395	0.953678259084146	14.2550694190323	17.4894365672296
WP_003034298	0.442514210414364	0.440461247286068	0.101068964957162	0.0609695584827349	0.000584411167931017	1.06659574203834e-06	0.00626556204079888	2.6539076136702e-05	14.4788954074581	17.8489577579027
WP_003034338	-1.07761674744763	-1.13276143676517	0.47620960973576	0.299329523236387	0.0394385822759079	0.00142537468663147	0.138719303588761	0.0071395999928594	14.5252364297844	17.4289617231844
WP_003034340	-1.28083513206702	-1.31622514121365	1.65627115541045	1.07281569901437	0.452535385259436	0.23640546984529	0.673667496080469	0.382200197646131	13.628838302419	17.1882396857692
WP_003034347	-0.162319270180894	-0.162319590098017	0.056914980148073	0.0601859593622769	0.0106329683480072	0.014675820781304	0.0561884346352039	0.0465148895949806	17.8895652270646	18.1443556846012
WP_003034368	-0.0552882765670416	-0.0547562267348506	0.0522794664631924	0.0570717594479876	0.304484196824786	0.351009522233818	0.529640997596937	0.510316596583166	17.6949588862399	16.7242789605417
WP_003034371	-0.0164093272206515	-0.0182857457108952	0.0966217254228009	0.0463264331635342	0.867540946229384	0.697696258238165	0.944413702347225	0.816282796395434	14.1892374662907	17.9794896789239
WP_003034372	0.00484133494160602	-0.00103586517591929	0.0666532203748207	0.0671098441236842	0.942938381469756	0.987870317714171	0.969843790795877	0.993452636117429	17.1263358101144	16.4670612111346
WP_003034373	-0.238478067750565	-0.241119063983734	0.143591874991523	0.13876252761726	0.117313056504113	0.102185275334804	0.287481446158431	0.207327086664829	15.1419226023571	15.431526862056
WP_003034374	NA	0.233602669845454	NA	0.169205485138946	NA	0.23603969389798	NA	0.382159504406254	NA	4.21934450438662
WP_003034387	-0.0180456062193216	-0.0318528725002512	0.0873948507860255	0.0792607556010543	0.839993322283052	0.694899214239112	0.935656897448154	0.815496388549408	11.598579908139	11.9020566448201
WP_003034389	0.139386572609333	0.150401276940777	0.229971688436892	0.139685544580343	0.553894187115363	0.295659574923033	0.767195054203267	0.450720167206037	14.3798126657111	18.2193445043866
WP_003034398	-0.0889852332130506	-0.0846136371886513	0.108008597134732	0.0945589302276367	0.421972335707285	0.383121011064604	0.648964350777411	0.54207033343567	16.2059737814712	17.3588287706854
WP_003034424	0.342754247915187	0.337371571626295	0.156699816270823	0.153966983968052	0.0464839695675739	0.0458874986167959	0.157536857349073	0.111200374617808	13.7733171329978	13.9715983912851
WP_003034440	-0.122048039362034	-0.0583589072404698	0.193097105066758	0.110141358243954	0.538115117977625	0.603336550072372	0.752821024523277	0.749660696767665	13.2367148539113	16.3448068120006
WP_003034442	-0.529070239043083	-0.539124675274653	0.242607713115725	0.261462062524886	0.0483377440985565	0.0638110978303378	0.160885327372807	0.145225257131114	12.8895652270646	10.9298784678053
WP_003034447	-0.489234989167534	-0.427376873214138	0.232049530837595	0.166817764072238	0.051766088562692	0.0205661421988709	0.166818464587866	0.0594721947091059	15.4026348985241	16.4596284905847
WP_003034461	-0.227183882800385	-0.219347203290565	0.0795935426562974	0.073415364614236	0.0113680229332369	0.00852235074094843	0.0581437870209136	0.0296039552053998	16.2070927335715	16.3919718861186
WP_003034470	-0.117289468569596	-0.11008260067566	0.112164230460102	0.0535184253133749	0.313243121556067	0.0549373665347805	0.539823926638354	0.127618478782658	14.1455285278849	17.4771033056641
WP_003034542	-0.104120458129246	-0.104710176848251	0.0487600103422016	0.0438165911654696	0.0486611825889996	0.0283096635851627	0.161479817222424	0.0759890969917525	15.8812890623777	17.560927401302
WP_003034549	-0.824529214247911	-0.824528267207982	0.178075921677248	0.179702298064517	0.000397407421862069	0.000424793690782146	0.00461572161850216	0.00252179111670671	13.8895652270646	13.9599331114607
WP_003034554	0.0208565926391193	0.0223671330155418	0.117261244849072	0.0651201273574667	0.861317730220888	0.73527041614254	0.942473295714721	0.844394479950799	14.3394908078968	17.7748961852186
WP_003034557	-0.272496668342648	-0.274022703081007	0.155147770762651	0.0876659571118014	0.100310223633229	0.0060418584900109	0.260909131530927	0.0228247987400412	14.3672483556834	17.3439571101178
WP_003034563	0.155964624284453	0.161411829172957	0.0777185224679228	0.0656048217336468	0.0620633264462279	0.0243918798266225	0.191691437638626	0.0674081013927843	15.9210226445332	17.727340043115
WP_003034577	0.459568722888408	0.439362807777054	0.165473168992182	0.0872512186150135	0.0146643905900259	8.95633086276533e-05	0.0692830318130462	0.000810403486130863	14.2083064537583	17.7498587737896
WP_003034620	0.00506434261233686	0.00170376342224983	0.0829557879834561	0.059407724627793	0.952118325269204	0.977434544557142	0.972505171717691	0.989245702116919	15.1537145551847	18.0879003378637
WP_003034657	-0.356707947823823	-0.356709897135394	0.10757039427379	0.124210624018497	0.0108129071224082	0.022302248180234	0.0568697709504017	0.0626798471262021	7.8895652270646	7.47596687834811
WP_003034763	-1.71571314186607	-1.3820487524492	0.740793094197764	0.42126973309678	0.0541303117617415	0.00714482434426868	0.171782891444485	0.0256117984481453	6.91877315925897	11.2193445043866
WP_003034767	-0.118379892183694	-0.118378864301928	0.268764087627803	0.273985019823207	0.665189168119233	0.671333757135967	0.828126398139713	0.799614092894432	16.8895652270646	16.366952407544
WP_003034781	0.23090080376478	0.233719499265114	0.0924116943317481	0.0929271332158211	0.0225939700548653	0.0217417921475275	0.0929604302995378	0.0620340569169164	17.6403153356495	17.7952096709182
WP_003034797	0.309467215223522	0.299260850565554	0.127671533588967	0.0968654083378953	0.0291147931526281	0.0065769227045324	0.111556681667286	0.0243541494207438	14.3440788091811	17.2193445043866
WP_003034807	NA	NA	NA	NA	NA	NA	NA	NA	NA	NA
WP_003034818	-0.0202861735559646	-0.0110184531057337	0.327603539261883	0.232634741649156	0.951430338810658	0.962744063833342	0.972505171717691	0.984148955771778	15.2149877681434	18.0284117601938
WP_003034834	0.0388872778962302	0.0300031773929406	0.157043078948728	0.0777017379642433	0.807999407816862	0.704019435302111	0.921185418932312	0.821966499905274	14.0889494483156	17.6270738956191
WP_003034837	0.219319199934567	0.231917107657671	0.176499984240188	0.0990980624903684	0.233935538082704	0.0310906033088472	0.456588428340926	0.0811247835175035	14.3512880635209	17.853220878494
WP_003034840	-0.274971757628558	-0.211735769325598	0.254853109892732	0.1239876136353	0.298780978797927	0.105685036391089	0.524277807313348	0.212126316334171	14.0560411074773	17.1889820860074
WP_003034895	0.259117225844322	0.259117225844309	0.102084409971199	0.115427903664175	0.0392767680817046	0.0585176663691212	0.138587330414875	0.13426752896964	6.8895652270646	7.21934450438662
WP_003034932	0.0507459225085792	0.0476489247876708	0.0800943315876532	0.0754348125645619	0.534817568066139	0.535865754149383	0.750090048294019	0.688807829415744	16.9419953406283	17.3074644101822
WP_003034965	-0.176948623787486	-0.163016597636767	0.225064797484917	0.0776547971943222	0.444895335601372	0.052003471178185	0.666745025800444	0.122322630318498	13.9485384465274	16.0113606781137
WP_003034978	-0.066931972330965	-0.0649699237027548	0.376128003960821	0.141463207306772	0.861327612854979	0.651472076207611	0.942473295714721	0.787663436966529	13.9106416878139	18.2193445043866
WP_003034992	0.0488032323843627	0.0488032885552341	0.0392234557632187	0.0486278740000453	0.229468762396797	0.33097200639077	0.450453644493712	0.487977123745656	17.8895652270646	15.5074282936671
WP_003035017	-0.320798925927747	-0.323154484838346	0.0710236434314592	0.0607652107688789	0.000349065643140368	5.11969158876312e-05	0.00432453546779456	0.000508344598459489	16.0402014946876	17.5262885233588
WP_003035026	-0.542417417431255	-0.542316471600255	0.117486161163437	0.045676328499472	0.000396173658684718	5.17281911139144e-10	0.00461572161850216	5.80390304298119e-08	14.0454276829975	18.2193445043866
WP_003035065	NA	NA	NA	NA	NA	NA	NA	NA	NA	NA
WP_003035078	0.0226131587222041	0.0226127918387527	0.0695596748245083	0.073252492993061	0.748883984353687	0.761171652505937	0.889104371237094	0.856928876342557	17.8895652270646	17.6237454023988
WP_003035085	-0.173430897406301	-0.181125128455589	0.0994617080750036	0.073118712011932	0.101178399244064	0.0239378342220317	0.26152574396536	0.0663451450814738	15.3668709069549	17.1567123010156
WP_003035087	-0.766785043405751	-0.766785043405763	0.196364376468494	0.190259132604194	0.00107784716392174	0.000768783633215869	0.010271791348485	0.00418725842945731	17.5867472089621	18.2193445043866
WP_003035102	-0.0270671069471433	0.0134609959716392	0.22857491767538	0.188620174539809	0.907355457879469	0.943997482435917	0.95737006694987	0.974392985550228	14.5618624130811	15.8863868753093
WP_003035107	0.166482675404082	0.165750660015083	0.0957036896681522	0.0588760010768952	0.102998428203164	0.0114531614465639	0.264615777526561	0.0377954327736609	14.5775059438001	18.0064278183013
WP_003035111	0.238227354927193	0.241719972211205	0.100898927501699	0.0703753059962482	0.0322826342019023	0.00292047965501301	0.119983790450404	0.0129007014682071	14.8972190836735	18.1840792729431
WP_003035113	0.222774367167928	0.222773895943668	0.0760308210458206	0.0802256082081399	0.00939512734986624	0.0131775872319393	0.0513508186034356	0.042731944723225	16.8895652270646	16.5131870359841
WP_003035125	0.0777133106514643	0.0871251198716028	0.0783662805538904	0.0524557225704537	0.337428976735631	0.114127840159074	0.5615422523287	0.224282982344613	14.6761155735272	17.9152908742683
WP_003035135	0.172786187830483	0.169704885888917	0.158412338114638	0.0570683854899941	0.293822666180343	0.00806006641510042	0.520846220653549	0.028528058415592	13.9870722927951	18.2193445043866
WP_003035141	-0.160648798635155	-0.180465993532149	0.137376884992043	0.0685802537659972	0.261474213350465	0.017947657691293	0.484611084229501	0.0532732061630442	14.2172555684278	16.2896536950067
WP_003035145	0.143802082991818	0.0641388997865468	0.408404050570028	0.251658056481032	0.730653733328964	0.802030585614313	0.879315873474629	0.884836103303107	12.4336490534024	16.2193445043866
WP_003035149	0.14522145412607	0.146500089099459	0.0807716885221968	0.083213841647174	0.0890874731757941	0.0962246478415979	0.240514606757894	0.198463336173296	17.8895652270646	17.0681552985228
WP_003035153	-0.900486755253078	-0.900490791891996	0.696764574549871	0.69379927581376	0.212669330131998	0.21065089673758	0.431924049357336	0.348599271592278	17.8895652270646	18.0590036478129
WP_003035158	-0.0400310509686708	-0.0400481347656256	0.128652318649953	0.075367438688093	0.760139937168941	0.601828584164092	0.891932424024366	0.74944691612887	14.4010932037284	17.5339485452139
WP_003035180	-0.0134737377105108	-0.0563862821578774	0.200093049223354	0.124864054193107	0.947486497161744	0.657939146012647	0.971892773077594	0.792068371058144	11.3328034824111	15.2193445043866
WP_003035182	-0.064390237164145	-0.061339651535973	0.0772776299217725	0.0587849108685035	0.417456333722246	0.31069741960876	0.6429058178181	0.467295582843202	15.3920508029523	17.8044348168197
WP_003035212	-0.0126412066332723	-0.0081114927682271	0.0405905770855627	0.0367062926431319	0.759516797319258	0.827620257873537	0.891932424024366	0.898715859678015	15.9062905908301	17.7993789149479
WP_003035232	-0.0746033099368037	-0.0675052941960009	0.133940401027643	0.0575974271869437	0.58629454222047	0.256632138141872	0.790682972293532	0.40842731772366	14.0571508636382	17.8068261841312
WP_003035266	0.230347285992976	0.219479068825381	0.150307258459488	0.145692981010537	0.143424516564914	0.152473271428894	0.323067345393695	0.278941338458711	17.3533988948293	15.1828179076688
WP_003035267	-0.146279340195365	-0.148862231843101	0.102078861524736	0.0571497072345037	0.173239045393283	0.0187677946927988	0.373459098492636	0.0551242556160215	14.3799372581668	16.5710536156013
WP_003035279	NA	NA	NA	NA	NA	NA	NA	NA	NA	NA
WP_003035357	-0.371993036395946	-0.370841493193986	0.0749918812249096	0.0464159783235605	0.000187230301084868	4.20921310077027e-07	0.00271119202220296	1.48843129532658e-05	14.5422606705791	16.6959599414419
WP_003035393	-0.085270631889652	-0.0852715372883054	0.220034299386486	0.239068534156574	0.703201676554582	0.72647120842726	0.862563112605455	0.840309995727202	16.8895652270646	14.4873976811685
WP_003035402	NA	NA	NA	NA	NA	NA	NA	NA	NA	NA
WP_003035420	-0.620806167369817	-0.612467949671126	0.122215943725846	0.123544308844182	8.67897142373425e-05	0.000117637481007782	0.00142309604962701	0.000968229480944054	17.3826144657373	17.1079431692324
WP_003035506	-0.0743328508924319	-0.0773407569700478	0.104380408822265	0.0768556886004597	0.487882503779993	0.328474707934035	0.707409403518761	0.485571307380747	14.2445710553355	16.8793851146399
WP_003035545	0.177971973228759	0.161043869769467	0.198355922088531	0.117521332865199	0.384383854390089	0.187473145583297	0.612228789854302	0.323607491299168	14.3653903855996	17.9546506237948
WP_003035548	-0.476660900776243	-0.475862702677021	0.148349363591786	0.112681759958697	0.00563159898472873	0.000527625936246441	0.0346918942981908	0.0030050573627843	15.4392301847324	17.7145319994965
WP_003035603	0.0847831314876099	0.0898692497011281	0.074114297911323	0.0606799515901836	0.269971928951483	0.156185654895027	0.492665631392641	0.283262761112205	15.5289881431552	17.6932468064867
WP_003035617	-0.257367469717115	-0.23506599327406	0.091183608320549	0.0691372890129257	0.0131166372941713	0.00358961812601128	0.0647126131991193	0.0151411711931754	14.6188912628594	16.2641183879577
WP_003035692	-0.0886573731144096	-0.0902221839081285	0.0815666474722859	0.0874524572935692	0.291495658877641	0.31713117181951	0.519274493041744	0.473796504369494	17.8895652270646	16.4786007494453
WP_003035698	-0.118787872553221	-0.118788087660342	0.0383557809672521	0.0433202174362841	0.00625388003076581	0.0133206430930148	0.0370908310335313	0.0430713589347625	17.8895652270646	18.1631160709109
WP_003035700	-0.284905971844101	-0.289933563712745	0.105424335585713	0.113242229335394	0.0149464145710222	0.02148625964413	0.0703175200282269	0.0614989370426373	17.2756293041154	15.3186599501601
WP_003035703	0.167306046017562	0.177388545179394	0.0970027781201466	0.0671299781834458	0.105178512250801	0.0164415045850639	0.268231552067484	0.0501108317600521	14.9497572683133	18.2110459373042
WP_003035764	-0.0394080145519487	-0.0305570485205764	0.213953242972255	0.1223563536859	0.856464674257256	0.805596231112971	0.940845430341715	0.88695052387933	14.2239858848376	18.1389304052643
WP_003035781	-0.366785771351342	-0.359699924226333	0.229574897580616	0.147913055726948	0.131305681404045	0.0282000622302577	0.305336388582525	0.075876426432492	14.7548753343228	14.8150429052227
WP_003035887	-0.00198661696265961	-0.00358921401935263	0.110937566044338	0.0584935815116989	0.985961158595291	0.951739975278612	0.991295484070108	0.978730121067154	14.2378719504424	18.2193445043866
WP_003035895	-0.0525825802138712	-0.0525836431125938	0.329504299924956	0.330827252514599	0.875684756609427	0.876174201869792	0.946143361408471	0.929175287805205	12.8895652270646	12.8932883988793
WP_003035924	-0.407717404021045	-0.403103321842729	0.0696717884978078	0.0670137868876927	2.07768002555204e-05	1.27330885719054e-05	0.000529556275179784	0.000172126811779251	16.6748596306809	17.3600928351147
WP_003035930	0.214486232483595	0.1610686860035	0.182370797045	0.145799632690468	0.266790773893258	0.290070113952525	0.490877414011523	0.445223895834108	10.0012349171768	12.5118840335809
WP_003035976	0.169908252093968	0.173061035388344	0.0752795147446103	0.0606602734873483	0.0386259822103896	0.0104750362722759	0.136723714808205	0.035400574390041	15.7060213225609	18.2193445043866
WP_003036153	0.0252471880254612	0.00687011997728373	0.172544060782611	0.0577747258870695	0.885757848145925	0.906694503720827	0.949745514767875	0.948099937721126	13.9629064184787	17.5624240486256
WP_003036211	-0.159290417740409	-0.159288887749269	0.722705465893264	0.73612136456344	0.830531624553699	0.833729733343205	0.930518549658098	0.902572153307351	8.88956522706459	8.59960519037718
WP_003036243	-0.138230231929578	-0.129940702302069	0.156040235284907	0.157845523507597	0.388902579248976	0.422277302381712	0.612466632574305	0.5820579032829	15.8885143141804	16.2861749030749
WP_003036264	-0.0954018958703165	-0.0954019479076887	0.0496480179070234	0.0551955248533385	0.0707382859560061	0.101837502811818	0.208659229737955	0.206995793758803	17.8895652270646	17.1813479709143
WP_003036287	0.011361090149796	0.0113320357112878	0.0796208228498636	0.0573727341790265	0.888416656415152	0.845610901080089	0.949745514767875	0.906119545156333	15.1405446566185	18.2169840287653
WP_003036308	0.444031727233957	0.423038729097004	0.173374546254807	0.0868182685455664	0.0224432973352552	0.000142297374142059	0.0926825056622576	0.00108785543492124	14.1871057467352	17.0366195416445
WP_003036417	0.172680055281169	0.131705984511943	0.378085147273941	0.187472977967925	0.654873148226364	0.49151544044079	0.82702297303659	0.648037983753897	14.0061875972484	17.6378865695688
WP_003036474	0.147842575545913	0.182859303483066	0.136834820285788	0.0855361613653848	0.297567687485966	0.0471079005155746	0.524151613818091	0.113422884932349	14.5166523609732	17.2768750457494
WP_003036543	0.0586954090547389	0.0553857438111428	0.167462191841159	0.0974873586562054	0.731054542341687	0.577056820188658	0.879315873474629	0.728298933916394	14.3534112146393	17.7633923408022
WP_003036556	-0.276329304313015	-0.278241379971983	0.19977553779324	0.146108573695732	0.187659353134702	0.0740589417891204	0.394049300838405	0.16312713074023	14.4110782380873	16.873347443346
WP_003036658	0.149124651629111	0.139535330511912	0.231379656688942	0.142454309463673	0.529258965235057	0.340685514966247	0.746047719642337	0.499019775185548	14.5820694077106	17.4879459368018
WP_003036696	-0.0439213725491337	-0.0414944116431846	0.109090114415074	0.0627278191780903	0.693168021588851	0.517375263138742	0.855055697959504	0.669544458179549	14.3424667480452	16.58959530073
WP_003036703	-0.211234486733369	-0.211234761181728	0.119126137401963	0.14070611707587	0.0966456335785561	0.160688157599371	0.255961713634418	0.287967485941896	14.8895652270646	11.3081431301613
WP_003036833	-0.121411251663924	-0.121932110734551	0.0456703739342088	0.0455085619181672	0.0165964381380035	0.0152159810195154	0.0761523807566826	0.0475552387295162	16.917726119799	18.1868730391429
WP_003036870	-0.0789865484350935	-0.0789868486119344	0.0513468675068683	0.0582640259832326	0.141476740932924	0.193549533977166	0.320994349890577	0.331040513906067	17.8895652270646	16.4276448834536
WP_003036879	0.223900593064113	0.21561890528225	0.162514497562325	0.085976836145716	0.189628071499822	0.0219496618502815	0.396689117677864	0.0620340569169164	14.190464028074	17.9935229312441
WP_003036913	-0.111970383732775	-0.117518757744783	0.0972790528778298	0.086018982241469	0.266034223504616	0.188640342177633	0.490294478029169	0.324623410925314	16.599065842875	18.0696602983797
WP_003036943	0.187535231515774	0.18237905116519	0.0884898261808394	0.0445270069670959	0.0520913645559435	0.000692181410364874	0.167382914927599	0.00384469080410588	14.2513212731013	17.8015171281694
WP_003036963	-0.129868583005938	-0.167163383197456	0.138349820534919	0.117926590555336	0.381437173262635	0.194271726488843	0.611066735902066	0.331769980396471	6.50157908650796	7.95829970039185
WP_003036966	0.037591204558291	0.065882109366565	0.208246943720911	0.0712717273327373	0.859344567629531	0.368685240837825	0.942152598728542	0.52898317163688	13.9592900895684	16.4071095356576
WP_003036989	-0.315923112073644	-0.331790684207646	0.135880996708828	0.0733283308901475	0.0353126792100947	0.00027160207477029	0.12660333543169	0.00177331824108954	14.2626540259478	17.7302402703748
WP_003037043	-0.118888694649176	-0.118888694648595	0.179406007373988	0.0647258052311521	0.518327013499404	0.0826087431022685	0.736222445925905	0.177561321380738	13.9613628126555	18.2193445043866
WP_003037070	NA	NA	NA	NA	NA	NA	NA	NA	NA	4.21934450438662
WP_003037116	NA	NA	NA	NA	NA	NA	NA	NA	NA	NA
WP_003037222	0.331835549735482	0.331835480342271	0.0558573731501091	0.060755118388614	1.3053961026641e-05	3.94466380157286e-05	0.000393382879586614	0.000421269813179492	17.8895652270646	17.3297619573132
WP_003037386	-0.383362166000364	-0.3869351569145	0.0617238094465258	0.054445677217831	1.45810215089833e-05	1.61983091520218e-06	0.00041686766621837	3.49509670549393e-05	15.4534840473824	17.2465627775192
WP_003037453	-0.156686806700398	-0.149031138317982	0.133684837921633	0.0982691573306064	0.259285391000623	0.147080153242964	0.482643090092979	0.271420940688496	15.140905430022	17.6535445404849
WP_003037455	-0.0702455924902959	-0.0700047605097765	0.0562997747128943	0.0398634802386315	0.231464827349789	0.0967809704521422	0.453573431449938	0.199244493297805	14.8430229754687	17.2756469778475
WP_003037497	NA	NA	NA	NA	NA	NA	NA	NA	NA	NA
WP_003037531	-0.0839402561094119	-0.0839397061615578	0.120916003376829	0.125036233269203	0.496471801893402	0.510903662845247	0.712626487742353	0.664233962586752	17.8895652270646	17.2532280936753
WP_003037537	0.262005920881308	0.263547244771561	0.112383660755175	0.0975007945692326	0.0329114147438003	0.0148114582930312	0.120711274471504	0.0467546108768182	16.2539483934625	17.4977749238513
WP_003037539	0.303607575213675	0.255926124036538	0.152500677226285	0.103691259918137	0.0660966469447957	0.0249480823804858	0.199511163556188	0.0686072265463359	14.2016518129482	16.3724358986879
WP_003037605	0.0715709626188712	0.0791153232962877	0.0964961580060762	0.0559604324690371	0.47017729798616	0.174288469389222	0.692533272463102	0.306889377607063	14.4222225330553	18.2193445043866
WP_003037623	0.583332769029263	0.579326993643602	0.181169580456321	0.175892758582453	0.00531462467101075	0.00462272686761022	0.0338617514752971	0.0185903209514647	16.1031460222444	15.8667436390331
WP_003037645	-0.0795734646030539	-0.0727056249950654	0.144674956068377	0.0824972067744683	0.59080318538532	0.389844037533555	0.792714261979099	0.549503781548553	14.2890781660587	17.8793884113896
WP_003037673	-0.00743300218212614	-0.00743285422019619	0.0318982841297389	0.0377893083600417	0.818389647444763	0.846250648036666	0.927492785890872	0.906119545156333	17.8895652270646	18.1804538855219
WP_003037711	-0.124361445845372	-0.119825326438761	0.097617384114302	0.051780197972117	0.223046342233644	0.0326433587377727	0.444895655796982	0.0846150515474224	14.2605671940235	18.0521502640343
WP_003037729	0.209388031725136	0.185163942931306	0.129746970845996	0.0792782884627708	0.127748017316526	0.0323875432328236	0.30113961798716	0.0843128155620142	14.7521955009832	16.5457038398257
WP_003037755	0.0465574400858297	0.0465575983543402	0.0311419343449972	0.0412581537407683	0.152343634294547	0.2762542991097	0.340407118714268	0.428709991149493	17.8895652270646	15.5381235590102
WP_003037763	-0.30958116928788	-0.295113335115808	0.0702063130995926	0.0603801962860651	0.00042904746259348	0.000180428252816624	0.00488150939583398	0.00128942993414173	16.1555746768338	15.4755180585864
WP_003037796	0.0868121818188185	0.0879871311016116	0.0720550954802695	0.0591231639276475	0.246378790163065	0.155092325637472	0.467933930210891	0.282031749376407	15.4778268424907	16.9258601189958
WP_003037810	0.0323195050141435	0.0385422232744263	0.110404811969121	0.0615201139388181	0.77392363696966	0.53889993908436	0.901697863345006	0.690475854307951	14.3165027148707	17.8928867877204
WP_003037818	-0.263350414475527	-0.323274687938796	0.319935922310333	0.190133529191981	0.423839495942755	0.107319159707819	0.650042693227196	0.214256400697816	14.4158070588442	16.9859900147628
WP_003037945	0.0727171355965453	0.0754504673609376	0.0747082421838045	0.0731864662968089	0.344877673795305	0.318304105173874	0.569263874570701	0.474661287977457	15.9879429243755	15.5867612373966
WP_003037973	0.0468453093339628	0.0447177007281169	0.0737052551909429	0.049012806747055	0.534797538031003	0.374078501641919	0.750090048294019	0.533766967949097	14.7382739006195	17.3507537466703
WP_003038261	-0.35301580446295	-0.364733168453975	0.280709261494991	0.127728228639263	0.229167867674937	0.0104166795018894	0.450453644493712	0.0353097111816311	13.9635255743938	18.2193445043866
WP_003038264	-0.161914747627995	-0.152551581594622	0.131753773477971	0.0786014108148195	0.238884439489054	0.0687877570172884	0.460962786220753	0.153439092193633	14.342538733446	17.2641514016298
WP_003038265	NA	NA	NA	NA	NA	NA	NA	NA	NA	4.21934450438662
WP_003038268	0.291543263795435	0.294039199438083	0.0961381863201018	0.0796344772750474	0.00802216293031809	0.00181728314218133	0.0454046277528156	0.00893218330636016	15.7769189065682	16.9366919449067
WP_003038269	-0.102961800925005	-0.102961788461048	0.0860040140580115	0.0899049039128719	0.246862245723835	0.267641573713781	0.467933930210891	0.420579615835942	17.8895652270646	17.3780597260704
WP_003038272	0.0215431170122133	0.0215668749314074	0.0662631889337083	0.0508301099386523	0.749558842119164	0.676773233154196	0.889104371237094	0.803533933967204	15.0885328900113	16.6816781880977
WP_003038273	0.0521980068582805	0.0442755655503843	0.0655211881500151	0.0520819044495222	0.437644405219647	0.406671923702668	0.661210720623179	0.566814780614154	15.5499275094214	17.6098444081474
WP_003038275	-1.73142698151878	-1.80461382921121	1.05105016185695	0.810632795714821	0.131785702784675	0.0465292488212947	0.305490766330379	0.112270574575253	9.59856426861544	11.6656135866047
WP_003038295	-0.295144743851018	-0.295145360880807	0.108654763071334	0.110067107213144	0.0142047976132861	0.0151994291615374	0.0676852535846752	0.0475552387295162	17.8895652270646	18.0776068823259
WP_003038296	-0.057256303499976	-0.0588544472983721	0.0640576508817913	0.0618661216424562	0.383870411824413	0.354061527162386	0.612228789854302	0.513251981235396	17.0346509139853	17.9725283773873
WP_003038299	-0.301579528233718	-0.301579993391232	0.236572965111168	0.254688939736549	0.218694745168353	0.254125801633868	0.439359713266151	0.406166879534472	17.8895652270646	15.575057912157
WP_003038308	NA	NA	NA	NA	NA	NA	NA	NA	NA	NA
WP_003038309	NA	NA	NA	NA	NA	NA	NA	NA	NA	NA
WP_003038325	-0.0192482104241247	-0.0209564152575418	0.0584085375016501	0.0653555410273836	0.745571358546345	0.752480548549931	0.886260196992724	0.856746706452219	17.8895652270646	16.5771452390436
WP_003038326	-0.0856134419170946	-0.0825787484326078	0.114449917070677	0.101554048822381	0.465452627120701	0.427745730985488	0.687636741523143	0.588150380105046	15.7580484268164	16.4484004554727
WP_003038333	-0.378231907694752	-0.37660875384978	0.112531764621109	0.0667591277131502	0.0044496475254252	2.63975034237605e-05	0.0298876927159584	0.000305340194241848	14.5405731243183	17.4843401153831
WP_003038338	NA	NA	NA	NA	NA	NA	NA	NA	NA	NA
WP_003038341	0.126845093160382	0.126847711504039	0.448830858825686	0.449811851676452	0.78394402834251	0.784362689874124	0.907681818901244	0.872574379729677	8.8895652270646	8.9382951518194
WP_003038346	-0.151485991889671	-0.148238860770896	0.106533594905837	0.060879285222813	0.176398869622428	0.0258893240444099	0.378239883901936	0.0708483453117755	14.3573158171406	17.4456869959352
WP_003038348	-0.133141229790934	-0.136511104725963	0.128335605183167	0.100045409997382	0.31558608005921	0.189902875758951	0.541200904578588	0.326295599696084	15.3592460635007	17.2974072554008
WP_003038350	0.743356024014859	0.743355616303869	0.0691109364576291	0.0721033846811917	3.07179974555493e-09	5.74067817275104e-09	4.89293816613392e-07	3.78884759401569e-07	17.8895652270646	17.9479018525043
WP_003038351	0.336120302995643	0.336119742574746	0.0902903490184965	0.0945260895160187	0.00187096545811624	0.00274310598091744	0.0151168585927508	0.0123605016489533	15.8895652270646	15.5239745291401
WP_003038355	0.035941124263359	0.0412090591357532	0.094773623786735	0.0937040032417222	0.709226634369737	0.665688547430203	0.864959627489085	0.79684736388238	16.9441719929188	16.8413721157319
WP_003038361	0.348139746822054	0.345959044582685	0.133632123318669	0.0691829671434293	0.020611082709016	9.45053307482956e-05	0.0881084364029738	0.000828398289840529	14.1660411570655	17.8810315852127
WP_003038363	-0.290331328025279	-0.290331516515454	0.047610363982253	0.0542097843860218	9.47494063912864e-06	5.58895721766542e-05	0.000330142462894639	0.000545287825932226	17.8895652270646	16.6803636015518
WP_003038372	0.031745725873256	0.0524581619699227	0.275983278496837	0.15867081338037	0.910145534499428	0.744988166297898	0.95737006694987	0.851856899476732	13.2698578931924	16.9604895082947
WP_003038375	-0.0209874678763516	-0.03049708029618	0.137498760726264	0.0763772935935146	0.88082254403853	0.694487757251798	0.948905445993199	0.815496388549408	14.262230077285	17.5691005952846
WP_003038377	-0.418122441183054	-0.438108321249438	0.23897708284123	0.138703295904821	0.101393276553347	0.00618258127175771	0.26152574396536	0.0231228539563738	14.4406201199792	15.7436074583603
WP_003038380	NA	NA	NA	NA	NA	NA	NA	NA	NA	NA
WP_003038386	NA	NA	NA	NA	NA	NA	NA	NA	NA	NA
WP_003038401	-0.221941789861665	-0.221944215168887	0.408540072951377	0.430906820786465	0.600308598686862	0.620285281357098	0.797787947003398	0.761444295057619	8.8895652270646	8.08886380290429
WP_003038404	0.0652766928883884	0.0636725972703246	0.0636946293076795	0.0669797582528835	0.319894823504571	0.356098120540372	0.542896085551898	0.514873828925641	16.8895652270646	15.8146759265529
WP_003038420	-0.628495142095175	-0.628495132870284	0.103788719411097	0.111665992359737	1.03294705586741e-05	3.63339299447657e-05	0.000345812706125543	0.000392697253145474	17.8895652270646	16.1629777928555
WP_003038424	-0.979671377561713	-0.961339536533163	0.34926921504192	0.295741206239659	0.013079214128117	0.0046439214186635	0.0647126131991193	0.0186088565419302	15.384925950616	17.2193445043866
WP_003038425	-0.838556426451915	-0.827818742708937	0.104482603007478	0.0712312510310095	8.82453536450039e-07	1.00247075929281e-09	5.1786089112726e-05	9.3731015993878e-08	14.8590919454841	17.7373735097504
WP_003038426	-0.457566808451748	-0.434272979744564	0.24648225665455	0.142893395973097	0.0841268370660338	0.00727158131955128	0.232181740912445	0.0259831663711355	14.295080102968	17.3752448785871
WP_003038428	-0.397683907237062	-0.387088714801289	0.115499064769125	0.075538829866574	0.0037378489761856	7.38393639304438e-05	0.0257265531385614	0.000684692283718661	14.6343709706752	17.7687481420327
WP_003038429	NA	-0.347861834684309	NA	0.113572713247047	NA	0.0211566106222831	NA	0.0607102739595949	NA	6.21934450438662
WP_003038430	-0.405756403068225	-0.406119522644914	0.0813583246108691	0.0808201012583448	0.000104946075148492	9.59219407164391e-05	0.00167164105415098	0.000834297809952284	17.4153866219833	17.4742783731603
WP_003038431	-0.143009857455769	-0.13706048797576	0.314644918099946	0.191013106102719	0.656330515023911	0.482424436517417	0.82702297303659	0.639811132118843	14.2007696181389	17.6559558333731
WP_003038435	-0.875791705320742	-0.875791700048207	0.134167792405423	0.139576976069979	4.01617391642182e-06	8.48608644993174e-06	0.000179121356672413	0.000126453837400043	17.8895652270646	16.9574734879543
WP_003038436	-0.870050686556245	-0.8838698198556	0.236034764067483	0.131914219795274	0.00238979408756751	2.89021964086913e-06	0.0180635296104438	5.49631599500874e-05	14.2051147942057	17.8576937407915
WP_003038437	-0.630896382414983	-0.639690421509991	0.100696525857962	0.053925975657969	1.87550586955616e-05	7.19521784165491e-10	0.000497902153465504	7.33912219848801e-08	14.3110218647644	17.7481075396813
WP_003038438	-1.00804828184782	-0.970780817280987	0.270775345134136	0.144089044762518	0.00223270966069026	3.90052169134424e-06	0.0171687673908251	7.29397556281372e-05	14.1578894183241	16.6309391069466
WP_003038444	0.539468698723921	0.539468698723899	0.261352029830103	0.287095188410297	0.0785289486234741	0.108922542471494	0.222232938363385	0.216316794060439	6.8895652270646	6.04644715423315
WP_003038445	-0.112323845329421	-0.110417140719833	0.102645995532043	0.0528571612012731	0.292004580392084	0.0510044261033419	0.519274493041744	0.120702578589896	14.2328343186424	18.2193445043866
WP_003038447	-0.0630157262177634	-0.0566575693041948	0.12344667721814	0.0624908004450006	0.617581882271284	0.376459893051507	0.810122116155861	0.533992414669773	14.1704446325227	18.1650152141342
WP_003038448	-0.0967054626982587	-0.0742809675915913	0.288741799517667	0.154192899769208	0.743005535697453	0.636076077791099	0.884152798615433	0.774893984019124	13.0550796816929	17.1618209067007
WP_003038450	0.251066847448645	0.247150465698624	0.106285242044678	0.066048022736915	0.0324964132842665	0.00154844627377635	0.120377079109492	0.00768721906051277	14.6209490505392	17.5503149840953
WP_003038452	-0.0322646282810713	-0.0380318600379001	0.0582450773617996	0.0403406104639439	0.587871017068464	0.35861080527615	0.790682972293532	0.516927538420277	14.8315577275854	17.5314573126876
WP_003038456	-0.399943811002307	-0.396246038600101	0.088242094338074	0.0636853312674256	0.000379384243111479	1.17174899160033e-05	0.00454853151687418	0.000162583116115342	15.2837509894846	16.1486712754466
WP_003038459	NA	-0.13124066551019	NA	0.19817990557691	NA	0.535944059786047	NA	0.688807829415744	NA	5.21934450438662
WP_003038463	-0.133221821625505	-0.133221810775141	0.0326130403225716	0.0387982476214917	0.000702924587166518	0.00298426056934777	0.00722449661259823	0.0130794545265945	17.8895652270646	17.8836415374466
WP_003038464	-1.35533720468654	-1.30064042057993	0.460627278908452	0.396311300255603	0.0343807488611438	0.016141661307278	0.124868192117835	0.0496190246212765	4.73384761763049	6.16380663390433
WP_003038465	-0.039109601538116	-0.041106603788325	0.0455698310748871	0.0387196539983147	0.403778949843335	0.303218199319624	0.628789845077261	0.459123913139835	15.5733509576717	17.0325580742065
WP_003038468	-0.0074260127357503	0.00364233813760561	0.160677037223247	0.0865377042626273	0.963784056843712	0.966886635404175	0.976677083232751	0.984459436290372	14.1316833767102	18.1579923162532
WP_003038469	0.129456641305687	0.140391108722366	0.280372954045916	0.145491526195459	0.651349718392167	0.347329883957136	0.82702297303659	0.507427252343628	14.0362113846465	18.0420609466848
WP_003038470	0.0934485238695309	0.0942640815617492	0.134176914418948	0.0786146868542441	0.497203956139563	0.246007159919621	0.712626487742353	0.396011525724268	14.4361316068253	18.0509005510269
WP_003038471	-0.366817148996343	-0.366815242849411	0.217190490404126	0.224556836421027	0.109609620689871	0.121908669474986	0.275879745077214	0.235830219225748	16.8895652270646	15.9785170240609
WP_003038472	0.397743877879435	0.416704581916518	0.132387726260572	0.0892971565592262	0.00901570648999019	0.000188981185318625	0.049764914536332	0.00131699931631986	14.7725937890275	18.1178595616803
WP_003038473	0.0708321597820037	0.085985120547995	0.10030868475224	0.0939439542518337	0.490537103631591	0.37334026146264	0.707409403518761	0.533766967949097	15.5625405289854	16.357630947788
WP_003038477	0.218842772913913	0.213024958546625	0.180837308249527	0.113050761144695	0.245628855805531	0.076053587581732	0.467933930210891	0.166339425471156	14.4590809660763	17.6986142656152
WP_003038479	0.170606245211459	0.182774318299646	0.185136405152329	0.105871698635764	0.374587370470945	0.103538427500082	0.605311475471165	0.208563941930147	12.2401462539878	15.996206484517
WP_003038484	-0.0272670694870543	-0.0243248175039927	0.172469990417341	0.104309666014397	0.876556453693133	0.818259051600501	0.946143361408471	0.89569429843489	14.5284238667624	17.8619696445977
WP_003038489	0.101893083399913	0.0874039387520567	0.201915961381425	0.16109392713297	0.620780323916906	0.5940170076423	0.81240617507905	0.743847190373505	15.8057973043384	18.1850568934936
WP_003038493	0.426030524067555	-0.00477159224404822	0.55753540231237	0.289998597902799	0.465619497623294	0.987193369261429	0.687636741523143	0.993452636117429	8.43736353260047	10.0825078235751
WP_003038494	NA	NA	NA	NA	NA	NA	NA	NA	NA	NA
WP_003038495	-1.4681395684734	NA	1.10485134100179	NA	0.256502060181959	NA	0.479865431380677	NA	3.8895652270646	NA
WP_003038496	0.0815948987565224	0.0872703403933606	0.0488000210006657	0.0374596392893541	0.11499749343665	0.0327298862491812	0.283677445092621	0.0846150515474224	15.1814643765837	16.5946338590147
WP_003038501	0.0821448881996531	0.0823805811573216	0.0338908828913164	0.0394951143007605	0.0262777509244738	0.0516443603684162	0.104611629427792	0.121733135154124	17.7543608325539	17.8239680492241
WP_003038504	0.198183758435612	0.210744715076002	0.15665662717431	0.113229396733552	0.225060199472556	0.080039442693575	0.446516232049644	0.173033246054318	15.0650483449418	17.0562627266449
WP_003038505	0.156139848244322	0.146811409599494	0.192455390295807	0.104441305491267	0.430554921965353	0.176804551584704	0.654936886754937	0.308514318628364	14.2277270855113	18.0431196484629
WP_003038506	-0.034710623563009	-0.0192009331892173	0.158866381650438	0.105202197491161	0.830026092270321	0.857396721781508	0.930518549658098	0.915317908505092	14.8296343966668	16.5440740167498
WP_003038510	0.0448864723590055	0.0510740865502856	0.145789874966945	0.0996601455746847	0.762429077026104	0.61458903360809	0.892971030340448	0.756106245294164	14.9105320533774	17.8713251362897
WP_003038513	0.0144232006180543	0.0143419719538977	0.160121505213959	0.106832538758361	0.929429745566959	0.894693829381716	0.965664602359286	0.9399311578336	14.8538082645474	18.0355981562502
WP_003038514	0.0812538757546473	0.0908041814460143	0.0815635325348882	0.060531587493031	0.334788919796845	0.151022085218621	0.559654641039703	0.276873822900805	15.1584225608371	17.8949706283031
WP_003038515	0.138228068288828	0.140667359865372	0.147740841934257	0.0968751625289663	0.36475002294207	0.164978144007234	0.592851713674064	0.294285337958849	14.5431552948058	16.7358266069916
WP_003038516	0.191007565137607	0.191006157400469	0.133611833677779	0.135902645746402	0.170071944289957	0.177171687595115	0.370276625760118	0.308674896710744	17.8895652270646	17.7227416135345
WP_003038519	-0.227902681736429	-0.227903450713124	0.174627194929427	0.18440328270572	0.208403123523778	0.234012014313311	0.424807098224886	0.380523884144254	17.8895652270646	16.3002215718426
WP_003038522	-0.0747905050547903	-0.0747905050548005	0.0917103523126832	0.0735357350427227	0.426904066914299	0.322439968076874	0.652946549532844	0.478541857383932	15.8012302246456	18.2193445043866
WP_003038524	0.169113779222675	0.165466541134952	0.0702314926041485	0.0581457150767164	0.0286445825069795	0.0110837043864991	0.11051456572762	0.0370116557192023	15.7894810501755	17.1942461910528
WP_003038526	0.196273574441043	0.203550367292731	0.12046085788875	0.0656744072244101	0.125136542307577	0.0062106701261967	0.296866478027549	0.0231507371481485	14.2501886396506	17.9244625791397
WP_003038527	-0.0619421365900856	-0.055680187751305	0.0684844507715872	0.0406091849094342	0.380532193736162	0.188506028918929	0.610929396575198	0.324623410925314	14.4963559078969	16.6775817672325
WP_003038530	0.0991037493764677	0.0978642626516758	0.0591999424145746	0.0565874201355266	0.112725705474084	0.100979800737456	0.28118380671947	0.205998793504411	16.7170997460595	17.8562274760768
WP_003038532	-0.0521691849789816	-0.0529244208735735	0.125780239274127	0.0664845590978376	0.684500149270403	0.436270920435905	0.847078431117091	0.59404851059355	14.2284412810467	18.1965600152205
WP_003038537	0.188856779571738	0.192787926724049	0.077613523723273	0.0683751591675307	0.0267960991178345	0.0113717335541317	0.104833861461002	0.0376374190198695	16.3300345583625	17.950568165753
WP_003038539	0.0323410538077271	0.0772621641233851	0.246415843201036	0.175478907513212	0.898280942221253	0.666880280468409	0.95570920856555	0.79684736388238	9.63429175180448	13.1409509964773
WP_003038544	0.0502648920147284	0.0475570051481804	0.102348429464935	0.0572741607034381	0.630767227974501	0.417499800295361	0.819453808137934	0.578314538186907	14.3566206612378	17.5499519777929
WP_003038547	0.121682306250849	0.134926323083924	0.136095629707497	0.119617687366698	0.384907965639341	0.27582911489129	0.612228789854302	0.428643028958487	15.5423214224732	16.1287024054765
WP_003038549	0.0693704643006389	0.0700549059909857	0.0818380474056552	0.0718281204084203	0.40894497463491	0.342308991358588	0.634177533682788	0.500744052548026	16.2459072784036	18.0314532546261
WP_003038551	0.130512238040867	0.134808526085011	0.0602438667309856	0.0660745395156676	0.0449284766997627	0.0579886346237969	0.153666415706244	0.133600098660986	16.8359677046163	16.1861501374717
WP_003038553	-0.464032325793346	-0.45321344208277	0.330766306713521	0.206894739195351	0.181579513878113	0.0421397030759443	0.384176770349328	0.103685848357916	14.5815582182058	17.6825728224954
WP_003038556	-0.654435636804074	-0.665362556441994	0.165328959522241	0.173096104336765	0.00093093539959232	0.0012733373293633	0.00923650825061812	0.00649402037975285	17.8895652270646	17.2308771692659
WP_003038558	0.0194742404504265	-0.00471303975172251	0.168677104947865	0.12948123415517	0.909569656886274	0.971386894125712	0.95737006694987	0.98722472392124	15.490033736324	17.0406251331132
WP_003038567	-0.1936729116108	-0.197605182236048	0.0937041726948227	0.0986439199150281	0.0544308992333986	0.065244442417797	0.171782891444485	0.147804211936668	16.8895652270646	13.7686627599332
WP_003038572	-0.106223248265317	-0.10479999322456	0.0456937671134609	0.0476548237095303	0.0327708866045806	0.0421396381809069	0.120711274471504	0.103685848357916	16.9501893159868	16.8347109397783
WP_003038581	-0.00228396785619814	-0.00228366165861971	0.0555895990015682	0.059220542946464	0.967682217418609	0.969664120016587	0.978210038460334	0.986367309753954	17.8895652270646	17.9986156760379
WP_003038584	0.0744179964136847	0.0737719098011338	0.107179445281026	0.0593322661466635	0.498518977972229	0.230323272086538	0.712626487742353	0.376161151791988	14.4072809718438	17.2949933074973
WP_003038585	NA	NA	NA	NA	NA	NA	NA	NA	NA	NA
WP_003038592	-0.289671980293229	-0.289671476016237	0.075387682951543	0.0859197048072115	0.0012045246220386	0.00417735161389906	0.0111920412797753	0.0169929752480868	17.8895652270646	15.0581199485512
WP_003038594	NA	NA	NA	NA	NA	NA	NA	NA	NA	NA
WP_003038597	-0.082041804055756	-0.0820420514711793	0.060140067545045	0.0650240211249385	0.189428997427737	0.223854323590196	0.396689117677864	0.367737263643046	17.8895652270646	17.2399694679253
WP_003038599	-0.572464801943153	-0.572462410207838	0.201184649474682	0.203740134785646	0.0130481571837524	0.0140746766627345	0.0647126131991193	0.0449908467680572	13.8895652270646	13.7907031158958
WP_003038603	0.0215278058397662	0.0169157451105283	0.231080986082461	0.134493543407246	0.927260475035428	0.901788305905195	0.965355209770777	0.943849327635848	12.4278428411088	13.3299965493796
WP_003038607	NA	-4.12285894140467	NA	1.99052907022143	NA	0.0940547586776939	NA	0.195787456839281	NA	4.91569208463966
WP_003038609	-0.0045506165529339	-0.00213500280345927	0.0991943506446908	0.0939831434763639	0.963951798758534	0.982142020046888	0.976677083232751	0.991866198463194	16.7494993204799	16.9107806476876
WP_003038612	NA	NA	NA	NA	NA	NA	NA	NA	NA	4.21934450438662
WP_003038617	-0.186843125519906	-0.185311580345908	0.0720284988658965	0.0719053316266342	0.0187498801158742	0.0196150917665162	0.0829607790841258	0.0571639817195614	17.266140838572	16.9487540584681
WP_003038628	-0.24946588635496	-0.24946676506467	0.0817913606072346	0.0843020867388199	0.00692805191360562	0.0084171051382306	0.0404438632652893	0.0293291675934619	17.8895652270646	17.9460856464901
WP_003038634	0.317039577833403	0.324643341745978	0.109844469716328	0.0770008272271388	0.0112918712288434	0.000531043318128476	0.0580204443325362	0.0030092454693947	15.0221236602979	17.795164812894
WP_003038637	0.0750087406320178	0.0653998294411765	0.106077807022192	0.0646991418053073	0.49070629563045	0.325366550790471	0.707409403518761	0.482247384394859	14.5004955567284	18.1750719814898
WP_003038642	0.166162958794139	0.160430558740162	0.224128840221242	0.213254340855378	0.468643587473025	0.462033904495178	0.691187301630189	0.620840767477352	16.9030337243179	17.2184150800133
WP_003038650	0.0643483911884495	0.0601760949240702	0.0559313946341011	0.0440227138224219	0.267751218694509	0.191704630508867	0.491832963499798	0.328887760597781	15.1743588705326	15.0609073211744
WP_003038655	0.269537648009544	0.264722704329788	0.179237487751174	0.0917285938728752	0.154678752525524	0.00982887740912559	0.343156387272999	0.0337247720276419	14.112751642468	18.027212118094
WP_003038657	NA	NA	NA	NA	NA	NA	NA	NA	NA	NA
WP_003038662	-0.317801599667295	-0.317801614173817	0.0625857497026338	0.06607205243819	7.99225135214198e-05	0.000143221084203	0.00137097850117512	0.00108785543492124	17.8895652270646	17.8617592210029
WP_003038670	-0.034774965355667	-0.0346995039199189	0.0380830442965917	0.0447215088908011	0.373314202476401	0.448400046011111	0.60412966003075	0.608349276450383	17.8895652270646	17.1095386055753
WP_003038674	0.44391830588678	0.299766817137363	0.516695324260179	0.275417741965084	0.404531304477112	0.291840023129031	0.62908285145325	0.446718289155215	14.1976321388346	16.737064039509
WP_003038679	-0.329310801350603	-0.329311096202191	0.0544732354309854	0.0580007581602907	1.05449614423932e-05	2.15102933196696e-05	0.000345812706125543	0.000265214825326036	17.8895652270646	18.0971327162948
WP_003038681	-0.339752924558977	-0.305119723602701	0.195888583629498	0.15533557906896	0.104598693279293	0.0662570542020869	0.267494364693605	0.148680829629483	14.1276875309934	16.8073436944845
WP_003038683	-0.0803351192416316	-0.0891683669814521	0.175416935859895	0.118248077418449	0.653568727363159	0.460686709966636	0.82702297303659	0.619772768084611	14.9351438571224	17.7548455656335
WP_003038692	-0.124992649562573	-0.123217332915155	0.0731161021808818	0.0741797929778861	0.105368089511711	0.11543695523999	0.268231552067484	0.225645058848901	17.1684194670651	16.6281398011307
WP_003038698	0.383969885351603	0.394646382363615	0.23476537586585	0.112187567627119	0.124205895778662	0.00246519758742958	0.29591789272053	0.0114487973486019	14.0026181641524	17.9573820923394
WP_003038700	-0.264180117139732	-0.264180528764911	0.104342104758518	0.110855681654215	0.0209405700868054	0.0294560887856068	0.0881084364029738	0.0781317532327443	17.8895652270646	16.5453678058376
WP_003038704	0.429902768391638	0.423130420442496	0.198265255589234	0.0878727374068411	0.0478632097302404	0.000137885325678485	0.160550592400382	0.00107435649591153	13.9928862331744	18.0400326275088
WP_003038706	-0.329973092609281	-0.341607942151747	0.164476759791823	0.129544442572595	0.06368041902294	0.0174532824478314	0.19506501980928	0.0523598473434942	14.6362786188554	16.749665337989
WP_003038710	-0.17269890244946	-0.185669500225205	0.218434801941693	0.124309812067279	0.442026740737851	0.153235100912961	0.664539190672202	0.279560623129011	14.361510454144	17.3574270658611
WP_003038714	-0.064361339908426	-0.0687267763047076	0.101059741271333	0.0523214830268821	0.534306163841485	0.205300201724506	0.750090048294019	0.343288861899993	14.2572912324042	18.2193445043866
WP_003038723	0.21542476364063	0.197616962390316	0.134989318980294	0.0953703360839425	0.131445261452567	0.053417771659179	0.305336388582525	0.125304736855563	14.9436707247227	17.3965700762108
WP_003038726	-0.161850658158324	-0.162391512855585	0.230505278508949	0.230917995919707	0.491617455955196	0.490912875301708	0.707409403518761	0.648004995398255	17.8895652270646	17.9761426102316
WP_003038729	0.288246697605595	0.335708257530406	0.25615681936368	0.135791783149867	0.279133253027287	0.0238223076646577	0.502800609249476	0.0663241419348533	14.2002122691067	17.6963680101827
WP_003038734	0.0282612220131965	0.0316243916639026	0.0787130030327903	0.0494086539630623	0.724691713544363	0.530197850706233	0.876962056434281	0.682987357626169	14.6341895131578	18.0019165968685
WP_003038739	-0.107038936424734	-0.084832847178639	0.117480435802125	0.0538001166988597	0.377521150227769	0.133286999847885	0.60828913656642	0.25304232458431	14.1225216484276	16.9782596022825
WP_003038742	-0.121565965580626	-0.121565725171465	0.0443795315488684	0.0488238544826733	0.0135305345135958	0.0227463382747452	0.0654208515255347	0.0636443679408084	17.8895652270646	18.0585700904659
WP_003038744	0.123314765873833	0.121890709607213	0.0681652502674535	0.0680241899151783	0.0880823076615055	0.0909959872021709	0.239269217215263	0.190836444188478	17.0762739940798	16.9753882102353
WP_003038749	-0.569650654128437	-0.264778007381129	0.415767621946251	0.301120836605396	0.224559734892461	0.405437602124015	0.446317476657921	0.565797250725304	5.43316155919678	7.82156562115527
WP_003038756	-0.118442855393962	-0.119265908638882	0.113555348401612	0.104641485922077	0.312491562779397	0.27009120611546	0.539362372289517	0.423243482208863	15.9396003812552	17.1112943904623
WP_003038764	0.0756772826301901	0.0795163747239948	0.166138967020784	0.0756974744167537	0.655713630279634	0.307245987394393	0.82702297303659	0.463346771312511	14.0332564747933	18.2193445043866
WP_003038767	-0.0842914184809248	-0.0829712280778856	0.078045284102331	0.0693615532252884	0.295855564071759	0.247216523481777	0.522095809345642	0.397388165252943	16.2942035423825	17.9024025422671
WP_003038772	-0.356440280513301	-0.342530000696161	0.108747863825725	0.0827592114123972	0.00573069349102621	0.000794044316008304	0.0349165204507881	0.00426604912952895	13.5161977566957	15.7596790814005
WP_003038779	-0.0587522967929959	-0.0587520604045781	0.0734581720716264	0.0816036807727005	0.434315569229733	0.482036042496653	0.657964483276023	0.639811132118843	17.8895652270646	15.8367837038242
WP_003038804	0.316322006687597	0.322442597887421	0.201860429561496	0.108642187426435	0.13914619915957	0.00820016217711996	0.317926254227297	0.0287949892781382	14.1800340505105	18.1114166367015
WP_003038806	-0.144662205262669	-0.144660992815903	0.317790324429232	0.319239531412681	0.657898075751031	0.659294468636303	0.82734140072806	0.79284929668803	10.8895652270646	10.9490772834352
WP_003038808	0.0361995822190206	0.0361998309213534	0.077842338116235	0.0838056315016037	0.647515334929457	0.671322001095	0.82702297303659	0.799614092894432	17.8895652270646	16.6428259772929
WP_003038813	0.024969114919986	0.0354786071609558	0.259531102384584	0.151685191224214	0.924682014197731	0.817693253911418	0.965355209770777	0.89569429843489	14.3897363567523	18.0814703922074
WP_003038816	-1.62332350271284	-1.61223271755037	0.123795881855313	0.135642443672431	1.29842079120902e-10	2.11943407806682e-09	4.82579727399353e-08	1.82923464276229e-07	17.8895652270646	16.1511308791683
WP_003038817	-0.606052926320145	-0.681795536114427	0.282717258551841	0.138037371505293	0.0552037102555553	0.000273426074606497	0.171933343393699	0.00177331824108954	11.0218265104853	12.9535963785955
WP_003038819	0.0684212054305089	0.0581141288187568	0.0867540701024042	0.0702750045616253	0.442231461415941	0.420436864490187	0.664539190672202	0.580948475317721	15.4527819041732	15.9855755958102
WP_003038821	NA	0.139666346538272	NA	0.294822368390498	NA	0.656409509899402	NA	0.79192631194315	NA	4.81031044465348
WP_003038824	-0.170960328390575	-0.170960077186983	0.140251275999663	0.150319705284641	0.238690364125457	0.272188973153943	0.460962786220753	0.425935882676044	17.8895652270646	15.9668484475833
WP_003038832	-0.406901848282768	NA	0.125823737045246	NA	0.0331681713168835	NA	0.121254134486312	NA	3.8895652270646	NA
WP_003038844	-0.0248689195785402	-0.0230165374993878	0.0612151922447354	0.0566336729492933	0.689762759711431	0.689390737562117	0.852644653080095	0.810792880025886	16.5432584773725	17.4176174990718
WP_003038864	0.357357045738103	0.368957812859336	0.226223950357345	0.133533117990739	0.136161580059039	0.0127912430517495	0.312579019041606	0.0417202753025086	14.2230004270183	18.042405711574
WP_003038879	-0.0216835202958197	-0.0313273423004079	0.179405254403862	0.161461356195274	0.90545015623779	0.848666748141229	0.95737006694987	0.907725539956587	14.5711273129295	15.5653549076687
WP_003038884	-0.0725466469253564	-0.0725051767462649	0.093203990342579	0.0956874780268374	0.44713323221803	0.459056738636597	0.668302351103355	0.619064496094064	16.8725273538316	16.8879188857276
WP_003038889	0.452900059446791	0.452899972911179	0.090116610063729	0.100205354858517	0.00023827541585652	0.000738544202269493	0.00326558003049829	0.00404217851193352	12.8895652270646	11.7586034970123
WP_003038904	-0.306823339976588	-0.274292864874087	0.21322561607949	0.154605889057439	0.178117386159814	0.0990102480780611	0.38119171894087	0.202718062670775	10.9538861747889	13.2485278172347
WP_003038915	-0.385601629728714	-0.389041265794411	0.0827797875747544	0.0749199436125178	0.000240159248879695	6.48729886697306e-05	0.00326558003049829	0.000622115327243058	16.5734879347252	17.6765939142214
WP_003038923	-0.0546369004664611	0.00269316737657451	0.261060280573066	0.192952703174838	0.837019220945243	0.989025485332592	0.933276431353946	0.993452636117429	15.1064785864407	17.0823227557465
WP_003038926	0.0561371507012039	0.0580039429869592	0.121287412446253	0.134389464006779	0.650168444726294	0.673559412176423	0.82702297303659	0.80056531828596	14.8895652270646	12.1900967296062
WP_003038931	0.083130312318043	0.0979289067217437	0.133013702503447	0.079800318510523	0.541746096862851	0.235852759656796	0.755683866464117	0.382159504406254	14.4276424614196	17.6743677902889
WP_003038932	-0.380578510972094	-0.319541306883238	0.236457242129341	0.154528215638379	0.128263473511358	0.0538497429716857	0.301716820601612	0.125612082358069	15.0601211365571	17.4067609899916
WP_003038934	-0.199461226171653	-0.189164416714877	0.0933802256086725	0.0819017373346693	0.0479491903760782	0.0332924988725185	0.160550592400382	0.0858716867470478	16.5361348947978	17.5668034794204
WP_003038937	0.182333654949097	0.185358100890475	0.104871194782536	0.0578245259221209	0.10351710744637	0.00485800812073194	0.265336953569431	0.0191925532093705	14.3364966906427	18.171041979567
WP_003038938	-0.57295485391651	-0.582555377104479	0.095563710384282	0.0930534733658439	1.52710287120212e-05	7.4349988184939e-06	0.000425679925347591	0.000114741584735074	16.7830623360575	17.5602030834176
WP_003038939	-0.479028473428325	-0.479033611353041	0.963332724691071	0.955589791687058	0.63107074470756	0.628124830214757	0.819453808137934	0.76751143632219	8.8895652270646	9.05343094270454
WP_003038940	-0.325054450600819	-0.326947174690817	0.048951400918095	0.044278139940387	5.67173771524851e-06	1.0015405279586e-06	0.000234221761203781	2.55392834629442e-05	16.0037047335274	17.1789453356972
WP_003038941	0.00662342538740468	0.0149427565060723	0.144443728641679	0.0854723681419663	0.964054415877858	0.863169631785987	0.976677083232751	0.919730604809	14.4346245456158	17.9860337595404
WP_003038948	-0.146845448612534	-0.160511734162309	0.12173616464203	0.0711394120645918	0.247036967011815	0.036937918672788	0.467933930210891	0.093897051077123	14.4953994798974	17.7196776828272
WP_003038949	0.0643794650147628	0.0652060834844435	0.0765634968369562	0.0820818578304912	0.413724596602829	0.43986110710252	0.638923719130408	0.597897075021171	14.8895652270646	14.3957788586677
WP_003038954	-0.413954802999814	-0.421156699687871	0.110489447015603	0.0952335747294008	0.00171974787110216	0.000395403196240851	0.0144174351599918	0.00238517411925933	16.2487297987028	16.557520076991
WP_003038958	0.451980646129793	0.4453002195975	0.200306630413132	0.128673130073447	0.0410935506017554	0.00306799387717556	0.142657758647063	0.0133422059309728	13.5839177061116	16.6365002168873
WP_003038961	-0.212243132471325	-0.212675698369565	0.0445754497226873	0.0438663514412468	0.000209858366074274	0.000148914120189937	0.00292989268199223	0.00110650094604708	16.0729166376681	17.0746421388851
WP_003038964	-0.340458079050902	-0.342358003624087	0.128938064352125	0.0680002616559639	0.0191965951983572	9.04096760816008e-05	0.0841625206283665	0.000811517252508449	14.2111426111214	17.7053632107178
WP_003038972	0.0759485134380964	0.105944427226616	0.10680845779184	0.052417654428385	0.488482096369203	0.059650795613134	0.707409403518761	0.136032911947025	14.2931016760866	16.642417690108
WP_003038974	-0.376839571271245	-0.376840629019662	0.449415147865169	0.470413104122768	0.413454082480607	0.43522450760596	0.638923719130408	0.593343739409341	16.8895652270646	15.4571265956402
WP_003038976	-1.29391642129977	-1.29391622587682	0.173464255438351	0.179019462271269	6.79873106055666e-07	1.38574425427114e-06	4.69722238654045e-05	3.10961010658443e-05	17.8895652270646	17.0557694029235
WP_003038978	-0.41434886616546	-0.403976918717228	0.177361415975914	0.126570460249562	0.0335194003630283	0.00508731692628174	0.122137684329335	0.0197002566512487	15.2526394729778	17.8757609467317
WP_003038988	-0.105530870295396	-0.0980620067508117	0.120425121538157	0.0925085489720037	0.394242994068183	0.303129104050191	0.617388958407337	0.459123913139835	15.4907742212776	18.0242999142776
WP_003038998	-0.0862144534750097	-0.073182959162262	0.277337044882151	0.162207548838175	0.760742363450378	0.657500232271405	0.891932424024366	0.792068371058144	13.2420243316752	17.2129581007761
WP_003039000	0.000394989060369579	-0.000426337561550653	0.112499053078931	0.0578633571510993	0.997247259509556	0.994209457895483	0.997829776277013	0.99598483192744	14.2555293101267	16.5240721563413
WP_003039002	0.0492379697646272	0.053155042907473	0.0696292295762474	0.0580151406141311	0.489804621501283	0.372224664568355	0.707409403518761	0.533379404400631	15.7549698853238	17.1879981023084
WP_003039004	NA	NA	NA	NA	NA	NA	NA	NA	NA	NA
WP_003039007	0.454471188658668	0.450116059525844	0.201136718220642	0.105647727160745	0.0401566103685603	0.000478774227900801	0.140706441071147	0.00276899321497267	14.1355028110654	17.8444420578262
WP_003039016	0.489759261899335	0.489759261899328	0.174233433008001	0.178286050680902	0.0265440576270206	0.0277745915796927	0.104611629427792	0.0752731684840946	6.8895652270646	7.21934450438662
WP_003039019	NA	NA	NA	NA	NA	NA	NA	NA	NA	NA
WP_003039021	NA	NA	NA	NA	NA	NA	NA	NA	NA	7.21934450438662
WP_003039029	-0.0324979246854338	0.0396364578871694	0.193893343779267	0.119831651478378	0.870701555216626	0.747866713227994	0.944413702347225	0.853617957519643	8.75083519083757	9.68149286764192
WP_003039032	-0.336318689879353	-0.322027469539266	0.116658219278758	0.0885131530661026	0.0110884013604312	0.00206176924948675	0.0575049651947945	0.00988591922189803	15.5005849323884	16.8295626747022
WP_003039034	-0.00128684262758312	-0.0251899943397749	0.230387732219516	0.112689274865573	0.995621956317083	0.825662008975996	0.997829776277013	0.898715859678015	14.0455058065082	17.8179184995371
WP_003039049	0.250752806909606	0.240495657967535	0.250456013900335	0.132879598070958	0.333613194135543	0.0875007116721757	0.559654641039703	0.185237355653172	14.0976217561822	17.522341957716
WP_003039053	0.163740674432642	0.142100228911515	0.089160122255135	0.063769464730263	0.0862333260834352	0.0403657052868647	0.23566215338978	0.0999786342866715	14.9630448298938	16.1942613858242
WP_003039061	NA	NA	NA	NA	NA	NA	NA	NA	NA	5.85935641005617
WP_003039065	-0.130966908869298	-0.114794866158138	0.126418989436722	0.0871411044543776	0.316511894634557	0.204423168542351	0.541200904578588	0.342844237824391	15.1081765644497	17.8069379264418
WP_003039068	0.899773743936019	0.896992368349188	0.222207938146902	0.193377096608711	0.000947434038155228	0.000240729204588498	0.00926656975914982	0.00162709739486924	15.8446590851654	16.8340153314562
WP_003039076	0.0425538162245956	0.0425543384014406	0.0523318067599521	0.0568989008620375	0.426820057202402	0.464395826769365	0.652946549532844	0.623268083295726	17.8895652270646	17.6093699055513
WP_003039079	-0.109547035735937	-0.106298804186844	0.0689150011076857	0.0474649616776122	0.132847913907142	0.0387468076645294	0.307314157689759	0.097257087694859	14.9485238830642	17.0389301650306
WP_003039085	-0.231386938108472	-0.230928883104517	0.0883876154374425	0.051453889109483	0.0198528359085476	0.000281987173301	0.0861319534553721	0.0018183310830099	14.4524510853357	18.06756518024
WP_003039109	-1.50139305344375	-1.50222038921434	1.33665635980476	0.434916324607889	0.294334166566441	0.00542601161410737	0.520924755113622	0.020920910759548	7.8929626590265	10.9479432027783
WP_003039112	-0.83857465182126	-0.793311225192881	0.198273644759081	0.141268225426676	0.00715703274804609	0.00045478163211149	0.0413476244252404	0.00267154445669682	5.33320427572612	8.21934450438662
WP_003039119	0.0274622757112265	0.0274622589201073	0.12448104845628	0.129828848879599	0.827891111621955	0.834999906535678	0.930518549658098	0.902572153307351	17.8895652270646	16.94255672214
WP_003039122	-0.460095997534849	-0.387500357373133	0.224603930890928	0.151414654765825	0.0639998380651027	0.0218262399297874	0.195506354637231	0.0620340569169164	11.5225355836114	14.9650601868934
WP_003039126	NA	NA	NA	NA	NA	NA	NA	NA	NA	5.08095546661852
WP_003039129	0.0210893602705311	0.0210893602705295	0.0464579992128159	0.0500234849490768	0.655358159274594	0.678257206839788	0.82702297303659	0.803595127850309	17.7890708150569	18.2193445043866
WP_003039133	-0.108791166379873	-0.108791161180544	0.0575929204866438	0.0613729592949941	0.0752185278569618	0.0933549895302469	0.215600664679981	0.195054559130236	17.8895652270646	17.852172451903
WP_003039136	-0.180925278797721	-0.180925409948692	0.033210031246239	0.0409383262844896	3.63538777253378e-05	0.000384223447666156	0.000779511031995225	0.00234292776239906	17.8895652270646	16.8185201463419
WP_003039149	0.00501458133617076	-0.00478093592206664	0.134040217820604	0.144783265821862	0.970571596172129	0.974056026049688	0.979910431486094	0.987538344703005	17.8895652270646	16.4046462755461
WP_003039159	-0.472983230037864	-0.466071676425923	0.123152430440454	0.114567521708877	0.00133646843625749	0.000798458393227343	0.0120174379550573	0.00426604912952895	16.7874232808905	17.0189763696693
WP_003039164	-1.15459604413644	-0.82394590733336	0.783731703216654	0.433817257312491	0.173419292600078	0.0830162400756304	0.373459098492636	0.17809602555422	9.3869099812374	11.4431149280048
WP_003039170	-0.185818636402354	-0.185818181500244	0.0337524379045104	0.0396329979585885	3.22150507092269e-05	0.000183714497739509	0.000704309441976235	0.00130460548394765	17.8895652270646	17.9725903605308
WP_003039175	-0.322856854154236	-0.321286079083511	0.0635340496500884	0.0673518745493567	8.39552267444643e-05	0.000187281783471764	0.00139716534059817	0.00131542952198236	17.5505028390347	16.6641556370832
WP_003039180	NA	-0.597399139788159	NA	0.187274563862012	NA	0.0308089309086558	NA	0.0809546147061167	NA	4.21934450438662
WP_003039190	0.023893960069193	0.0285221983784157	0.144592046941323	0.116554585876445	0.870988620396892	0.80963583151139	0.944413702347225	0.888856558665147	14.7596670440779	16.8470538648982
WP_003039194	0.0045398216015533	-0.000414111488263838	0.0792778594029656	0.0799255289245598	0.954990190607696	0.995928751697054	0.972723511307129	0.99681718055673	17.3101964957883	16.3359465087996
WP_003039201	-0.423978640286283	-0.423978620145378	0.103592107600893	0.105280007646709	0.000690796921490553	0.000788515801218097	0.00719849128469127	0.00426604912952895	17.8895652270646	18.026668245127
WP_003039205	-0.211829797512878	-0.222844777436629	0.101451869848058	0.0584454108344928	0.0549086976588888	0.00135920638596599	0.171933343393699	0.0068386976011383	14.4837493312965	17.2587557075296
WP_003039209	-0.029828606280875	0.0698705729119104	0.225032492081918	0.194464206476338	0.899840822103264	0.728428283267835	0.95621994348468	0.840840055377069	4.87812952275961	8.21934450438662
WP_003039212	-0.160469435080897	-0.168436432081142	0.0812473296593839	0.0631499490728665	0.0661814136701202	0.0157326503943705	0.199511163556188	0.0487625241505075	15.6409846953009	17.9466183286082
WP_003039215	0.0927921752427059	0.0541146281107804	0.171761502300194	0.0977308507099646	0.597823130984392	0.589107898622119	0.797386235773512	0.740178121225104	13.5148161389888	13.09372653566
WP_003039222	0.010266202911001	0.0104507969108865	0.108791455115306	0.0745353651025063	0.926068307210508	0.890118350450779	0.965355209770777	0.937758487517159	14.9905320010749	17.2272588204373
WP_003039225	-0.0925870832794885	-0.0869416811954218	0.104825199204265	0.0509468056136514	0.39183344107625	0.104898601378357	0.61534406591552	0.210925144707019	14.175468997868	18.2193445043866
WP_003039232	NA	NA	NA	NA	NA	NA	NA	NA	NA	6.21934450438662
WP_003039242	-0.0135466189720079	-0.0101186208030631	0.0933708148448193	0.0495371686814973	0.886670229145285	0.840422783720473	0.949745514767875	0.904946605887112	14.2954961628565	18.1340648895842
WP_003039245	0.1175337785134	0.116794707917766	0.0690864063324562	0.0704900588467448	0.106388472883504	0.114767158370083	0.269598061966153	0.224727315342467	17.7066214800018	18.1055425010765
WP_003039248	-0.371850413342196	-0.366366625999948	0.0784727147345456	0.0596627774332208	0.000252801134632277	8.67820452745393e-06	0.00335563410851177	0.000126453837400043	15.2446415890619	17.8965004705019
WP_003039251	NA	NA	NA	NA	NA	NA	NA	NA	NA	7.94331515674693
WP_003039257	-0.549659250844663	-0.591869363804129	0.373314239327889	0.145096663922111	0.171899290191708	0.00128592132087263	0.372170307890785	0.00652852362904567	9.92754721639255	13.0878265805304
WP_003039260	-0.000785711583905288	-0.00411423253432181	0.0804391244139272	0.0618509808168236	0.992329927359584	0.947801160321643	0.995902672372579	0.976522407604117	15.6587173765716	15.7682094940478
WP_003039265	-0.245572357391616	-0.245571808930296	0.0480976835287221	0.052284943781409	7.52845836580099e-05	0.000179567069337698	0.00133241763140764	0.00128942993414173	17.8895652270646	18.0055839720074
WP_003039271	-0.0711386195936439	-0.0735010854795552	0.151480993925466	0.15141174739121	0.645913509916449	0.635213706538481	0.826858281925191	0.774684542104539	13.8895652270646	13.3867090565776
WP_003039282	-0.236046833199979	-0.243670857472791	0.219403671264839	0.157362469186572	0.301377290192413	0.14079924984898	0.525877431243413	0.262419864336472	13.1205540627114	16.2193445043866
WP_003039284	0.172302411927662	0.117336919065031	0.299727088394768	0.203968913564368	0.575422418307267	0.573580086915529	0.781259724632516	0.726248988067748	12.7044058267388	15.1046716757524
WP_003039286	0.104010403068729	0.054337340062644	0.175173728671696	0.129151120504229	0.563700482445485	0.679893707561279	0.773094757597436	0.804684324771894	12.0003419376844	15.0679713822112
WP_003039319	0.00117879259412855	0.00117939150316317	0.0983836023247577	0.122278622590221	0.990913745549684	0.992668389398946	0.995377320980088	0.995561270381116	4.8895652270646	5.1289770818724
WP_003039327	-0.219125325963181	-0.222106540251421	0.119735153820669	0.0648512806766694	0.0882264146374592	0.00310467012734687	0.239269217215263	0.0134495748373868	14.2535179066327	17.5784794136892
WP_003039333	-0.112335794500955	-0.112335826544059	0.102756639419644	0.106715470845036	0.288799502421283	0.306972797015625	0.516043982691876	0.463346771312511	17.8895652270646	17.3032809601305
WP_003039335	-0.298320800178922	-0.298320800178927	0.143487579986698	0.149878422721015	0.0768284112195752	0.0855934299160607	0.219088691840988	0.182231173369678	6.8895652270646	7.21934450438662
WP_003039338	0.165006950365365	0.157455096398006	0.121477166556643	0.0734630011098026	0.195144863543707	0.0462716411712628	0.405945005319465	0.111889615073614	14.4795772696084	17.665591830379
WP_003039340	-0.0223067204057301	-0.0223070450649057	0.0742073219854641	0.0803357956718453	0.767184970515293	0.784694785336225	0.895479901903144	0.872574379729677	17.8895652270646	16.5877694196203
WP_003039342	-0.0479534572329149	-0.0447703682517416	0.253537369483399	0.123875475870737	0.852696251573017	0.721967539946982	0.940845430341715	0.835962414675453	14.0169967388955	18.1289143099955
WP_003039347	-0.0755398560184043	-0.00708968009361463	0.257662456862862	0.155246692343032	0.774738579552558	0.96416990098736	0.901705131733927	0.984348160971627	11.2247030924358	15.2050963195556
WP_003039351	0.0586050628139811	0.0583560060865485	0.104236617716424	0.0549654422541013	0.582689005587642	0.302264739472023	0.788468739357064	0.458918860199743	14.2604218287002	18.1995418991812
WP_003039354	0.143810815631208	0.141255672340258	0.05845679891303	0.0388342562375009	0.0267416359100897	0.00197229427905882	0.104833861461002	0.00953842319441379	14.7521499335473	17.401663608526
WP_003039383	-0.0601041224789886	-0.0512751794964932	0.11206714657596	0.0978978749811915	0.599003622915167	0.606835392709954	0.797787947003398	0.751476846386667	16.2455645811367	17.9945909879044
WP_003039390	-0.0535809991610213	-0.0845134674023814	0.109243947527095	0.0770887576852505	0.631469663536722	0.289545639153808	0.819453808137934	0.445027681000784	13.8681335510283	15.6307011017861
WP_003039393	0.0912562346347225	0.0907806618973744	0.0935272742035077	0.0586365385374338	0.345132178663492	0.139069684326346	0.569263874570701	0.261044842517934	14.5652292010031	17.9047506214743
WP_003039398	0.235012788584278	0.23501312748686	0.195015050477174	0.203565804951995	0.253699974077892	0.274189280072092	0.477024403198735	0.427278294779011	10.8895652270646	10.3800437355159
WP_003039401	-3.22403495857886	-2.61323531981949	2.75743494840676	1.31074436377083	0.286206329101799	0.0851750114345819	0.513054753936504	0.181685100436504	6.06518189326872	7.21934450438662
WP_003039410	-0.245745474433216	-0.245744609268475	0.164122842462672	0.168635454516948	0.16552670949835	0.175848263054525	0.363311576950118	0.308283986167465	9.8895652270646	9.95755291080062
WP_003039415	-0.0183667001032006	-0.0115201588792817	0.085717558015314	0.0813747176468311	0.832876692877831	0.889028762698343	0.930518549658098	0.937490856905583	17.060010501981	17.5928402429839
WP_003039417	0.17791649792148	0.200273307552844	0.392085008569312	0.314802878789159	0.661940709532052	0.53775148844323	0.827624748234652	0.690340011479753	8.07546784113779	10.9278530996682
WP_003039419	0.323454292761298	0.342275086969078	0.278117277689979	0.223826850830427	0.298373582859012	0.175359316712278	0.524277807313348	0.307907908217803	4.8942384358226	6.21934450438662
WP_003039424	-0.17718642630124	-0.17522293692508	0.0675342343749085	0.0466824955533265	0.0192479307266668	0.00155525733220713	0.0841625206283665	0.00768721906051277	14.9074036192007	17.2014398519206
WP_003039427	0.000376581388221173	0.000376519170640936	0.0878479675313115	0.0938107000705167	0.996627128182339	0.996845307506287	0.997829776277013	0.996845307506287	17.8895652270646	16.6513431774545
WP_003039430	-0.198805590605164	-0.191652243549074	0.0907559246567509	0.0577568717452373	0.0451663708345111	0.00385098832834092	0.154007655903608	0.0158853268544063	14.5928820822412	17.8812198427396
WP_003039445	0.166990150924601	0.193045050216043	0.220248988127234	0.162813784272391	0.464009813046001	0.25628835360489	0.687079603647134	0.40842731772366	11.1884920716552	13.4402818086329
WP_003039451	-0.482152085099824	-0.448716427189696	0.289457483329568	0.18782856623957	0.11726729724044	0.0281383823827316	0.287481446158431	0.075876426432492	14.4685880826899	17.8747610287534
WP_003039457	-0.104599335756242	-0.122958296326793	0.173325257719206	0.11819102766016	0.556958045094337	0.314376208706533	0.768727257166432	0.471564313059799	12.5239058213603	15.2707642000209
WP_003039474	NA	NA	NA	NA	NA	NA	NA	NA	NA	NA
WP_003039477	-0.388593909483347	-0.386112955403332	0.128880788054991	0.0754660300022301	0.00901010302341576	7.06425127335878e-05	0.049764914536332	0.000666057977202399	14.434731578044	18.131466661382
WP_003039482	0.236540314328199	0.110266665321789	0.356626444322395	0.210996755475127	0.517373135473047	0.608040632238946	0.735804905679142	0.751476846386667	14.7732716506962	16.8908610169696
WP_003039484	NA	NA	NA	NA	NA	NA	NA	NA	NA	NA
WP_003039488	0.0123072277053293	-0.00610798830213782	0.106239984167856	0.118646134384359	0.909066921768445	0.959567954185512	0.95737006694987	0.983228533877757	17.8895652270646	16.3034354524922
WP_003039499	0.0669821737838669	0.0715374052404182	0.0942636134384959	0.0774736826252873	0.48777085399826	0.368493100373584	0.707409403518761	0.52898317163688	15.6906176274852	17.3248524863192
WP_003039501	0.00700385097512948	0.0019057498284239	0.0551885475343282	0.0557919003903543	0.900476179963151	0.973159888992854	0.95621994348468	0.987538344703005	17.3079141393483	16.538453759056
WP_003039507	-0.265893228155037	-0.265219047912112	0.0787774608486726	0.0845788363062939	0.00339444402514628	0.00615719272325229	0.0241070387773127	0.0231049171755487	17.8895652270646	16.6121051055262
WP_003039515	0.193710944230461	0.193710529488802	0.0773067348733661	0.0806191573974469	0.0227547588535341	0.0281009313276383	0.0932777798591562	0.075876426432492	16.8895652270646	16.8233157373921
WP_003039521	0.0425776109316318	0.0425771460896432	0.0949794945233202	0.100740428016089	0.659647089907843	0.678218486729084	0.82734140072806	0.803595127850309	16.8895652270646	15.8949111816027
WP_003039530	-0.571125148150584	-0.570916832881613	0.110409524304803	0.116858568686733	6.52060462418702e-05	0.00014184680535735	0.00121881768536601	0.00108785543492124	17.8895652270646	16.8904394477688
WP_003039534	0.0643818348273259	0.0683981356708411	0.133698667531176	0.0922483074743462	0.637041357687066	0.468112485147253	0.822413276599508	0.627505625251157	15.0836018697902	17.7527211285093
WP_003039540	-0.0149770164069553	-0.010692628352031	0.0676639564952374	0.0484544577360375	0.827820658307536	0.827877023050964	0.930518549658098	0.898715859678015	14.9434879416502	17.6638139974892
WP_003039550	-0.144459871419274	-0.147433720349528	0.0681815193576272	0.0580922323001371	0.0501956531425703	0.0207762431469615	0.163649570918029	0.0597716533612585	15.9178414111197	17.7238261904767
WP_003039615	-0.376340919451058	-0.375013115492522	0.097925272313373	0.0473514887641609	0.00174953148360888	3.05648338117445e-07	0.014557668688238	1.18254288057853e-05	14.1983673768832	17.7980942633256
WP_003039621	-0.591048149453965	-0.582875317091255	0.116829148883684	0.0684188134633898	0.0001587792845866	9.8593565002919e-08	0.00232945924097446	4.36615273219324e-06	14.4355387878551	18.0084546567049
WP_003039646	-0.283139646727646	-0.313285907439267	0.268304636625304	0.185576115799031	0.316555921621166	0.119375127302035	0.541200904578588	0.232834879359151	9.8228357697384	11.0458515118346
WP_003039650	-0.343040342046021	-0.315569261651544	0.193955774647596	0.14761948172754	0.0990739719199179	0.048031903429191	0.26053650634601	0.115399990679983	13.7782965089531	16.287271284022
WP_003039659	-0.0462474871084106	-0.0379081632558579	0.120618545736775	0.0700926291791556	0.707007335819869	0.595325910237316	0.864959627489085	0.74465515193564	14.4070726951867	17.8083983009626
WP_003039668	0.0568342749058957	0.25053168402159	0.30900659621478	0.183000437169535	0.858469821253566	0.197198886934425	0.942119931789101	0.334285838604468	8.33126102120324	11.4723277645988
WP_003039676	0.18218191546364	0.184574961533653	0.0705812114376126	0.0496186216695242	0.0209278265282499	0.00182305702063857	0.0881084364029738	0.00893218330636016	14.9260258800926	16.2313354711276
WP_003039681	-0.168028454483856	-0.168654756025941	0.403498127469734	0.211018304723655	0.683392732867431	0.434791241788418	0.846647663496873	0.593343739409341	14.0382520723736	17.621903425559
WP_003039688	-0.0780549357589063	-0.0641759064051211	0.128115088788635	0.0764464863496421	0.551738264479394	0.413113193964243	0.76611228504922	0.575018466782209	14.5683010184071	16.6135010899727
WP_003039691	-0.0639385308119728	-0.0615512140929795	0.244238082693561	0.148408817127216	0.797187023502073	0.683261924649899	0.916651984757625	0.805995404749211	14.4219529349326	17.8922231608565
WP_003039694	-0.104934290876658	-0.106073142700015	0.0895020558354995	0.0716895292405091	0.258569607009886	0.156779121792049	0.482115571598701	0.283262761112205	15.6462639960335	17.4730175207645
WP_003039700	-0.232474506972318	-0.228020678072088	0.0910455982425131	0.0861062864787477	0.0206054359682653	0.0166470216127467	0.0881084364029738	0.0504809682418968	16.9393522464768	17.4531107505732
WP_003039703	-0.321411411374167	-0.321411411374157	0.0632261172889336	0.0659557686586186	7.89558716611574e-05	0.000118303927839837	0.00137097850117512	0.000968229480944054	17.8895652270646	18.2193445043866
WP_003039707	-0.268162515317357	-0.26546060324098	0.0617273858488006	0.0570962298699693	0.000471614894097043	0.000272378901103216	0.00525850606918203	0.00177331824108954	16.4725009138501	15.8789922854346
WP_003039710	0.0827131935043469	0.0591697321764055	0.163522470684178	0.191472192431642	0.620387749638637	0.761970930603593	0.81240617507905	0.856928876342557	14.8895652270646	13.6435285748089
WP_003039713	-0.545773769095501	-0.545773783701698	0.0836889124162929	0.0873939461080344	1.40621686962434e-05	2.10664581948554e-05	0.000412613634113457	0.000262628512162531	13.8895652270646	14.0558012639178
WP_003039715	-0.00714364002458297	-0.00714364002455159	0.238833449670172	0.246454045622649	0.977126134529998	0.977783853518416	0.985077432188923	0.989245702116919	5.8895652270646	6.21934450438662
WP_003039734	-0.0616744449922992	-0.0637908167070621	0.117027205739672	0.0639651112614157	0.606291581042635	0.332276978864378	0.804084943170325	0.489258228721564	14.2554830778848	17.4279940267401
WP_003039737	0.0681777012971754	-0.120571152804891	0.705479411362613	0.335901760876155	0.926756001559437	0.731512165511626	0.965355209770777	0.841801692004148	5.01410441700853	6.2163793450093
WP_003039743	0.18380721685443	0.17855944326404	0.0723584004026932	0.038821332237328	0.0232588569918225	0.000312751731215922	0.0949949653695314	0.00199379228650151	14.3076532348704	15.6476666034448
WP_003039746	0.246170769519745	0.271932710835698	0.12778255129975	0.0815486434632025	0.073450474276925	0.00402735914505641	0.21164203406823	0.0164915947472748	14.8148166544248	16.6123076435292
WP_003039752	0.0661237802874856	0.0575160221293189	0.0754881599146946	0.0835877801116601	0.392701838609545	0.501992703595529	0.615840436075447	0.657985763357691	17.8365611989655	14.8648387153631
WP_003039755	-0.0216117613672135	-0.0216117613672142	0.150755018373612	0.151375943254872	0.888067387155226	0.888476127838192	0.949745514767875	0.937490856905583	13.8895652270646	14.2193445043866
WP_003039759	-0.0939722642394762	-0.0939720627254111	0.0793000950424076	0.0865292220929067	0.255889359325372	0.297038509425147	0.479523757391243	0.452207880020372	13.8895652270646	13.1097215325586
WP_003039762	NA	NA	NA	NA	NA	NA	NA	NA	NA	NA
WP_003039766	0.511011566999378	0.507776419916342	0.180767425465512	0.0966686977845479	0.0133129710255606	5.3984360030113e-05	0.0651050995328951	0.000531319753980586	14.1815531368157	17.991190548188
WP_003039773	0.401086975571309	0.446185293658583	0.212725830537722	0.107601482763117	0.0801025734269491	0.000704856393300468	0.224294410725078	0.00389580725755234	14.1265509452118	16.6209795696795
WP_003039778	-0.316835197060727	-0.316969064107728	0.0855870885581801	0.0932520841955423	0.00239767029806787	0.00469866963082382	0.0180635296104438	0.0187612360348197	13.8895652270646	13.1114461368262
WP_003039781	-0.226051564490589	-0.239235751089251	0.138564483850466	0.0974098588240146	0.123376378255296	0.0245883206641917	0.295837982268076	0.0677840191283124	15.1809702516873	17.7666086243244
WP_003039788	-0.0727259225532693	-0.0789774957744891	0.131348350316959	0.0965215882280051	0.587789061176953	0.42406311087967	0.790682972293532	0.583802221358269	15.3094504275622	17.7632552148195
WP_003039791	-0.0610477375496522	-0.0622597978023509	0.0590990268087548	0.039388613505063	0.318294187440612	0.132061125789533	0.541369902536312	0.252423480640299	14.7163778887008	17.3049462784778
WP_003039798	-0.141629712321223	-0.139041852146148	0.179079089789682	0.106049605960898	0.441811811970202	0.20616338960513	0.664539190672202	0.344219230858564	14.4402190028961	18.1570255588138
WP_003039802	-0.121507374936317	-0.121507620304344	0.0458386686220846	0.0501578262247258	0.0163202351640111	0.0261556456474203	0.075270165387248	0.0714030034462424	17.8895652270646	18.0486319417849
WP_003039809	-0.0733493479559295	-0.0846391992963104	0.117491997164938	0.0709338900647414	0.542071391115417	0.249128572310692	0.755683866464117	0.399317511617995	14.5958327921728	17.047464556885
WP_003039815	0.252731494582487	0.25273075023833	0.0914801342188586	0.0995645777010622	0.0128711674396113	0.0219144690351787	0.0643558371980567	0.0620340569169164	17.8895652270646	15.9975530832056
WP_003039818	-0.0278086638174713	-0.0207885468532351	0.108319612708588	0.053189734792895	0.801079020973466	0.700536349646852	0.916651984757625	0.818751858649758	14.169558367909	17.8752447995893
WP_003039821	0.710190704047684	0.608494873673533	0.486258695268324	0.311964817362602	0.215518928334718	0.109122375613376	0.434621944078862	0.216316794060439	4.14533087533722	4.95473357780792
WP_003039827	0.0115613368312462	0.0446134177026299	0.202664905216034	0.126043520736083	0.95527555594736	0.727789555109868	0.972723511307129	0.840840055377069	14.7143139674361	16.7545946381255
WP_003039832	-0.21933623204697	-0.216118980590355	0.17163533923216	0.11321436514089	0.224309773361501	0.0741980269029438	0.446317476657921	0.16312713074023	12.6054414617732	16.1547768522743
WP_003039835	-0.325188635446527	-0.316150346160935	0.161853363896287	0.116140361631648	0.0627119626677563	0.0138742856154569	0.193159774515327	0.0444801799328357	15.1271200740812	18.2193445043866
WP_003039842	-0.823225284515337	-0.823225284515364	0.197694629432769	0.209125747851061	0.0061621808817246	0.00712602420028225	0.0370908310335313	0.0256117984481453	5.8895652270646	6.21934450438662
WP_003039844	0.0549184631166005	0.0549195573719998	0.240673142374491	0.258060683783344	0.822088806485674	0.834209007024536	0.929555247753492	0.902572153307351	17.8895652270646	15.698781623877
WP_003039849	0.0348423730511031	0.0195704796385192	0.148013862181999	0.0751783670079597	0.817268058290895	0.797703768061907	0.927492785890872	0.883092581539324	14.1646689200308	17.2197409702533
WP_003039858	-0.0255097372108975	-0.0275747417765296	0.231597440956615	0.140039958250438	0.914073582102175	0.846357650021245	0.958788376334831	0.906119545156333	12.2728033118528	16.1496187490687
WP_003039863	0.154404444808686	0.154405922281634	0.16768651786381	0.174716224612568	0.384449667039062	0.403032282059118	0.612228789854302	0.563688897261439	7.8895652270646	7.86579527487443
WP_003039866	-0.465785429399099	-0.468278122246433	0.332851244412072	0.289825607563935	0.180407672733845	0.123621012302212	0.384176770349328	0.237912136883503	16.3299517888199	17.9215018247045
WP_003039874	-0.74237750717433	-0.742488835662464	0.436010583455666	0.309845116751749	0.112308221997153	0.0291986353770172	0.280770554992881	0.0778354559257053	13.0542154381671	15.9214567500545
WP_003039875	-0.222827200692879	-0.222827200692875	0.132545456315742	0.132948418597089	0.110111210468429	0.110805549685413	0.276518017279951	0.219266008372194	17.8895652270646	18.2193445043866
WP_003039877	0.32651888774969	0.310424708684601	0.198637497607748	0.115793763129902	0.12175859639921	0.0154920443636027	0.292917171134936	0.0481497888530811	14.4732965851794	17.5490512635763
WP_003039880	NA	NA	NA	NA	NA	NA	NA	NA	NA	NA
WP_003039882	-0.429713417308132	-0.440366504258379	0.103223501075094	0.0897461203569952	0.000706251238361621	0.00011908704845836	0.00722449661259823	0.000968229480944054	16.3094312375433	17.6984023839365
WP_003039888	-0.241694113804241	-0.23874059667395	0.0531466264265281	0.0474413330684434	0.000333012758531536	0.000122822913784073	0.00421942302003025	0.000979848949955821	15.9281584959007	15.9908296857791
WP_003039890	-0.0447854832129363	-0.045536633464834	0.127675610151714	0.0532326247415756	0.730960560878287	0.403424406863579	0.879315873474629	0.563688897261439	14.0500042377208	18.2193445043866
WP_003039892	0.778181801946759	0.795529379387905	0.236930634715526	0.111571924687572	0.00541996351573807	1.23018281700212e-06	0.0341427080228698	2.81686759321709e-05	14.0176283884181	17.9543493949717
WP_003039896	-0.0367279948842774	-0.0839529611227105	0.208969811142821	0.146493668614847	0.862857023424571	0.574296278243365	0.943045074023899	0.726248988067748	14.860962211593	16.5441538966463
WP_003039898	NA	NA	NA	NA	NA	NA	NA	NA	NA	NA
WP_003039901	0.157681067102379	0.159830947977604	0.149618336282292	0.0962428031677191	0.309051635962371	0.114140448234201	0.535390470921954	0.224282982344613	14.6103075081675	17.9489040279491
WP_003039904	0.163060719521527	0.16306088083054	0.0509744133097707	0.0564482553431196	0.00500437725352293	0.0101289254634568	0.0322536453044975	0.0346483364938979	17.8895652270646	17.1689985470722
WP_003039908	0.132620082812454	0.132546880106066	0.0800959551950322	0.0541271821364464	0.118697871780667	0.0257158237003779	0.289602028523948	0.0705456092709633	14.8819030487294	16.6691576175315
WP_003039917	0.259026267858401	0.264107892399762	0.0607251109631623	0.0513228973109335	0.000626257238606006	0.000116625650382836	0.00665025543853045	0.000968229480944054	15.5691505813146	15.1165713588117
WP_003039932	-0.0913647079356611	-0.091258614415076	0.155222638175937	0.0968366222030792	0.56510604512815	0.358900670614435	0.773120540267346	0.516927538420277	14.6270884820819	17.386332985476
WP_003039935	-0.585236627783454	-0.550652745924977	0.294093217338648	0.212273185460886	0.067600704854929	0.0207549338177851	0.201458909427637	0.0597716533612585	13.2735606596088	14.5082326262798
WP_003039938	NA	NA	NA	NA	NA	NA	NA	NA	NA	NA
WP_003039948	0.0699544077363458	0.0699548016318226	0.0834097692446472	0.0866269500580284	0.412713554093612	0.430103553687246	0.638923719130408	0.589226113842601	17.8895652270646	17.6511550162054
WP_003039965	-0.470982765228231	-0.470980049321671	0.369797058564779	0.376082157975837	0.220045795352649	0.228023836763319	0.441045444929126	0.373493058172912	16.8895652270646	16.3905833106936
WP_003039968	0.124532142514765	0.123932787161925	0.209624706697668	0.182019641560108	0.56048821261442	0.504516168987694	0.770595351318467	0.658983866826767	16.5695560656679	18.2109433850554
WP_003039971	0.250725282698711	0.225280079813988	0.188326761707377	0.152274941816097	0.201773006122568	0.157171808507238	0.415086534735541	0.283284332266714	15.9704278153196	17.1385449735483
WP_003039974	-0.135909414338532	-0.132583598849351	0.167620257987829	0.104300032935923	0.431406425531346	0.221380798328804	0.655338098729496	0.364741932048338	13.6249447115743	16.4188528634674
WP_003039983	0.0859131689027563	0.0813164248613293	0.191044807188823	0.154697876307823	0.65894310327694	0.605786974321484	0.82734140072806	0.751476846386667	16.0402827815568	17.3514614838828
WP_003039993	0.105007669417019	0.101407588115802	0.0978963242716986	0.0819150944435842	0.29904994210878	0.232860834272803	0.524277807313348	0.379752697753031	16.3069781315918	16.6924761437199
WP_003039996	0.117072795877932	0.113622053688674	0.0835371407183179	0.0561525177317992	0.181525024121935	0.0587724802489975	0.384176770349328	0.13457698538648	14.9303117942804	17.2832758081338
WP_003040002	0.0449860051185314	0.0294675121530319	0.240801377424004	0.117053104829117	0.854483267181571	0.804174545956028	0.940845430341715	0.886329902320888	14.001815440521	17.4782684971729
WP_003040011	0.0590692601898867	0.060843737089403	0.0733686237125551	0.0494079486105219	0.433445185978887	0.233877158879678	0.657539295736679	0.380523884144254	14.8708572438526	18.1421737967229
WP_003040014	0.051622434903432	0.416822425462553	0.438350626974102	0.299875290701845	0.909999469497259	0.194589653491936	0.95737006694987	0.331807889388985	6.16118259474365	10.0364016973024
WP_003040017	NA	NA	NA	NA	NA	NA	NA	NA	NA	8.99651888850597
WP_003040026	-0.310812805294713	-0.310811745789101	0.25830126641231	0.264117412447369	0.246484251570758	0.257226820223875	0.467933930210891	0.408793898429444	15.8895652270646	15.3305616782095
WP_003040032	-0.104142670765451	-0.117094789106089	0.446615837261594	0.376639073400749	0.818522781449882	0.759513413313539	0.927492785890872	0.856928876342557	16.3029530964979	17.696838046612
WP_003040040	0.095747829707329	0.0716486137593445	0.163398980085525	0.108062644453686	0.566598106589474	0.516082871009427	0.773867966568118	0.669241341773365	15.012450165187	17.2346565302637
WP_003040058	-0.340797797391481	-0.335747633206341	0.18412615636657	0.175455673535294	0.0843851663576196	0.0745296793739503	0.232319655527767	0.163324805190571	14.6979270183081	15.3346235715764
WP_003040064	-0.210303914435499	-0.207639152141107	0.251021301760805	0.0794906077522568	0.416292207090753	0.017592017892326	0.64199973845946	0.0526353175338393	13.9283829769269	18.0964191545917
WP_003040067	-0.622509904159862	-0.622877176010066	0.119615308596822	0.114624799162694	6.75256177433845e-05	3.63997453895983e-05	0.00123427973416186	0.000392697253145474	17.3195443957078	18.0352646135829
WP_003040087	-0.105626166340862	-0.105626166340863	0.198094239712616	0.205730370300142	0.617220804025115	0.62864795898404	0.810122116155861	0.76751143632219	4.8895652270646	5.21934450438662
WP_003040096	-0.0453909863142142	-0.0215959686056048	0.14222133950053	0.0840931393695598	0.754207196641513	0.800265454158984	0.891772029963189	0.884628413365891	14.3456279294484	17.8294170686944
WP_003040101	0.292048614600914	0.296112643548408	0.0747702495241141	0.0690073043801721	0.00129212873365848	0.000481518659914774	0.0117131994961724	0.00277058428935578	15.7479322154182	17.2193445043866
WP_003040109	-0.016650670805127	-0.0186430104111039	0.0902152826094937	0.0559685620146089	0.856116931634936	0.742971169616678	0.940845430341715	0.851856899476732	14.5522696468339	17.7107808174652
WP_003040112	0.236059322918153	0.233212751145194	0.129856276001612	0.056114460229418	0.0904521102543987	0.000580128872108604	0.24243774743667	0.00323833131594952	14.0607554453918	18.2193445043866
WP_003040115	0.474807479283319	0.47452169992222	0.223620555795165	0.137551857759986	0.0513073246504056	0.00281792394430848	0.166301357515123	0.0125964568347176	14.5633317583602	18.2193445043866
WP_003040118	0.264683160329698	0.250625347123583	0.140945447658631	0.0778142506444524	0.0810554514320845	0.00499019717836879	0.225942070866936	0.0195087151014975	14.2201801962843	17.0927743980691
WP_003040120	-0.184548232100581	-0.197104893416822	0.207614541562165	0.149189813067763	0.38810902980914	0.202856092441603	0.612466632574305	0.34226245972854	14.9800850589107	18.1543027902465
WP_003040123	0.241555004203537	0.234332563401514	0.124480536343687	0.0723756374558548	0.0723122676539247	0.00509186669239049	0.209969214672203	0.0197002566512487	14.2888030823514	16.1809106522691
WP_003040125	0.221469072533311	0.221468635142433	0.0894278142697113	0.0927623077708189	0.023490912876515	0.0284400241718203	0.0955775061652564	0.0761568189040153	17.8895652270646	17.5606947991464
WP_003040128	0.26275734015735	0.262757340157359	0.0843274072180367	0.0860661138089517	0.00600082303264392	0.00677820183733437	0.0363636830510759	0.0246593912123254	17.8895652270646	18.2193445043866
WP_003040134	0.258886893690898	0.260798322695564	0.0692770851729286	0.0489024534149964	0.00198146903307984	4.3629158305738e-05	0.0157809855134573	0.000449100143293927	15.0080230874923	18.2193445043866
WP_003040140	0.201755904421399	0.200145085339171	0.0740154698364935	0.0570833162675671	0.0156108031236521	0.00256705214259891	0.0728286421877494	0.0117082622113657	15.0216363908403	17.7418366904295
WP_003040143	-0.0197487527235043	-0.0127863039599631	0.100523880373777	0.0580889222164603	0.846996178627403	0.828228341271896	0.939751365589504	0.898715859678015	14.4049941564928	18.2193445043866
WP_003040146	-0.0573565451018197	-0.0408866903696683	0.0964316704785732	0.0566245978039143	0.561186928493807	0.480572097075123	0.770595351318467	0.639622648776143	14.4439593836858	16.1613687706964
WP_003040148	0.182292208268442	0.181561672430863	0.0966508086331329	0.0647873259954603	0.0791518791811678	0.0119881058292815	0.222906205503465	0.0394447353092487	14.7343200466697	17.5286228566694
WP_003040166	-0.242728367393733	-0.243944680043923	0.0344157071782229	0.0392816317468968	1.84971615569343e-06	1.13021664242648e-05	0.000103121675679909	0.000160519376304116	17.1456425311744	16.35870441953
WP_003040169	-0.271622924018306	-0.271623201701395	0.0531218261841169	0.0566926369934743	7.4081749891276e-05	0.000143496082324726	0.00133227663110924	0.00108785543492124	17.8895652270646	18.1283126782402
WP_003040172	-0.149665502027849	-0.142904789486339	0.0490222966041574	0.0417920340332369	0.0077027023634473	0.00323828929102123	0.044270686264143	0.0137990107788498	15.7438350740436	17.1298833238823
WP_003040187	0.295817547833286	0.300076268362462	0.30753143534955	0.229243839186879	0.385585644586626	0.245208003962074	0.612433039478758	0.395292213283688	4.43219932264039	5.21934450438662
WP_003040194	-0.175431538369243	-0.174984592104533	0.0739757064210544	0.0783976962227282	0.0298786094666652	0.0398811967876138	0.113678762810539	0.09908703550893	16.8895652270646	16.4066226590276
WP_003040203	0.0440528408257356	0.0329980538516596	0.15227560837109	0.11502047354821	0.776449360519211	0.777649772053332	0.902753948883129	0.868182133575959	14.5006710628993	17.0755387642568
WP_003040212	0.152008150637343	0.123280746084726	0.329540441777	0.3197947069802	0.661156307402007	0.71097527062389	0.827624748234652	0.827504412489631	5.88573822344252	7.21934450438662
WP_003040215	0.284824199980618	0.284823528164927	0.12460792039086	0.126959650688537	0.0354678834175125	0.0386585882119645	0.1267522115722	0.0972532196722515	16.8895652270646	16.7919572603873
WP_003040218	-0.256824180127148	-0.25682385880099	0.0613154200811429	0.0646326476938036	0.000558617857828925	0.000892444457547407	0.00610645991646325	0.00472322019513297	17.8895652270646	17.9792366946097
WP_003040223	-0.141284978076336	-0.144601285091499	0.0845533261068395	0.066497322140688	0.114697253921351	0.0441048591453028	0.283564164351013	0.107577504263108	15.5754922645103	16.9642700897239
WP_003040227	0.630544036508952	0.585264903719722	0.488653950278845	0.327465821873543	0.220324944238137	0.094651705354687	0.441045444929126	0.19630168836961	12.4761973588264	14.6119563683792
WP_003040230	0.394286982183869	0.407638704918107	0.164500121177883	0.104343419350968	0.0301617730721416	0.00109549698506079	0.11400127788284	0.00569049822795467	14.8429695324481	17.3707859500864
WP_003040233	0.0990431512922848	0.0990432873144944	0.0356652576953533	0.0443047608947593	0.0124837068798177	0.0399174153743639	0.0629834080135598	0.09908703550893	17.8895652270646	16.0750505001403
WP_003040241	-0.262411479796693	-0.262411488865819	0.0437082926753737	0.05182395851483	1.1478819309266e-05	0.000114614943897722	0.000365682386566616	0.000959686321292869	17.8895652270646	16.0250857036544
WP_003040252	-0.138647893323166	-0.128158852234558	0.139842094725058	0.0737865370311833	0.33809546488758	0.0993500053601758	0.561812881296053	0.203043180353583	14.1654174798287	18.1482692169462
WP_003040258	0.115695067952871	0.120860123616674	0.1321084822713	0.0809193441611231	0.39543218735005	0.154859621921887	0.6183827333735	0.282031749376407	14.5058501086993	15.9018279472912
WP_003040261	-0.324233419359835	-0.313283596841585	0.150615083921457	0.088959011030842	0.0488518130915315	0.00248284129405678	0.161600857569573	0.0114487973486019	14.3183174360949	17.7304782481086
WP_003040267	-0.0446041351639109	-0.0446050741365972	0.0827044960815134	0.086449870488279	0.596315716426391	0.612352546604385	0.797386235773512	0.754181731383228	17.8895652270646	17.4569207494788
WP_003040289	0.375710301678082	0.38385237786187	0.138961682304473	0.0614279745020197	0.0170527934417849	6.64431545318043e-06	0.0776076109697557	0.000111267491618932	14.0930706779647	18.0904947356342
WP_003040294	-0.306755117869177	0.0988250436927675	3.38954837888454	0.433333871448257	0.932356418566022	0.826377258999826	0.966150006227801	0.898715859678015	3.89071992075644	6.72755713815646
WP_003040297	-0.311926117025841	-0.3296437270746	0.14674115831905	0.0841772270951273	0.0511873242149167	0.00116664796396333	0.166301357515123	0.00600449089709568	14.4741576385206	16.5205376823942
WP_003040301	0.0518541324643255	-0.0615226256794311	0.218081149449765	0.128456074592732	0.816916837902436	0.640730625484395	0.927492785890872	0.779717745979925	9.87473860755327	11.8055015113358
WP_003040306	0.208535312673868	0.196279111407387	0.133966504705301	0.0933018434291328	0.140314144799666	0.0496778718987519	0.319422461490218	0.118234306014223	15.0658428537187	18.0620809545339
WP_003040317	0.243906370073076	0.220887267133409	0.0921040393791729	0.0714859834824839	0.0176149600190115	0.00667046351524898	0.0788887980446035	0.0244461068404014	15.8819789403053	16.9318063142609
WP_003040326	NA	NA	NA	NA	NA	NA	NA	NA	NA	NA
WP_003040329	0.0712373368459582	0.071237011030212	0.0593325357471464	0.0631284473143488	0.245546007785847	0.27411724398825	0.467933930210891	0.427278294779011	17.8895652270646	17.79389852256
WP_003040333	0.131958765291885	0.149739502058605	0.153451207428539	0.099035589679899	0.403670948752245	0.147779297363573	0.628789845077261	0.27226333602944	14.655149667054	18.1255229771205
WP_003040336	0.166882005258166	0.166881373754104	0.100237957288705	0.104434688412906	0.118327109722054	0.132786440312483	0.289330542412479	0.25304232458431	13.8895652270646	13.7417982692567
WP_003040350	0.0202681208322857	0.0256567031280967	0.14077442544803	0.0828576045164517	0.887521190414637	0.760417262453838	0.949745514767875	0.856928876342557	14.3553670336619	17.8347175424581
WP_003040353	-0.0668746348018569	-0.066928148068547	0.0608151344227186	0.0809012918988084	0.300375814338692	0.431834709264969	0.525006456321273	0.590876272921091	8.8895652270646	8.07819409053374
WP_003040366	0.170414085770609	0.176013487406663	0.125639071378297	0.0495177045647393	0.196387768026719	0.00223037110431878	0.406972971589795	0.0105048091498418	14.0421380407753	18.2193445043866
WP_003040369	0.13469876090169	0.130485357354059	0.140757775065469	0.072538101629352	0.354629206779463	0.0888748418998714	0.578087084150733	0.187439046262511	14.1738211034502	17.9540849776804
WP_003040373	0.0467990701414608	0.0466061637710318	0.232103731737742	0.147122889810138	0.844037832303284	0.756166723671095	0.938287321054997	0.856928876342557	10.5585989712946	13.7479613917338
WP_003040378	0.121671883620551	0.117522284739626	0.194841687697173	0.108767466008312	0.542194702395779	0.294019340500785	0.755683866464117	0.448829523866505	14.2455260759232	18.2193445043866
WP_003040388	0.0567168813633853	0.0444463680077224	0.115391707267515	0.0486490886174172	0.630632494292852	0.37421702114085	0.819453808137934	0.533766967949097	14.0846728538644	16.3255821815784
WP_003040393	0.491790195890206	0.505549227469689	0.119839582104659	0.073937753967912	0.00102675934649155	2.13964278322552e-06	0.00986928164946622	4.52958340146988e-05	14.3267314092883	17.9756784748474
WP_003040395	0.339973325466074	0.304036225827674	0.338296196609859	0.15010253538414	0.332041698619784	0.0581268932859437	0.558411001449562	0.133644209563174	13.9416803809623	17.7402243389086
WP_003040399	0.556013595221911	0.539542764461576	0.186537979950949	0.0862962674081042	0.00990460929316772	7.10805579738889e-06	0.0533191849509827	0.000112528327324909	14.030104263476	17.7977906889685
WP_003040402	0.663650894212901	0.648276467325	0.193767075362245	0.0862298216216718	0.00410301955527004	6.02941246755835e-07	0.028066667509976	1.98350895971663e-05	14.0018878613209	17.9236586066328
WP_003040406	-0.0551508170932358	-0.0454347384191959	0.161905926573087	0.119990999382917	0.737989142610062	0.709501172796164	0.881948439453611	0.826646226248489	15.3721534146647	17.5009580634567
WP_003040411	0.165051474001897	0.165051507983368	0.12244038082866	0.124932771533034	0.194476283503316	0.203291300270418	0.405310385245228	0.342481740095208	17.8895652270646	17.6942668019191
WP_003040413	0.288456514995383	0.294685062380531	0.143129148509661	0.0681406911394875	0.0633620537169992	0.000418321952042775	0.194624490067367	0.00249658101165954	14.0852895118044	17.7880895459233
WP_003040422	0.183473373012518	0.197142608728413	0.256141856394125	0.168259312060996	0.488020983255489	0.259350227978243	0.707409403518761	0.411004174846877	11.5651453143491	15.2193445043866
WP_003040428	-0.0325968116782219	-0.0496245428017691	0.172187321165842	0.112721587340426	0.85277997915013	0.665731041030764	0.940845430341715	0.79684736388238	12.9705341528577	15.7878619781866
WP_003040437	-0.078725161170566	-0.0787250010101901	0.107738026537573	0.110773558344481	0.474418892036604	0.486603622766874	0.696939479078805	0.643073338921593	17.8895652270646	17.5776575470719
WP_003040440	-1.95277634286989	-1.98222741111804	8.94712065488971	1.08109295301125	0.836044042891475	0.121307854930601	0.933122230054049	0.235830219225748	4.88970964797031	5.45538922221403
WP_003040444	-0.131635710596026	-0.118623726501005	0.0821518658234834	0.0774282494794139	0.127583824230838	0.144021806907031	0.30113961798716	0.267094987354858	16.9184702903227	16.8943985761169
WP_003040447	-0.0830965152651074	-0.0830957846800619	0.0804768270866507	0.0860453790938913	0.318294547071263	0.350072063421193	0.541369902536312	0.510105006699453	14.8895652270646	14.4476708905115
WP_003040462	-0.105780951660556	-0.105779837849758	0.10469736168792	0.107570532408704	0.325798889024044	0.338731017978036	0.551462619528758	0.496805493034453	17.8895652270646	17.6382161926748
WP_003040469	-2.26321471774802	-2.26321471774807	1.13534557724126	1.38014648051757	0.0696723851814288	0.139342247101834	0.206608269886418	0.261044842517934	11.8895652270646	8.06995541200753
WP_003040471	-0.035621760025172	-0.023832494904217	0.10618928162379	0.0762129690766012	0.742188312503048	0.758407832739145	0.884123897906943	0.856928876342557	14.1938995107136	16.5489079826303
WP_003040472	1.05731558437536	1.05731426488364	0.765926443883831	0.779268717087897	0.201169166091617	0.209303002717003	0.414609279467936	0.34790810229404	8.8895652270646	8.62087065398068
WP_003040474	0.0870704253821604	0.294785889723309	0.358283310917211	0.197251874086977	0.811883937331977	0.156734238835514	0.924668631384223	0.283262761112205	12.653721572094	14.3382402018311
WP_003040476	0.0487625581432119	0.0555876753590345	0.419866198728319	0.427475694557695	0.908998067545905	0.89830709529975	0.95737006694987	0.941126844241827	15.8895652270646	14.6390992081116
WP_003040477	0.103321586570421	0.0998891797540211	0.0641090073110459	0.0602172168632518	0.125895582126756	0.114631088084773	0.298033065968861	0.224727315342467	16.5910906941787	17.8393402458939
WP_003040479	-0.17342460362778	-0.174062213649947	0.0656530118631573	0.0587814490991596	0.0175273702484402	0.00832264939973241	0.0788887980446035	0.0290903820140179	16.3723220507808	18.1081691779325
WP_003040481	0.0386541454311339	0.0406248541808157	0.0533219216274716	0.0425434806076739	0.479372530298005	0.352621099731156	0.700621774627693	0.511825192624006	15.3987590517079	17.5161062165168
WP_003040482	-0.0669516540620412	-0.0638159894997849	0.0520600858874421	0.038324082093039	0.217907956121194	0.113443839338021	0.438569261868467	0.223697693738594	15.013451785716	17.736443638339
WP_003040486	-0.239571923516369	-0.23682339880794	0.192282762976229	0.120892293870778	0.232501366077746	0.0656029389879328	0.45480530381875	0.147804211936668	14.5320273391631	18.2193445043866
WP_003040487	0.121416810691576	0.121416671502332	0.0386722293669723	0.0455781932794956	0.00569763241844738	0.0164176860546726	0.0349058249811474	0.0501108317600521	17.8895652270646	16.9013057087172
WP_003040489	NA	0.0427512316569694	NA	0.391193029144165	NA	0.917979072915221	NA	0.953678259084146	NA	4.21934450438662
WP_003040499	-0.238285866059666	-0.221282336222025	0.110382560853619	0.0724544384400526	0.0478934263534289	0.00707660651903953	0.160550592400382	0.0255870663043202	14.6514205569892	17.274813521642
WP_003040502	0.966704104261698	0.975989957117584	0.351033891803476	0.307797531956668	0.013673149262523	0.00564634194901616	0.0657136268435912	0.0216218282143213	16.7831699823789	16.8147889651145
WP_003040510	-0.231463292341819	-0.236168352202461	0.0616166273962917	0.0514253554752497	0.00183149945550772	0.000242689458552539	0.0150156021536111	0.00163052438620329	15.3848426685559	17.4707874354157
WP_003040513	-0.243321041045433	-0.228995633022012	0.372066773986681	0.387627788170182	0.522306199193203	0.56319466368075	0.739050015355865	0.716444912301363	16.1998083149669	15.5022784699947
WP_003040522	0.427677330174583	0.439222493824244	0.166550798184651	0.129409794017592	0.0206439177500083	0.00361058346891485	0.0881084364029738	0.015172564240159	16.0001275685149	16.3582920324024
WP_003040524	0.397259356743962	0.407104172997971	0.156026087208503	0.166447078177077	0.0216549994155232	0.0274781943283146	0.0901761465566083	0.0746570504543328	15.8895652270646	14.773157402046
WP_003040533	-0.678029164576065	-0.695682682158735	0.174419737000019	0.147277277033828	0.0021202091865701	0.000324808544811963	0.0165496449201362	0.00204806633989633	12.1208902313595	14.0239628168333
WP_003040540	-0.4675701117123	-0.479953734455443	0.180089630632706	0.104139581872731	0.0208403216477985	0.000211769446670354	0.0881084364029738	0.00146669950101319	14.3100825945085	18.2193445043866
WP_003040552	-0.260322243697468	-0.260322243697463	0.994295117768351	0.969743797802438	0.802378777689186	0.797040437374812	0.916651984757625	0.883092581539324	5.8895652270646	6.21934450438662
WP_003040554	0.504956092262176	-0.348555905930096	1.03151855879021	0.57678408795203	0.641288800744381	0.562405109661058	0.823775360403209	0.716252591418509	6.20680818022621	7.98772666599925
WP_003040562	0.335366233227574	0.158200526974441	0.327389557283751	0.201766102861782	0.341442524494704	0.454285120753103	0.565688580700736	0.614846689366684	6.65610255330426	8.50102460287795
WP_003040565	0.0888553677638202	0.0888567495291663	0.232636352836397	0.232140286696038	0.706997916552417	0.706344327733367	0.864959627489085	0.823823633801286	17.8895652270646	18.1106247254415
WP_003040570	0.449585937249	0.427379099516029	0.332020545987543	0.277818367343285	0.215556892444494	0.157548505645659	0.434621944078862	0.283284332266714	7.40882037716753	9.21934450438662
WP_003040573	-0.30878292216215	-0.308782784954709	0.310977661804458	0.3129587590911	0.333979466418069	0.337074308076742	0.559654641039703	0.495022740395425	17.8895652270646	17.7449655522976
WP_003040596	-0.142444538031359	-0.133980286031723	0.076687232903577	0.0647496358628125	0.0815408716327949	0.055611874280668	0.226728358779467	0.128387907289937	16.1792177450379	15.5134331107984
WP_003040599	-0.0792962590544602	-0.0792962590544653	0.353457337015736	0.34934301752465	0.828996961675652	0.82672812770819	0.930518549658098	0.898715859678015	6.8895652270646	7.21934450438662
WP_003040604	0.214708329612605	0.205258413277649	0.138409556182886	0.0971197796748089	0.1416405561849	0.0500934808740108	0.320994349890577	0.11882639649184	15.0292070068481	16.5269624659531
WP_003040607	0.0582177080973493	0.0582186108044111	0.162858668239538	0.165933204783051	0.725165036800365	0.730115285562658	0.876962056434281	0.84142627416903	16.8895652270646	16.5789392895674
WP_003040622	-0.0567205227141491	-0.0718038202935423	0.0804515744231848	0.0534791073633612	0.491697119037704	0.197473564970665	0.707409403518761	0.334285838604468	14.8602932807852	16.5854068130096
WP_003040628	-1.10023473621292	-1.10023525759196	0.220471029462899	0.231718710655429	0.000113942385105478	0.000238975935722659	0.00174035286839189	0.00162503636291408	16.8895652270646	15.4601064259019
WP_003040632	-0.0453926551608953	-0.11180734709728	0.501865210303544	0.337880000031672	0.929324609206667	0.745370031549691	0.965664602359286	0.851856899476732	12.8625064246678	14.7426279912037
WP_003040691	-0.0605756664466183	-0.0605757329705322	0.178608907859388	0.181988942236699	0.7409449440198	0.74556459472919	0.883918606368233	0.851856899476732	10.8895652270646	10.8893920264873
WP_003040705	-0.0468380006545957	0.183027344640279	0.29108851831339	0.158997018346931	0.876561517789193	0.275325648819294	0.946143361408471	0.428454060992021	7.24641439321459	10.4534603366271
WP_003040711	0.129959848968057	0.117240907768058	0.186769427529205	0.0932665333994006	0.497844119026811	0.225404822804471	0.712626487742353	0.369742998810843	14.1007523285496	17.3389670323811
WP_003040724	0.0811938980515302	0.0811942676655035	0.0452651940745687	0.0522841924681655	0.089776030136976	0.139363512182034	0.241788100489682	0.261044842517934	17.8895652270646	16.5377259060184
WP_003040726	0.0957653413177744	0.103631770854171	0.100443960957096	0.0877051413995962	0.354372889148885	0.253003191920358	0.578087084150733	0.404949474086508	16.217344186073	17.6963821228815
WP_003040733	-0.0955042352407338	-0.0926935852002388	0.215573031007483	0.0968651223484293	0.664523331843009	0.351126927417294	0.828126398139713	0.510316596583166	13.9855350119451	18.2193445043866
WP_003040737	-0.127660312702565	-0.122545241064938	0.143695072425637	0.114981291079246	0.387627867929987	0.301229939107204	0.612466632574305	0.457967468398757	15.820606801375	17.2287605108142
WP_003040742	0.323592819053082	0.327704294964051	0.123571711627574	0.0931345707262399	0.0191633338808859	0.00248434984402489	0.0841625206283665	0.0114487973486019	15.2575312638067	17.8179652205309
WP_003040744	0.265017931223822	0.265016652190791	0.243272816688613	0.252736069407224	0.295932333189637	0.314818189373455	0.522095809345642	0.471596807045416	12.8895652270646	12.1255598057216
WP_003040747	0.0759154387008761	0.0808148386184318	0.199256244475983	0.220631775000819	0.708971738106044	0.719967064412254	0.864959627489085	0.834507279205113	13.8895652270646	13.1697926742311
WP_003040749	0.314345611433711	0.3145590578455	0.0549022981596867	0.0405995554118757	4.0114721118632e-05	5.0622493144585e-07	0.000843922906552352	1.72116476691589e-05	15.0028318371484	17.2755669114307
WP_003040752	0.92926256019652	0.919769257804488	0.106037012717494	0.0752325297381325	7.5829599065227e-07	5.06822610691164e-09	4.69722238654045e-05	3.55409355747179e-07	13.122709526619	14.46909938778
WP_003040758	0.00682553925684033	0.00682508166157937	0.0769683257456544	0.0831586694046043	0.930444440955987	0.935674811144038	0.965664602359286	0.967582615763696	15.8895652270646	14.9862582893
WP_003040762	-0.181106226295673	-0.17684020194101	0.147715638082713	0.102760704080872	0.238956493664211	0.103114341288769	0.460962786220753	0.208458181848647	15.1018740824378	17.2900958564463
WP_003040767	-0.0598731295676457	-0.048260472337067	0.102835576268677	0.0629795553955834	0.569376256641616	0.453908791498894	0.77610577769609	0.614846689366684	14.4737224809271	17.1754730694503
WP_003040769	0.0410855542383382	0.0159131380339553	0.307213411676594	0.140645667569691	0.895521470920134	0.911172856251366	0.954249122180395	0.951010181129333	13.9491557806616	17.946605798096
WP_003040772	0.0414725170673006	0.0177994721473069	0.0904366486645344	0.0896642555615322	0.654409382928242	0.84608761617115	0.82702297303659	0.906119545156333	12.4951559586886	11.5762309942486
WP_003040773	0.108258457738453	0.108489590426278	0.137075511118994	0.126170793531267	0.440626270861137	0.401904676145212	0.664539190672202	0.562967598795166	16.861826308906	16.8905740485434
WP_003040775	0.0562936431156823	0.0470809419899214	0.110313437148328	0.101766583747628	0.616552246813132	0.649527500526297	0.810122116155861	0.786159499018884	16.6076681492263	16.895425208763
WP_003040779	-0.0714073062266391	-0.0724520510944028	0.0626033932030753	0.0525216449249877	0.271260920229519	0.185177436134051	0.494209029503126	0.320137262469037	15.5744977763202	17.4454495995567
WP_003040790	-0.732324570205543	-0.72826037664279	0.246518218841131	0.254199124912255	0.0109193571468406	0.0142767929811812	0.0571600151113957	0.0455072776275152	12.8895652270646	11.9490561101455
WP_003040814	-0.252512290571348	-0.252818310540861	0.0724694868167663	0.0468351107535999	0.00343774820125295	4.09536003501044e-05	0.024260058508842	0.000425462403637195	14.6349810904188	17.8166825333276
WP_003040816	-0.184200578650369	-0.178028444014365	0.0879648363260968	0.0511976024791392	0.0543166463127195	0.00281692186427697	0.171782891444485	0.0125964568347176	14.4661433123793	17.3222255770632
WP_003040818	-0.370984364274586	-0.370581311284198	0.0642750020925236	0.0567276947165072	2.65085604743892e-05	4.78553402973306e-06	0.000603204998549876	8.80224455960737e-05	16.3139216395114	17.2317745822576
WP_003040822	0.108971434726621	0.108971153301893	0.0554278677304367	0.0600750636799018	0.065013429773766	0.0869042369699546	0.198060038791664	0.184322408091284	17.8895652270646	17.4702011335577
WP_003040829	0.0558467436825058	0.0553028772298212	0.0542453979459388	0.0582877317925136	0.316954431111945	0.355526176994297	0.541200904578588	0.514710155596905	17.8895652270646	17.6667577605044
WP_003040830	0.0699839355099463	0.0774456857867815	0.144152594547212	0.0744258097409391	0.634756410110556	0.311685175290429	0.822013237251185	0.468153636781609	14.1631986826395	18.2193445043866
WP_003040831	-0.121416176273364	-0.128640656811391	0.481339799030201	0.188546563688016	0.804541216797183	0.503711590537489	0.918181634318177	0.658699772241332	13.9043281154928	18.0830601823683
WP_003040839	-0.817928345740375	-0.810243121075499	0.26091291498646	0.231771197983474	0.00698773790694639	0.00324682606561172	0.0405798321158606	0.0137990107788498	14.6285626249226	15.0144159821051
WP_003040849	-1.18474612228225	-1.18440436693959	0.0519105508516647	0.0494462001481464	5.78579504038163e-14	4.61166284486165e-15	6.45116147002551e-11	5.17428571193477e-12	16.5891106516238	17.9259511601705
WP_003040851	NA	NA	NA	NA	NA	NA	NA	NA	NA	NA
WP_003040853	-1.25826865487849	-1.25826970490376	0.273664543659402	0.291974977207084	0.00051062329147782	0.00111102683845051	0.005637078910869	0.00574457194811737	12.8895652270646	11.5282740342052
WP_003040855	-0.0614464112815633	-0.0618923097279524	0.202600866034183	0.196042550122873	0.766458082520447	0.757096613609751	0.895479901903144	0.856928876342557	13.0314137308999	13.373578074801
WP_003040860	-0.134267224353436	-0.134273158164794	1.20889978079745	1.20085678134948	0.913584916546481	0.912976610420385	0.958788376334831	0.951682502936145	10.8895652270646	11.0454711719435
WP_003040880	-0.360000355615362	-0.360000881617993	0.144876102671822	0.1493466979961	0.0263376617453854	0.0307695570191847	0.104611629427792	0.0809546147061167	13.8895652270646	13.5529341812738
WP_003040889	0.160091174649927	0.145699792193449	0.0980613673929493	0.0903048122486907	0.129618439727355	0.130410422602767	0.304262232202106	0.249693676041476	11.5004470388415	13.1344195036942
WP_003040892	-0.0284167416237164	-0.0392086983452098	0.0908911806048682	0.0591375847296027	0.758904504118761	0.515885660551239	0.891932424024366	0.669241341773365	14.8252684976701	17.6622276587921
WP_003040894	-0.97871006710465	-0.996956698219578	0.145276670285609	0.0637524826514369	9.16373323569881e-06	2.79826991488775e-11	0.000330142462894639	1.04655294816802e-08	14.1041625979125	16.3989203778951
WP_003040897	-0.304492426842969	-0.30006463682537	0.102406232304464	0.0574318854842035	0.00985493705232154	5.77393679492005e-05	0.0533191849509827	0.000558479058956922	14.3399233794847	17.9500882860268
WP_003040900	-0.229838821218988	-0.220721523783008	0.130994580266298	0.0719587232351403	0.10078234803294	0.00679122271355484	0.261330972224949	0.0246593912123254	14.2631700978381	17.5269045260911
WP_003040906	1.52448720138338	1.52448758942553	0.383314737334945	0.42494345770475	0.00551880675337571	0.0123813300770727	0.0343769247486811	0.0405010272492001	6.8895652270646	5.75679147013158
WP_003040911	-0.359257709532969	-0.362588855511556	0.252684429613658	0.250236711563705	0.173499383873709	0.165942402320127	0.373459098492636	0.295535516512988	16.7022941387684	16.6249286012557
WP_003040916	-0.178185091301779	-0.172435359988332	0.105862911344173	0.0754039191150717	0.113460195037282	0.0351700546216706	0.282384190773593	0.090093153619896	14.6948951495933	17.164742103542
WP_003040921	0.154106973077849	0.14336905579692	0.0780385537736382	0.0529645955103716	0.067082190531496	0.015852499976076	0.20097789351982	0.0488640246515309	14.9344287464963	15.5401193208595
WP_003040924	-0.398179937404568	-0.398180166183209	0.28765852005904	0.294346113273127	0.186690952153998	0.197085205119058	0.392755493682467	0.334285838604468	14.8895652270646	14.3345514735201
WP_003040927	0.163185368531193	0.233156711648991	0.33309341433291	0.245255524984968	0.63162908648921	0.357328873585519	0.819453808137934	0.515988412050132	14.2998699360742	14.5208227120894
WP_003040933	-0.0253354869456234	-0.0199008310732991	0.14487712024884	0.0991298551893004	0.863541722491839	0.843169510678053	0.943045074023899	0.906119545156333	14.8345931266988	17.7727736648445
WP_003040936	0.0551117601431947	-0.0464037730451793	0.286083269761488	0.0985696140620124	0.85149544575033	0.646657162945308	0.940845430341715	0.7835306013225	9.04414780045342	11.4343881153401
WP_003040943	-0.129284994555395	-0.0854969094711978	0.251433670950911	0.127152617487369	0.615061631719848	0.510344405737648	0.810122116155861	0.664233962586752	14.1371767466054	17.0453899618034
WP_003040944	0.194803266301496	-0.0107637741893601	0.407673993057663	0.25235107847729	0.649108999567542	0.966911139743306	0.82702297303659	0.984459436290372	6.21436391666843	8.97599625595723
WP_003040951	-0.463325212662921	-0.463133344654341	0.0785409023897304	0.0613623657155366	2.56028664259157e-05	6.18741654100554e-07	0.000603204998549876	1.98350895971663e-05	15.4904385826669	17.6995040495519
WP_003040954	-0.0755869476716099	-0.0891831563511929	0.165061412762114	0.101974889759373	0.653656553319112	0.394700827462964	0.82702297303659	0.554955298763717	14.790718429207	16.0642931504107
WP_003040959	0.104526281705716	0.0827626681187039	0.274891106650941	0.143321381677089	0.709402205964313	0.571720245724928	0.864959627489085	0.725233679251463	14.1687848141327	15.8887844386917
WP_003040965	0.292301906300433	0.297689659507052	0.073432849342861	0.0508257935134205	0.00122269534974694	1.81827811078944e-05	0.0112669860741144	0.000231830459125653	14.8869998203096	17.1934827940365
WP_003040969	0.143713007786615	0.15569104072118	0.121519934436001	0.0799932557703667	0.25587392088147	0.0675386441148216	0.479523757391243	0.150952905770577	14.5876064142143	17.8449119709795
WP_003040974	-0.0831371632249707	-0.0990400884841699	0.239107557405114	0.198524262643894	0.732580331188609	0.624455008151475	0.880201583270796	0.764560785277602	16.0673443428112	16.4830064620583
WP_003040982	-0.062949325997093	-0.0703341581715269	0.101383078374446	0.089076866043223	0.543342531335332	0.440163087315051	0.756338230260794	0.597897075021171	16.1190483430133	17.793913062936
WP_003040989	-0.275698580993038	-0.284844286683645	0.148319269712716	0.108756704347441	0.0822421816877435	0.0181178123377076	0.228109533785657	0.0534952248497576	15.422229956448	16.7377096612069
WP_003040990	0.100059126749731	0.104872693450337	0.112074544852368	0.0507359550949986	0.386935283206717	0.05349462473602	0.612466632574305	0.125304736855563	14.1170570964019	17.9139830912609
WP_003040992	-0.180961676577343	-0.182667880174687	0.073717809797468	0.0559763981016937	0.0265022582504467	0.00442907966501264	0.104611629427792	0.0179401710618923	15.3152929215649	17.5538710183439
WP_003040995	-1.05672725445962	-1.05605957060563	0.152323578459145	0.140536350733768	2.49063168760359e-06	6.50451661875494e-07	0.000130078841767517	2.02724101284529e-05	16.8847119655024	17.7278006486272
WP_003040999	NA	NA	NA	NA	NA	NA	NA	NA	NA	8.62708836395549
WP_003041006	NA	-3.16697919550859	NA	0.123848283734983	NA	8.6720886684169e-06	NA	0.000126453837400043	NA	4.21934450438662
WP_003041015	0.16359629690616	0.172122506262591	0.18061484017654	0.0836585653630106	0.380338529227894	0.0542463749508348	0.610929396575198	0.126274756628292	14.0386207672802	18.2193445043866
WP_003041024	0.0316925630959465	0.086891356577458	0.235480092331097	0.154462714166451	0.895057460112362	0.581539642582168	0.954249122180395	0.733131998850778	12.6422231263061	16.0121721503617
WP_003041030	0.0941175508187942	0.110344325905975	0.167228988515559	0.0904022852526294	0.582295640709499	0.238983909181893	0.788468739357064	0.38581287208933	14.2799513714965	16.9146109555636
WP_003041040	0.0219134818327061	0.0318296065570883	0.0848259503049762	0.0608975693932509	0.799903049588585	0.607933596467422	0.916651984757625	0.751476846386667	14.0176626088289	17.0316063598114
WP_003041045	-0.222800405029919	-0.20273605293441	0.169378608678769	0.132720189742451	0.207571294594757	0.14428898754435	0.423886434932517	0.267148917532609	15.4437203402699	17.7093339830037
WP_003041048	-0.0400772922421606	-0.0400778829154533	0.23452029244646	0.248062581963385	0.866227840862881	0.873655659662487	0.944413702347225	0.928171292181835	17.8895652270646	16.1321990984554
WP_003041055	-0.154750473212081	-0.0844255834742685	0.197103995847511	0.124464150672853	0.45004266576697	0.510237258839206	0.671750431499561	0.664233962586752	10.3129771093831	12.1980540650742
WP_003041079	0.113747072928788	0.095049453421889	0.307680056778782	0.201536548191821	0.716834059888639	0.64288999354839	0.869717058515595	0.781497911984067	14.8394422488471	17.9093345117203
WP_003041095	0.00776676565866532	0.0177376013518895	0.175393135634263	0.105834995734084	0.965289816791473	0.868746803903994	0.976677083232751	0.924145665765768	14.3519951168862	18.2193445043866
WP_003041097	-0.676525885596694	-0.676526972890286	0.10859422181111	0.1171213824308	0.000265981858107144	0.000387423626086514	0.00344848571848215	0.00234967193767064	7.8895652270646	8.15561798282053
WP_003041109	-0.103649459639682	-0.103649459639688	0.191310093667132	0.199624967051482	0.611728552750647	0.6248683066841	0.809107160518353	0.764560785277602	4.8895652270646	5.21934450438662
WP_003041112	-0.319400046263417	-0.317656366965283	0.0585901086698871	0.0428081182484492	6.55866019031036e-05	1.15181066164016e-06	0.00121881768536601	2.73240175192613e-05	15.0834171134592	16.6144225833847
WP_003041114	0.104791044119788	0.10164465644912	0.0641532630195506	0.0598782242986772	0.12116811390066	0.10690534672346	0.292917171134936	0.21381069344692	16.624691405686	17.9104465082418
WP_003041123	0.058608412658095	0.0578386555288677	0.109252718920296	0.0659852799759903	0.599782469221672	0.392268701316414	0.797787947003398	0.552227707499393	14.5013646736209	18.0264868120745
WP_003041126	0.340643737900852	0.341581509694976	0.081342129254471	0.0815127079535853	0.000577504048269843	0.000549316746654016	0.00625162149340656	0.00309715271229048	17.5992701490515	18.0058758117169
WP_003041130	0.0555273633378784	0.0514880230885735	0.243420584683082	0.124413836223198	0.822843972675064	0.683874888878119	0.929555247753492	0.805995404749211	14.0542854871083	18.0079089339243
WP_003041134	-0.57508775400135	-0.579889548005346	0.140514315853551	0.120180127378957	0.00110997315843685	0.000216695577267013	0.0104883056920092	0.00149161004719993	13.919980542551	15.1478484513898
WP_003041142	0.213810352348464	0.214251923977893	0.0611016523096704	0.0636457547224261	0.00266811985317636	0.00366377637185544	0.0195720633966555	0.0152250262563771	17.4098275860478	17.0064842768035
WP_003041145	-0.133057394732573	-0.170176259861132	0.351604577131285	0.211415470954051	0.710585667067266	0.432381909004958	0.864959627489085	0.590904387215059	14.5246426505665	16.384445227939
WP_003041148	-0.457843106651807	-0.454735687586671	0.136084186442328	0.141092785902552	0.00347659832376532	0.00506279364473088	0.0243799190628826	0.0197002566512487	17.8895652270646	16.7739841839251
WP_003041151	0.0314218954676082	0.0177131420095609	0.1189544563802	0.0715374028095161	0.795370525447939	0.807293321064011	0.916651984757625	0.887152895429795	14.5424434323052	17.6681792446614
WP_003041158	-0.313962027931609	-0.180123479709101	0.407506278503079	0.215492153078662	0.458043388125793	0.419359120237852	0.680957837013679	0.580173776703909	10.4849875157309	12.1528254442668
WP_003041161	-0.110486886115649	-0.10975712433628	0.0837427151389816	0.0591482472551234	0.206855857710725	0.0803901291953761	0.423200516233869	0.173457163379254	14.9829877826985	17.5403050939353
WP_003041168	-0.289002383791513	-0.286177826073985	0.073646404122068	0.0523181903065895	0.00135614737111763	3.25596580638871e-05	0.0120968345503692	0.000365319363476814	14.9789165829575	18.2193445043866
WP_003041209	0.123207310097245	0.123206851226354	0.0886097064472407	0.0945945967083939	0.181449914438289	0.21048735099567	0.384176770349328	0.348599271592278	17.8895652270646	16.646695082524
WP_003041213	0.366163722459138	0.380794706969286	0.104242598486888	0.0749724523480177	0.00304525410687177	9.16612954469949e-05	0.0221925380990982	0.000812770055693467	15.3550923213818	17.0752755524687
WP_003041231	-0.340179750854906	-0.339305627984763	0.105153689458328	0.10455529654511	0.00476810244817356	0.00477108576670468	0.0312731425277266	0.0189157534637549	17.3433321631422	16.9636579764552
WP_003041237	0.00371606429432867	0.00510918534725207	0.0500407308312228	0.0470285946942342	0.941704461969606	0.914783836328455	0.969843790795877	0.952121952096963	16.3389845091718	16.6855100744393
WP_003041240	0.119329055277588	0.130084799297039	0.0517706110480443	0.0445696881821345	0.0352523751762299	0.010864913458447	0.12660333543169	0.0364983020969386	15.6266067095219	14.5396942326747
WP_003041244	0.109333072295719	0.109333288913228	0.0255840596203022	0.0332869585436197	0.000462911624801103	0.00418009016797857	0.0052136006227599	0.0169929752480868	17.8895652270646	17.7469966781855
WP_003041254	-0.14791685617322	-0.144762858043832	0.0929226478016866	0.0750302347904518	0.131153732610635	0.0705097828962174	0.305336388582525	0.156657379028824	15.8616220283767	17.0355749057176
WP_003041257	-0.2268100948115	-0.228245355001087	0.21137731021127	0.139726926974848	0.300407281733607	0.119530205446409	0.525006456321273	0.232834879359151	14.8385540700034	18.2118179214068
WP_003041263	0.0732478802502242	0.0706014216358802	0.108171385196177	0.0559945085389589	0.509173834730489	0.223815598372119	0.726715164881327	0.367737263643046	14.2281338573303	17.6015088367986
WP_003041277	-0.0993980838295555	-0.157821657858251	0.21029590374407	0.135815724327957	0.643239235505919	0.26093249129812	0.825329974210702	0.412422563836126	15.0484640415055	17.381428860048
WP_003041281	-0.197521620590599	-0.195288307353278	0.0888522372974227	0.0413236972990442	0.0429615410840098	0.00016930241802353	0.147846044162565	0.0012334890456	14.1830549492286	17.9723041319699
WP_003041283	-0.2797389367841	-0.272988994970154	0.0534573541204023	0.056876492255053	6.44410414925768e-05	0.000187583532546504	0.00121881768536601	0.00131542952198236	17.2481659272298	16.2769002426187
WP_003041286	-0.116675297344332	-0.109746383311685	0.0781409822513301	0.0572421974513504	0.156379364873646	0.0716344551095209	0.345958317131181	0.158528320774916	14.8227814342677	17.5505179194612
WP_003041289	-0.348213636088323	-0.348214239008524	0.181676960798981	0.188501711822702	0.0713964144472473	0.0823376663436048	0.209870016817227	0.177318352471256	17.8895652270646	16.854873539134
WP_003041292	0.0392694685372957	0.0392692946099873	0.112728172235253	0.132721604001672	0.736685931141648	0.775761464473683	0.881948439453611	0.866936616672781	7.8895652270646	7.12510018807818
WP_003041295	0.185940343448813	0.132147615241195	0.367057552953412	0.198424143973954	0.622312189539932	0.516544565040761	0.813456144592057	0.669241341773365	11.1632117887157	13.6170366173489
WP_003041303	-0.0428985533913742	-0.0441847504324568	0.0746056916282667	0.0430748644025943	0.574122871060181	0.318762131134188	0.780667074673295	0.474661287977457	14.4673979016411	17.7716358466293
WP_003041311	0.109944500211295	0.105634412084015	0.0745910124550635	0.0521252119044493	0.161212010755022	0.0589224249251934	0.355239905122231	0.134645541275085	14.9670884712881	16.7630391028282
WP_003041313	-0.22037798535576	-0.21408525120922	0.125991795386861	0.0963910102588056	0.10017699732975	0.0396023033482253	0.260909131530927	0.0987417430149085	15.3893329232898	17.7631886081874
WP_003041342	-0.186653447371325	-0.189129959992793	0.103833654187608	0.0662836279169625	0.09290006486843	0.0105837486045764	0.248401852106234	0.0356605583613656	14.6321550307035	17.9319169202574
WP_003041344	-0.186837286967164	-0.200491471991596	0.185909364358836	0.129378741140537	0.330847711169225	0.138883426524695	0.558086532456408	0.261044842517934	14.9914798379307	17.7381429838621
WP_003041347	0.0669330142006666	0.0669331409702302	0.0617107307408729	0.0662562143639819	0.292488884113812	0.326254366209142	0.519307493291243	0.482925328346514	17.8895652270646	17.374226247551
WP_003041349	-0.206512034760763	-0.209496388586995	0.0843373447708997	0.0651608141096487	0.0265516512359329	0.0049101066818199	0.104611629427792	0.0192627262132934	15.6301728200516	17.5914512473698
WP_003041352	-0.108312079394936	-0.105208054850437	0.0896884589573773	0.065531794996455	0.245753038183913	0.1262650607413	0.467933930210891	0.242169911370494	15.1046259558036	17.5226803767847
WP_003041357	0.0643569626112412	-0.126718146117298	0.345604346859222	0.173019348965284	0.855049836560285	0.475183496080132	0.940845430341715	0.635465891063062	13.4747350481359	15.0467775322865
WP_003041364	-0.0832987635800349	-0.0859181602926893	0.0523442382555289	0.0438815024395597	0.13139583327299	0.065864934172912	0.305336388582525	0.148097106497009	15.7504176853691	18.0627362626854
WP_003041366	0.185815555606938	0.156744848927429	0.309476128390806	0.223479092033653	0.55706872088832	0.492806335554	0.768727257166432	0.648977357384493	15.2084505723728	16.5535163168119
WP_003041372	-0.266630280122245	-0.270126549226358	0.104013621635501	0.0713571734258204	0.024972803957767	0.00194660897090849	0.100522297519531	0.00949606637112749	11.9076615563477	14.2661643796163
WP_003041384	-0.296439649049292	-0.246219217192942	0.280205465247753	0.222089914831006	0.30731276954768	0.28425035689151	0.533728563934054	0.438089148945431	14.5674734921342	15.7259786290422
WP_003041395	0.137040326502821	0.144693880737709	0.211052172395918	0.228497857667364	0.528476279028469	0.539088100154871	0.74588740647689	0.690475854307951	11.8895652270646	11.3862078168917
WP_003041398	0.228990901273883	0.221559190324196	0.115834975441081	0.0643490938830241	0.0677552385967388	0.00291392492346786	0.201458909427637	0.0129007014682071	14.2370377531249	17.9312974886011
WP_003041399	-0.255348304705066	-0.269468773437711	0.193318965017292	0.159062292323083	0.205257867893636	0.10771727225978	0.420703166730523	0.214669235302795	15.8865596682501	17.751055165724
WP_003041406	0.488219265686721	0.46557003561825	0.0905745409829212	0.0540380396516593	8.2670866980269e-05	1.95537080390231e-07	0.00139663661640909	7.83545014992284e-06	14.5860289586763	16.1419757066023
WP_003041408	0.223528993134158	0.226152628735014	0.0667752237961313	0.0435528477884461	0.00451571083065584	6.84301926509247e-05	0.0301498058453967	0.000650666747070657	14.6978297161192	17.3808223399262
WP_003041448	0.208136443000381	0.20725024074358	0.125082289192581	0.117994779227897	0.114289032755623	0.0960050239044626	0.283182825605598	0.198375021769442	17.1382950869733	18.0086004235447
WP_003041451	-0.403467993535642	-0.404235320278736	0.0722245908726991	0.0508950437462983	5.3969159765055e-05	4.2450803431774e-07	0.00109410205705521	1.48843129532658e-05	14.8470869422045	16.8689971976381
WP_003041455	NA	NA	NA	NA	NA	NA	NA	NA	NA	NA
WP_003041458	0.162410748794482	0.116199638131438	0.247867498838292	0.201739905999204	0.521534398506092	0.572042607965726	0.738895621771655	0.725233679251463	16.1651039168369	17.2970823317985
WP_003041472	-0.146543028753877	-0.137281200176033	0.0751392546076584	0.0523386742468098	0.0700950654738674	0.0178840303282642	0.207310339531465	0.0532251512687332	14.9914584004212	16.8841732242572
WP_003041481	0.326114916378661	0.326113596280186	0.289487362090766	0.298524864401818	0.275695302410364	0.290843657297869	0.49884229739003	0.445801343563127	16.8895652270646	15.9825039601872
WP_003041490	-0.132557855406388	-0.131368628086757	0.0496002522779703	0.0419700136823135	0.0168905833587666	0.00573125966452577	0.0771844280533802	0.0217982147240607	15.6923207773343	18.189390015074
WP_003041497	-0.385697692703935	-0.396011623370302	0.150113138086732	0.145663326638743	0.0217555008284553	0.0157832995710514	0.0901761465566083	0.0487847441287043	14.5442143632958	15.0974666181546
WP_003041504	0.0545273807776593	0.0545256330516507	0.251279499524356	0.256432356057763	0.83115451502961	0.834585056451576	0.930518549658098	0.902572153307351	14.8895652270646	14.4483217003586
WP_003041518	0.979789230486119	0.523897064503735	1.05730919324791	0.706277240432076	0.382794482940545	0.476802740265429	0.612228789854302	0.636114951935566	7.54028956416812	9.16505682966251
WP_003041521	-0.736375349663585	-0.661327190652042	0.299937714044623	0.201154481529336	0.0413259695452926	0.0085890853287709	0.142657758647063	0.0297436843792622	7.55466196988371	9.63849024994912
WP_003041523	-0.0329197054407805	-0.0385711571181386	0.152215634018799	0.0974404974232351	0.831770255133571	0.696895388730128	0.930518549658098	0.816196895777874	14.5976215749355	17.914418964939
WP_003041526	NA	NA	NA	NA	NA	NA	NA	NA	NA	NA
WP_003041529	-0.0477639805498287	-0.0380333759589034	0.323146831085015	0.148801725870677	0.884609245279851	0.801142433283218	0.949745514767875	0.884726191086388	13.9465793182777	18.1071327143257
WP_003041536	0.103955094244804	0.110902537203381	0.0843435035595116	0.0645052103701683	0.236347671941633	0.102902933806706	0.458310086551434	0.208406302763762	15.309677256583	17.8013973354894
WP_003041540	-0.0163728802165135	-0.0292535895185487	0.10193369395598	0.0704295253597564	0.874562419979307	0.682729289081794	0.946143361408471	0.805995404749211	14.7994368134319	18.2193445043866
WP_003041552	1.04031982972645	1.04032322337929	0.424383092030311	0.422916387638551	0.0402559234992787	0.03916922711585	0.140706441071147	0.0978794494966229	7.8895652270646	8.04398886133332
WP_003041555	-0.170871431893012	-0.170871593840216	0.144420544265622	0.153394002794078	0.253136169721218	0.282429494412395	0.476768292633714	0.436686529652983	16.8895652270646	15.3635150597543
WP_003041562	0.0113385643292328	0.0104267927755978	0.0690482538428804	0.0623079374099474	0.871571031134793	0.86896049677619	0.944413702347225	0.924145665765768	16.3993068325794	18.0528676067498
WP_003041569	0.599818009823245	0.46816659345594	0.644954682699138	0.394794244668933	0.388636938668735	0.265344091897115	0.612466632574305	0.418140549309779	5.93305304497133	9.21934450438662
WP_003041573	NA	NA	NA	NA	NA	NA	NA	NA	NA	NA
WP_003041577	0.0990832912703976	0.0911549075458867	0.252087991983386	0.149713190541439	0.700028524574672	0.550135428662205	0.860750006973525	0.703822064947541	14.4282147777561	18.2107486817091
WP_003041579	-0.578073690038453	-0.582916778630314	0.338427394537396	0.290985088557239	0.121247361594966	0.074294085390604	0.292917171134936	0.16312713074023	9.14759956287163	9.56184664509032
WP_003041582	-0.193676761543219	-0.212851768532519	0.124980901688992	0.061885767488806	0.143199187493253	0.0032208857386844	0.323067345393695	0.0137990107788498	14.2142195400245	16.5959591026038
WP_003041587	-0.241179525382364	-0.229403029693949	0.0663618110012571	0.0462326737667622	0.00247069133541734	0.000124042008651923	0.0183654722599355	0.000980106575404631	14.9018548263385	16.7400240200087
WP_003041589	-0.200046762240494	-0.200047031779929	0.0531431662318782	0.0570995887901697	0.00156143944820844	0.00269143997413049	0.013392346036557	0.0121765953668323	16.8895652270646	17.1610833613462
WP_003041590	-0.0982193354340408	-0.0841141843007736	0.120607132148429	0.0631233057073618	0.428824441058583	0.199557928884178	0.654089263721368	0.337204813566337	14.2567374647577	17.7293350935502
WP_003041796	0.0598580352772567	0.0438218388928974	0.18508399259739	0.127184651415231	0.750856529002281	0.734388986034745	0.889380172544369	0.84424635484732	14.9765062831249	18.1580533136918
WP_003042287	-0.378118039198366	-0.397536873978207	0.381973822920221	0.351607405708722	0.336197037994347	0.273149086718636	0.560328396657245	0.426843001808231	16.8821166470046	17.8819040557668
WP_003042802	-0.411279446810428	-0.409890935935824	0.168127665419036	0.102961786523829	0.0277012560097186	0.000859139623651061	0.107246182120959	0.0045685054869028	14.5250551417494	18.2097526130779
WP_003043247	-0.208106592033457	-0.204851565551749	0.0676889842273816	0.0409730370820524	0.00792906833074396	9.19980366070145e-05	0.0453120926304594	0.000812770055693467	14.565053111191	18.0615669506772
WP_004338933	-0.101014470741078	-0.101782834349203	0.0612652393402903	0.0469253383620361	0.119419843499615	0.0442010291639851	0.290423652687077	0.107578209809092	15.4100694438036	17.4059554332316
WP_004339068	0.198769199256913	0.197895785161542	0.0531002609261401	0.0577675177346229	0.00150142458690324	0.00322293209409776	0.0129774295689699	0.0137990107788498	17.8895652270646	17.0010594984492
WP_004339137	0.138150991502672	0.135638017140454	0.178572889969923	0.103788953776132	0.451681873460583	0.207514572889182	0.673295840786832	0.345447107984663	14.3728978220601	18.2193445043866
WP_004339561	0.0413783392008286	0.0358467081142021	0.0981913904285842	0.065776097343148	0.679477445893805	0.592962030201184	0.842733428444486	0.74335575182763	14.8953720760017	16.7210373144887
WP_011457527	-0.275600045322027	-0.269908245325	0.0758204830505743	0.0598750445795569	0.00233871380332609	0.000270027864932782	0.017860725278826	0.00177331824108954	15.4671288681012	18.0644815332586
WP_011648734	0.423458877570424	0.244348900958628	1.50266788323539	0.797530310762305	0.782550546195854	0.762987475460085	0.907010248449456	0.856928876342557	12.937428929638	17.2193445043866
WP_011733557	-0.130383439480269	-0.130383040447609	0.0407302535863613	0.0461013642181537	0.00497951332307898	0.011266755374055	0.0322536453044975	0.0374002944665378	17.8895652270646	17.7125099617238
WP_011733562	-0.0606912827672111	-0.0549223003284417	0.103615729673401	0.0603627255633756	0.567040474157984	0.376065376259794	0.773867966568118	0.533992414669773	14.5316043639626	16.4049631806496
WP_011733564	NA	NA	NA	NA	NA	NA	NA	NA	NA	9.207785504229
WP_011733565	-2.71915831946352	-2.72426824706301	0.22232776698187	0.131185373251533	6.19501737397318e-07	2.62696678359545e-10	4.6049629146534e-05	4.18817505430075e-08	9.05470100994672	11.2193445043866
WP_011733568	0.38463315801244	0.399370323992431	0.183936331236087	0.0872648762444247	0.0551798763889946	0.00023066079693618	0.171933343393699	0.00157805740342923	14.0382590710266	18.1106142847508
WP_011733570	0.127888312072148	0.126508686556378	0.121543717537494	0.0804336419811816	0.309575636129796	0.133128079899028	0.535390470921954	0.25304232458431	14.8081623016642	18.0435211021102
WP_011733571	-0.0500054168927234	-0.063312392334731	0.103753487664762	0.0537280456574912	0.637132087028905	0.254857949734786	0.822413276599508	0.40675763812579	14.2856490818198	17.017820570924
WP_011733574	0.0782344304772221	0.0788898888055828	0.107873884361028	0.087878814901577	0.478988326955051	0.381647203684525	0.700621774627693	0.540666871886411	15.68191000442	17.3221951711192
WP_011733575	-0.0191566641212328	-0.0101817004762766	0.114620714072998	0.0889204534550868	0.869428693575598	0.910215425663491	0.944413702347225	0.950895444687557	15.494970458188	16.5614420515632
WP_011733577	-0.0886105000476562	-0.0274673611277009	0.157387851970143	0.119343221346981	0.58691666085106	0.821828851351349	0.790682972293532	0.898715859678015	9.17910422781258	12.0619974321996
WP_011733579	0.0563105286159028	0.0543421811912071	0.0490897339100715	0.0382532141545993	0.269137865593678	0.172704536040823	0.492665631392641	0.306120836394635	15.1487035015664	17.8122385735587
WP_011733581	0.0500038980370767	0.0423809499757194	0.145338776170865	0.084769293631666	0.735778145555709	0.623175756169806	0.881948439453611	0.764156501008221	14.4073034975433	17.9604939681418
WP_011733582	-0.100836706164938	-0.105199604379934	0.0802442037064072	0.0460675957578355	0.228865053444421	0.0352839204380397	0.450453644493712	0.0901789492744431	14.4206333834597	17.3082105408739
WP_011733584	-0.226476376467792	-0.226476298572742	0.11897731430225	0.123864475183855	0.0731874437713906	0.0850400267347387	0.21164203406823	0.181685100436504	17.8895652270646	17.0463548631444
WP_011733586	0.0148234484702185	0.0159591859359878	0.0683214173650338	0.0767422659081165	0.832740150922583	0.839347610078188	0.930518549658098	0.904946605887112	9.67729411209724	10.2193445043866
WP_011733587	-0.264682288789751	-0.278298528408882	0.238343415640595	0.17848104482386	0.283719932450629	0.136135895371212	0.509416625897667	0.256951171916119	15.4917995516538	18.2193445043866
WP_011733588	-0.402552468460196	-0.400516123184429	0.0471069186537224	0.0459149311492008	1.76725387954702e-07	9.87795838481447e-08	1.64207339641244e-05	4.36615273219324e-06	16.5953181385965	17.2370232306682
WP_011733589	-0.0674082239234285	-0.0511809347183455	0.124460525606106	0.0792973779862056	0.596311831459485	0.526816036583287	0.797386235773512	0.680976489684848	14.508291434666	17.9439929896352
WP_011733590	-0.314178677138416	-0.301730323755504	0.190713228798103	0.115717621561835	0.124666388152059	0.018897954043149	0.296381711704787	0.05536163038228	12.35139827558	16.2193445043866
WP_011733592	0.217939204551941	0.231080750456426	0.11561998363293	0.068878920838097	0.0797602439807969	0.00356074930413029	0.224011768359165	0.0150760781857894	14.4127323863978	17.8424161409176
WP_011733594	0.184911752790648	0.20484329462992	0.283506538988501	0.174349815752671	0.534601586160571	0.266684708899429	0.750090048294019	0.419663735463056	7.16783231726911	10.2193445043866
WP_011733596	0.0234638389390162	0.039944301843982	0.119455334689134	0.0692785521206107	0.847040468535831	0.571393146751489	0.939751365589504	0.725233679251463	14.3124004442027	17.9334963340464
WP_011733599	-0.211155212889055	-0.212006175595627	0.109247243673021	0.0823170423638748	0.0718895054059157	0.0202422948169864	0.209870016817227	0.0588390020327947	15.3781187935318	16.1183511724478
WP_011733600	0.129075305198141	0.100742088162347	0.237744830232334	0.123443290182345	0.597860890678615	0.428893398852684	0.797386235773512	0.588286544636566	11.1633158572476	13.2291836188928
WP_011733603	-0.48368308246536	-0.483683091019838	0.105086574151616	0.108762616606123	0.000257639996753528	0.000378605826929895	0.00337963054564922	0.00233091833250023	16.8895652270646	16.492021354126
WP_011733604	-0.059382018277085	-0.0283941836858857	0.197237781257148	0.0854540955201787	0.767783664770767	0.743592982326518	0.895479901903144	0.851856899476732	14.0125930390272	17.6631518488352
WP_011733605	0.0119770119878439	0.0369670499150768	0.113617019993972	0.0646541419038492	0.917499795989935	0.574785295369127	0.96057490378289	0.726248988067748	14.4057114921635	17.4189499326854
WP_011733606	-0.174189011601357	-0.177580127043579	0.148012092283828	0.154585454508981	0.258033139934883	0.269510794135507	0.481921191000661	0.422924630797257	14.6400260030109	14.3007697334597
WP_011733607	-0.0252883380060389	-0.0409866421251038	0.148930558757127	0.132095267568103	0.86758418362744	0.760551153530779	0.944413702347225	0.856928876342557	14.075082950603	15.2363861352181
WP_011733608	-0.227305701755511	-0.22762504088689	0.161656862401974	0.0683176153761889	0.181489889538767	0.00366298866171502	0.384176770349328	0.0152250262563771	14.0067859299425	18.2193445043866
WP_011733610	0.0181274756768141	0.0183900627200509	0.058473798704318	0.0599657856776508	0.76028117306722	0.762776194516908	0.891932424024366	0.856928876342557	17.1845254709514	17.1783045590024
WP_011733611	0.101887386611741	0.0481758290573777	0.246726365352489	0.146397282494426	0.70017960208519	0.752898620821647	0.860750006973525	0.856746706452219	4.13034471650628	6.21934450438662
WP_011733612	-0.0155787406993367	-0.019199208428607	0.0833418400371178	0.063288655522805	0.854203845037467	0.765142246462301	0.940845430341715	0.857631968562139	15.1203976114089	17.7533401931021
WP_011733614	NA	NA	NA	NA	NA	NA	NA	NA	NA	NA
WP_011733615	-0.385866175470984	-0.403805090740059	0.312723923651658	0.280729133876546	0.234817915298251	0.168939372759275	0.456931894515795	0.299920848474535	16.2270749491728	16.5673583304905
WP_011733616	-0.135478157269333	-0.133558996500124	0.0983340503634796	0.101221533629179	0.185277523233453	0.204373214933699	0.390518787155578	0.342844237824391	17.8895652270646	17.1329131691072
WP_011733617	-0.296769242792063	-0.297614655623413	0.104249738804258	0.109455684921947	0.01123709419026	0.0148347963209869	0.0580062963987959	0.0467546108768182	16.8213958658926	16.5532182185722
WP_011733619	0.063340886950682	0.0681213645872189	0.0955455472046054	0.09716146681724	0.516306555777245	0.49352506822826	0.735225810589563	0.649161930307278	16.9072383382819	15.6503435196935
WP_011733622	0.0519641176726029	-0.095538638324276	0.623011343975134	0.478702993885426	0.934671906047756	0.84436507536168	0.966214244617815	0.906119545156333	14.4464791980149	15.7460843110651
WP_011733623	0.0428229673276531	0.0409056264645564	0.0908364318624137	0.0496906739548708	0.644417203752369	0.421627979828627	0.825891014004473	0.581877728619581	14.3587652766912	17.2479270703888
WP_011733625	-0.304485413562052	-0.304484918432369	0.105956584346114	0.110546328250362	0.0101479490435396	0.0134845791373488	0.0538807770645078	0.0434761430807624	17.8895652270646	17.1128201697727
WP_011733627	0.0855592710769263	0.0648194267737315	0.250203981928961	0.159330389430094	0.737203448919424	0.689064701100362	0.881948439453611	0.810792880025886	14.7576867144467	17.518004880099
WP_011733629	0.24260983306467	-0.0092068711815459	0.682838840789714	0.388018588390037	0.727935223229406	0.981352337929184	0.879315873474629	0.991866198463194	13.3097464500202	16.6117997110633
WP_011733630	NA	NA	NA	NA	NA	NA	NA	NA	NA	NA
WP_011733631	0.0620837829627928	0.0620745060140865	0.754161667829689	0.750877552376391	0.935884649495283	0.935598608320523	0.966214244617815	0.967582615763696	10.8895652270646	11.0080079659146
WP_011733632	NA	NA	NA	NA	NA	NA	NA	NA	NA	10.2193445043866
WP_011733633	0.555123651855377	0.503446077564907	0.493018278520121	0.234528711538126	0.282236630224587	0.0487561576889848	0.507570714032926	0.116889762664617	11.9758711356816	14.8531812151231
WP_011733635	-0.557435478339679	-0.557436129579623	0.2957953134989	0.314077365138537	0.0791666882326208	0.0987770609644751	0.222906205503465	0.20261035174066	14.8895652270646	13.3148867728262
WP_011733639	-0.120312471746592	-0.105975044857586	0.114229577749024	0.0615556190313657	0.309710182730637	0.10346139800899	0.535390470921954	0.208563941930147	14.2899617251708	16.8346522037847
WP_011733643	-0.0574510839197694	-0.0537663866532511	0.130681408961642	0.1348587395203	0.665471975545455	0.695570449056848	0.828126398139713	0.815496388549408	17.8895652270646	15.4772802937288
WP_011733644	0.190886652083713	0.19483889552358	0.106706843978981	0.0634473083712437	0.0946046560766742	0.00662199092047293	0.252354525180602	0.0244403743841139	14.4540436660644	17.8848866240996
WP_011733645	0.240579622169627	0.262840282844271	0.0663303530830126	0.0421156267191901	0.00251743554958555	1.32871167808492e-05	0.0185890108462774	0.000176094475772526	14.8629052576978	15.5852609663691
WP_011733646	0.0345059113730585	0.0121145211971332	0.148691966791785	0.082271109509092	0.819785119772579	0.88463829544289	0.927980110199416	0.936381290082002	14.2653779534541	17.2787350744977
WP_011733647	-0.264784424664194	-0.262275121599846	0.273552790569136	0.278314236209243	0.372831482387926	0.384254423767077	0.60412966003075	0.542989248698565	5.62416589817722	5.69265053593117
WP_011733649	0.0560095122879204	0.056009457833057	0.0955447028102518	0.100750977185686	0.56505652003475	0.585546538503406	0.773120540267346	0.736528269283432	17.8895652270646	16.9110004670968
WP_011733650	-0.379603199976318	-0.379603416604994	0.204719387969922	0.210011692713887	0.0802632016854763	0.0882154820403024	0.224294410725078	0.186398815158605	17.8895652270646	17.1855928079077
WP_011733652	-0.253757147613928	-0.253756441125149	0.162186567559889	0.165239682954996	0.143890207829986	0.150675551011738	0.323462866392004	0.276690619042831	11.8895652270646	11.9419026398908
WP_011733653	-0.288073361253921	-0.286865176014102	0.163020050612343	0.0955630811436205	0.0983709840463542	0.0075802728020736	0.25991385595186	0.0269147660883752	14.4123561432083	18.2193445043866
WP_011733656	-0.182531718566991	-0.1983891898915	0.253092912010432	0.103322910787329	0.482676154641485	0.0721190930909214	0.704429204745099	0.159286658362232	13.974425963197	16.6754304132
WP_011733659	-0.305072488433278	-0.224991602631907	0.636420311134087	0.305461730448957	0.639008764733718	0.472166619332105	0.823113953050505	0.632184900824131	14.1500865508439	15.8261986478873
WP_011733661	-0.648672470140508	-0.648670106335059	0.220963244299383	0.22532636901547	0.00975036299071314	0.0112051457664844	0.0530324621202202	0.0373061529673456	15.8895652270646	15.461356448498
WP_011733664	-0.0983189709520282	-0.0983194032536724	0.103241157083183	0.108222176170657	0.353623851433175	0.3763233271936	0.578087084150733	0.533992414669773	17.8895652270646	16.990175581951
WP_011733665	-0.144757102667823	-0.144757123600991	0.128834931208094	0.138235111953517	0.276040984295649	0.310577345901654	0.49884229739003	0.467295582843202	17.8895652270646	16.0014123817145
WP_011733667	-0.158085925437058	-0.158085926722789	0.0672159240397476	0.074247379367348	0.030338528685004	0.0488767328172501	0.114189634214709	0.116928985545745	17.8895652270646	16.2396369425677
WP_011733668	-0.250816352516394	-0.240907410057573	0.227769343717589	0.153282940927609	0.288241059698976	0.134612591924109	0.515872843602501	0.255127243477787	14.9403820273655	16.8556688341973
WP_011733672	-0.149074622951494	-0.153558647199982	0.0717751164715913	0.0637187816782135	0.0543111910524027	0.0274807146503025	0.171782891444485	0.0746570504543328	15.9629080650216	17.1167012385543
WP_011733673	0.094961835559528	0.0905190440555244	0.214096601460408	0.211005439253271	0.662842062935914	0.673342611387159	0.827624748234652	0.80056531828596	17.3815773299259	16.9221639165726
WP_011733675	-0.712843212637431	-0.7343471299434	0.201786509834976	0.180649289858884	0.0100954214482866	0.00363586575741534	0.0538583488748307	0.0152217961933583	6.77252102537187	7.97086596564757
WP_011733676	-0.117942427798943	-0.125072592718036	0.0989055561619289	0.0792940667748774	0.250694978817965	0.132874192210235	0.473771019291578	0.25304232458431	15.7834825840664	17.2574274143221
WP_011733677	0.0568701021224287	0.0671887912563324	0.0873235064418849	0.0546227011884859	0.525023626391484	0.234558082461588	0.741953540464519	0.380859867614908	14.5641841991204	17.9471850570947
WP_011733678	0.0916218416448967	0.106467785713371	0.116647327611221	0.0749718491862062	0.444616142063236	0.173135426817347	0.666745025800444	0.306400550298207	14.7526477120794	17.5128413562429
WP_011733680	-0.154692107477471	-0.142024328408038	0.190232303405859	0.0965907229636668	0.429662452137195	0.158520206528037	0.654472177777286	0.284575474759131	14.0717870570101	18.2193445043866
WP_011733683	0.0628834497106289	0.0659675959769166	0.0647809488324493	0.0422504514360486	0.347391927558738	0.136261985107033	0.571294583303516	0.256951171916119	14.7033324504671	17.5809996722101
WP_011733685	0.299120822640326	0.29518588351629	0.115623106254041	0.0960834373827177	0.0215929831458143	0.00738175492719895	0.0901761465566083	0.0262931080264039	13.9173674868227	15.7898567402041
WP_011733686	0.0974738292644872	0.126819285848683	0.107044671367691	0.0733350744209411	0.376708612348727	0.10141154810788	0.607858325280507	0.206504096147081	15.2187718358816	17.4407181949735
WP_011733690	-0.30954186900515	-0.353184235113096	0.170314154006337	0.129966846183198	0.090205351280402	0.0150406037136419	0.242358955849755	0.0472704688143032	14.2653371448381	16.2860649519024
WP_011733691	-0.233628192153171	-0.237820702527572	0.370125365319218	0.326911605236146	0.536519013962575	0.47625909866419	0.751531030864662	0.636114951935566	16.5556473798444	18.0611582691237
WP_011733692	0.380291902416784	-0.263766599565049	0.602840234356054	0.403723413231952	0.550577709676849	0.530131371595205	0.765454047742751	0.682987357626169	6.22976318435937	8.85799672601087
WP_011733694	0.210167800506214	0.216879293859436	0.232400464723466	0.133852092731628	0.380803525219518	0.123336332618236	0.610929396575198	0.23777210515062	14.2976724144753	17.2204755630914
WP_011733695	-0.853084050164876	-0.851816673433046	0.0808341042098853	0.065351412760854	1.5548478523267e-08	2.9862210725852e-10	1.9262837281603e-06	4.18817505430075e-08	15.7055244967567	16.9220005000031
WP_011733696	-0.269165234338504	-0.269165252184245	0.0719898203960064	0.0762471066105625	0.00180797228582768	0.0028479495526463	0.0149325118422064	0.0126801563415442	15.8895652270646	15.7121880044596
WP_011733698	-4.30237139433101	-4.17347963867399	0.765851239292519	0.52853226367682	0.00203325343755643	8.40386917554118e-05	0.0160785644175561	0.000766596846744488	5.31252980200065	7.21934450438662
WP_011733699	0.0373467704271359	0.0523669660047057	0.450662397817578	0.326502818442159	0.935036641525516	0.874400228018003	0.966214244617815	0.928171292181835	15.1873128509324	17.6205621029423
WP_011733701	0.288969814585674	0.272138816906984	0.17576029354468	0.143830661705858	0.124119034417299	0.0776630225407224	0.29591789272053	0.168871921105989	12.9925175190035	15.2193445043866
WP_011733702	-0.372813393309235	-0.35595756343857	0.161101355442505	0.096891099705375	0.0370092098039316	0.001969574470343	0.131418053921604	0.00953842319441379	13.4797847939653	16.4660945417315
WP_011733703	0.398200192278785	0.303162251719039	0.286903417666508	0.163466312428426	0.191843711707727	0.0844116667577387	0.40057254410883	0.180744065080502	11.3319257304404	14.2858784865386
WP_011733707	-0.0447111785154154	0.00763275875760239	0.420046201993832	0.233836558540226	0.91683764460456	0.974335960415532	0.96057490378289	0.987538344703005	13.1465760582424	17.2172115381146
WP_011733708	-0.168641125913847	-0.174262369050597	0.136430060710934	0.0773484565753492	0.236348250912174	0.0371735608096885	0.458310086551434	0.0939385928569156	14.2950772787519	17.7363415854587
WP_011733709	-0.20609786605618	-0.211044163913293	0.125998107051518	0.0930523802457389	0.123681909248777	0.0367386722380655	0.29591789272053	0.0936836142070671	14.3191349499008	16.8920697349244
WP_011733710	0.110654892865897	0.110650852900601	0.0883344105253037	0.0943963010115682	0.226449820026292	0.257647167730932	0.448475220833599	0.40888277538063	17.8895652270588	16.6209393537585
WP_011733711	0.121235568506552	0.10970490117149	0.124873835031171	0.0619356262490982	0.347900468218015	0.0935696279994045	0.571294583303516	0.195139633114	14.1672514248446	17.8690799590772
WP_011733712	-0.15774055493686	-0.171628055395227	0.123590333705801	0.0871168627987648	0.221127569442661	0.0648605569935555	0.441858852918579	0.147314868313298	15.0979475074512	17.5021319457321
WP_011733713	0.0337924342254444	0.0328853574916387	0.117875180309281	0.117617995028139	0.77792020620902	0.783269589257557	0.903521906169852	0.872574379729677	16.5276686953821	16.4690525742699
WP_011733714	-0.211667040902317	-0.263725477142557	0.288707912316648	0.291492281202608	0.479100140478774	0.387838260374958	0.700621774627693	0.547364186340506	10.7836067765647	9.55790376455444
WP_011733716	0.254797173826427	0.254797048706173	0.0492737702687939	0.0566704964036539	6.5448872365176e-05	0.00035409921843102	0.00121881768536601	0.00221954929094751	17.8895652270646	16.2373142430251
WP_011733717	0.342843641995349	0.350531617107555	0.221939692093973	0.112847163259767	0.144619561517903	0.00603034806464636	0.324353796659834	0.0228247987400412	14.0539042227222	18.2193445043866
WP_011733722	-0.00674734830515276	-0.00401625575299635	0.0491058605090527	0.0409817837101495	0.892469497771973	0.92300596279429	0.953164262467194	0.95712817953345	15.5969271609342	18.1451533907235
WP_011733723	-0.407809126906224	-0.40676345855655	0.0596883226916483	0.033728586401944	6.89304111657528e-06	4.52611287030039e-10	0.000274490744463623	5.64255404497448e-08	14.4570856186447	18.0420014446965
WP_011733724	-0.110505018072857	-0.101308134247017	0.150170105498506	0.0786454806804328	0.473808157854051	0.213809852117572	0.696939479078805	0.353305823381319	14.182311711152	18.2193445043866
WP_011733725	0.175801127562783	0.171231264694253	0.231066134882557	0.148811957642173	0.458889528676377	0.265091828499703	0.681307356157338	0.418140549309779	14.5802942438149	17.8072254669447
WP_011733726	0.149550681013896	0.151797826432472	0.0960132882858147	0.0607841133573902	0.140373996529333	0.0232248107565896	0.319422461490218	0.0648214867385412	14.8540155779582	16.7814641375184
WP_011733727	0.235359291130769	0.242631781830592	0.164894676076495	0.102787988031942	0.174565717352825	0.0300179219739259	0.375030394698266	0.0793020590088607	14.569356111	17.5960479295734
WP_011733728	-0.191245325385418	-0.206591897762547	0.0720002517798959	0.0515566781015512	0.0178670278690939	0.000937541382040072	0.0793694664304372	0.0049155207039671	15.1324962057973	16.7467241434656
WP_011733729	-0.0759053916637304	-0.0688137696652464	0.165383128761318	0.0822329676748155	0.65326112179274	0.4139068303826	0.82702297303659	0.575018466782209	14.0841746633422	17.6132101866057
WP_011733731	-0.269034376795193	-0.267638550503367	0.059952769148067	0.0483335706691808	0.000396031134760769	2.91357903283859e-05	0.00461572161850216	0.000333575068861724	15.5963782368635	18.0566765271961
WP_011733733	-0.0675951895612575	-0.0675952051239755	0.069631162536408	0.0808535626275631	0.344610703165357	0.416492014665873	0.569263874570701	0.57763169401126	17.8895652270646	14.7386009035932
WP_011733734	0.200045963927888	0.200045879484299	0.106230820920789	0.11138863639911	0.0760475567507819	0.0903595862664197	0.217418014813133	0.1898566587845	17.8895652270646	16.9437644226942
