logFC	se	df	t	pval	adjPval	protein	fit_status	model	adjPval_BH
-1.18440436693959	0.0494462001481464	17.9259511601705	-23.953395071633	4.61166284486165e-15	5.17428571193477e-12	WP_003040849	rlm	naive	5.17428571193477e-12
-1.4255203843444	0.07747715981849	16.3639184473484	-18.3992338862711	2.31545084434233e-12	1.29896792367605e-09	WP_003023392	rlm	naive	1.29896792367605e-09
-0.996956698219578	0.0637524826514369	16.3989203778951	-15.6379274462201	2.79826991488775e-11	1.04655294816802e-08	WP_003040894	rlm	naive	1.04655294816802e-08
-1.22894772109567	0.0690643631646364	14.1914729738439	-17.7942380814558	4.19442478883656e-11	1.05777229389166e-08	WP_003033719	rlm	naive	1.05777229389166e-08
-0.995249972835026	0.0719514131601295	18.0648625945501	-13.8322505302304	4.71378027580952e-11	1.05777229389166e-08	WP_003026016	rlm	naive	1.05777229389166e-08
-2.72426824706301	0.131185373251533	11.2193445043866	-20.7665548341242	2.62696678359545e-10	4.18817505430075e-08	WP_011733565	rlm	naive	4.18817505430075e-08
-0.561052221219292	0.0454724984949698	18.1199423808113	-12.3382756564686	2.96249047151792e-10	4.18817505430075e-08	WP_003020026	rlm	naive	4.18817505430075e-08
-0.851816673433046	0.065351412760854	16.9220005000031	-13.0344033502408	2.9862210725852e-10	4.18817505430075e-08	WP_011733695	rlm	naive	4.18817505430075e-08
-0.40676345855655	0.033728586401944	18.0420014446965	-12.0599023543158	4.52611287030039e-10	5.64255404497448e-08	WP_011733723	rlm	naive	5.64255404497448e-08
-0.542316471600255	0.045676328499472	18.2193445043866	-11.8730311611303	5.17281911139144e-10	5.80390304298119e-08	WP_003035026	rlm	naive	5.80390304298119e-08
-0.639690421509991	0.053925975657969	17.7481075396813	-11.8623801183922	7.19521784165491e-10	7.33912219848801e-08	WP_003038437	rlm	naive	7.33912219848801e-08
-0.827818742708937	0.0712312510310095	17.7373735097504	-11.6215668084863	1.00247075929281e-09	9.3731015993878e-08	WP_003038425	rlm	naive	9.3731015993878e-08
-1.61223271755037	0.135642443672431	16.1511308791683	-11.8859014472183	2.11943407806682e-09	1.82923464276229e-07	WP_003038816	rlm	naive	1.82923464276229e-07
-0.526514105377988	0.0489177935019693	17.3581687480351	-10.7632431408991	4.18599864261673e-09	3.33310426631398e-07	WP_003014373	rlm	naive	3.33310426631398e-07
-1.11800447466535	0.0975374657613658	15.8391706138827	-11.4623080058349	4.45602174640907e-09	3.33310426631398e-07	WP_003033905	rlm	naive	3.33310426631398e-07
0.919769257804488	0.0752325297381325	14.46909938778	12.2256856310162	5.06822610691164e-09	3.55409355747179e-07	WP_003040752	rlm	naive	3.55409355747179e-07
0.743355616303869	0.0721033846811917	17.9479018525043	10.309580050793	5.74067817275104e-09	3.78884759401569e-07	WP_003038350	rlm	naive	3.78884759401569e-07
0.474108262653927	0.0475979105404634	18.0674418375868	9.96069485552067	9.15196754340814e-09	5.70472643539108e-07	WP_003033757	rlm	naive	5.70472643539108e-07
1.80541291111047	0.172408584052567	16.0480659197349	10.471711260966	1.39877542637225e-08	8.26013699152456e-07	WP_003032959	rlm	naive	8.26013699152456e-07
-0.550567916444621	0.0601947708836971	17.6249681622068	-9.14644093435255	4.14409677180787e-08	2.32483828898421e-06	WP_003033749	rlm	naive	2.32483828898421e-06
-0.503670976316497	0.0551284939920502	17.2484661754246	-9.13630937186727	5.06023820298682e-08	2.70361298273867e-06	WP_003018840	rlm	naive	2.70361298273867e-06
-0.674501800253633	0.071560537835622	15.3391954978549	-9.42561110710202	8.93941160102295e-08	4.36615273219324e-06	WP_003015556	rlm	naive	4.36615273219324e-06
-1.32316743966232	0.148286612953643	16.6952082947612	-8.92304041010071	9.27500513277009e-08	4.36615273219324e-06	WP_003034100	rlm	naive	4.36615273219324e-06
-0.582875317091255	0.0684188134633898	18.0084546567049	-8.51922574487711	9.8593565002919e-08	4.36615273219324e-06	WP_003039621	rlm	naive	4.36615273219324e-06
-0.400516123184429	0.0459149311492008	17.2370232306682	-8.72300389350361	9.87795838481447e-08	4.36615273219324e-06	WP_011733588	rlm	naive	4.36615273219324e-06
-0.717214452257111	0.0818640442081486	17.0521874511893	-8.7610434983338	1.01176444774531e-07	4.36615273219324e-06	WP_003021583	rlm	naive	4.36615273219324e-06
-0.559864584261766	0.0675253960204861	17.3624923567331	-8.29117068920132	1.91492532992444e-07	7.83545014992284e-06	WP_003014378	rlm	naive	7.83545014992284e-06
0.46557003561825	0.0540380396516593	16.1419757066023	8.61559817157346	1.95537080390231e-07	7.83545014992284e-06	WP_003041406	rlm	naive	7.83545014992284e-06
-0.375013115492522	0.0473514887641609	17.7980942633256	-7.91977454732869	3.05648338117445e-07	1.18254288057853e-05	WP_003039615	rlm	naive	1.18254288057853e-05
-0.569659666323133	0.0729494226564066	17.6064988797933	-7.80896744044491	4.00473393292993e-07	1.48843129532658e-05	WP_003015002	rlm	naive	1.48843129532658e-05
-0.370841493193986	0.0464159783235605	16.6959599414419	-7.98952228495308	4.20921310077027e-07	1.48843129532658e-05	WP_003035357	rlm	naive	1.48843129532658e-05
-0.404235320278736	0.0508950437462983	16.8689971976381	-7.94252820164117	4.2450803431774e-07	1.48843129532658e-05	WP_003041451	rlm	naive	1.48843129532658e-05
0.3145590578455	0.0405995554118757	17.2755669114307	7.7478448878159	5.0622493144585e-07	1.72116476691589e-05	WP_003040749	rlm	naive	1.72116476691589e-05
0.648276467325	0.0862298216216718	17.9236586066328	7.51800775106871	6.02941246755835e-07	1.98350895971663e-05	WP_003040402	rlm	naive	1.98350895971663e-05
-0.463133344654341	0.0613623657155366	17.6995040495519	-7.54751449449216	6.18741654100554e-07	1.98350895971663e-05	WP_003040951	rlm	naive	1.98350895971663e-05
-1.05605957060563	0.140536350733768	17.7278006486272	-7.51449404436462	6.50451661875494e-07	2.02724101284529e-05	WP_003040995	rlm	naive	2.02724101284529e-05
-1.24036099494293	0.16307648515323	17.1302090459923	-7.60600765817011	6.86538487960024e-07	2.0818815770031e-05	WP_003017957	rlm	naive	2.0818815770031e-05
-0.691323051700945	0.0873198632025247	15.5238101438856	-7.91713392973978	7.77785855375998e-07	2.29651507824176e-05	WP_003033018	rlm	naive	2.29651507824176e-05
-0.61249529417149	0.0797942691308061	16.257435136018	-7.67593087628175	8.5194929898924e-07	2.45099259863058e-05	WP_003014581	rlm	naive	2.45099259863058e-05
-0.408086025737737	0.0544468018067997	16.8543906086834	-7.49513308762926	9.24761235909853e-07	2.49434189112947e-05	WP_003014349	rlm	naive	2.49434189112947e-05
-0.501186943776875	0.0677168383471117	17.3084226283375	-7.40121594584535	9.27228043229153e-07	2.49434189112947e-05	WP_003015534	rlm	naive	2.49434189112947e-05
-1.2670047440697	0.17010921800213	16.9969931806832	-7.44818393118373	9.53404423910926e-07	2.49434189112947e-05	WP_003022320	rlm	naive	2.49434189112947e-05
-1.54219369918329	0.208580119219486	17.2603088582755	-7.39377129974914	9.55942079488121e-07	2.49434189112947e-05	WP_003017457	rlm	naive	2.49434189112947e-05
-0.326947174690817	0.044278139940387	17.1789453356972	-7.38394104022878	1.0015405279586e-06	2.55392834629442e-05	WP_003038940	rlm	naive	2.55392834629442e-05
0.440461247286068	0.0609695584827349	17.8489577579027	7.22428139955772	1.06659574203834e-06	2.6539076136702e-05	WP_003034298	rlm	naive	2.6539076136702e-05
-0.467633049667181	0.0649539281696844	17.9298936381086	-7.1994575669934	1.0880548148737e-06	2.6539076136702e-05	WP_003018210	rlm	naive	2.6539076136702e-05
-0.317656366965283	0.0428081182484492	16.6144225833847	-7.42047022767207	1.15181066164016e-06	2.73240175192613e-05	WP_003041112	rlm	naive	2.73240175192613e-05
-0.772321219579782	0.100467975638653	15.432771493136	-7.68723779562897	1.1689419259577e-06	2.73240175192613e-05	WP_003033046	rlm	naive	2.73240175192613e-05
0.795529379387905	0.111571924687572	17.9543493949717	7.13019320600213	1.23018281700212e-06	2.81686759321709e-05	WP_003039892	rlm	naive	2.81686759321709e-05
-1.29391622587682	0.179019462271269	17.0557694029235	-7.2277964052654	1.38574425427114e-06	3.10961010658443e-05	WP_003038976	rlm	naive	3.10961010658443e-05
-0.349690120527377	0.0480906265620698	16.4881072027237	-7.27148189837031	1.56578280203723e-06	3.44472216448191e-05	WP_003027200	rlm	naive	3.44472216448191e-05
-0.3869351569145	0.054445677217831	17.2465627775192	-7.10681135191717	1.61983091520218e-06	3.49509670549393e-05	WP_003037386	rlm	naive	3.49509670549393e-05
0.505549227469689	0.073937753967912	17.9756784748474	6.83749776452624	2.13964278322552e-06	4.52958340146988e-05	WP_003040393	rlm	naive	4.52958340146988e-05
-0.565228022038917	0.0813960005994603	17.0941428858721	-6.94417438051206	2.29854091679312e-06	4.7758572382257e-05	WP_003015897	rlm	naive	4.7758572382257e-05
-0.388693024217075	0.0571960767556809	17.8456236198849	-6.79579870272255	2.41088444136109e-06	4.91820426037663e-05	WP_003033974	rlm	naive	4.91820426037663e-05
-0.49267855740286	0.0725905367324406	17.6920626579572	-6.78709070879045	2.56663923892013e-06	5.14244504655069e-05	WP_003033944	rlm	naive	5.14244504655069e-05
-0.348146834864066	0.0514833724657548	17.690789797813	-6.76231602923144	2.69274029361353e-06	5.27320435848691e-05	WP_003025265	rlm	naive	5.27320435848691e-05
-0.324139111717615	0.0464924348888372	16.4226467837454	-6.97186784242699	2.725898866241e-06	5.27320435848691e-05	WP_003014346	rlm	naive	5.27320435848691e-05
-0.8838698198556	0.131914219795274	17.8576937407915	-6.7003376984478	2.89021964086913e-06	5.49631599500874e-05	WP_003038436	rlm	naive	5.49631599500874e-05
-0.970780817280987	0.144089044762518	16.6309391069466	-6.73736729173956	3.90052169134424e-06	7.29397556281372e-05	WP_003038438	rlm	naive	7.29397556281372e-05
-0.370581311284198	0.0567276947165072	17.2317745822576	-6.53263477629672	4.78553402973306e-06	8.80224455960737e-05	WP_003040818	rlm	naive	8.80224455960737e-05
-0.387636362115714	0.0609346562173013	17.9620245924357	-6.36150897009002	5.47535175445713e-06	9.90862043306597e-05	WP_003023073	rlm	naive	9.90862043306597e-05
-0.415913228181962	0.0649730227573345	17.5005050819131	-6.40132181836978	5.72488016711001e-06	0.000101081340217679	WP_003024803	rlm	naive	0.000101081340217679
-0.318549565673007	0.050127276808967	17.8161759428818	-6.35481490221355	5.76578054717599e-06	0.000101081340217679	WP_003032887	rlm	naive	0.000101081340217679
-0.550651390068508	0.0854364254590865	16.9510472932168	-6.4451595102396	6.12890369648869e-06	0.000105794306884005	WP_003027197	rlm	naive	0.000105794306884005
-0.544893149271207	0.0871013696408207	18.1122121060892	-6.25585052816252	6.51479101511287e-06	0.000110751447256919	WP_003017801	rlm	naive	0.000110751447256919
0.38385237786187	0.0614279745020197	18.0904947356342	6.24882036195495	6.64431545318043e-06	0.000111267491618932	WP_003040289	rlm	naive	0.000111267491618932
-0.306124500073869	0.0470460423205136	16.187993312735	-6.50691290859951	6.8294050627509e-06	0.000112187943702542	WP_003033752	rlm	naive	0.000112187943702542
-0.474409921142303	0.0747292888896147	17.1941159286781	-6.34837997512691	6.89925856994244e-06	0.000112187943702542	WP_003023081	rlm	naive	0.000112187943702542
0.539542764461576	0.0862962674081042	17.7977906889685	6.2522143850095	7.10805579738889e-06	0.000112528327324909	WP_003040399	rlm	naive	0.000112528327324909
-0.305793168689667	0.0485765580532898	17.464167240832	-6.29507690425911	7.12077650629994e-06	0.000112528327324909	WP_003032890	rlm	naive	0.000112528327324909
-0.582555377104479	0.0930534733658439	17.5602030834176	-6.26043667187077	7.4349988184939e-06	0.000114741584735074	WP_003038938	rlm	naive	0.000114741584735074
-0.293036831771128	0.0454000152989491	16.2124938794722	-6.45455359082028	7.46536157367237e-06	0.000114741584735074	WP_003026287	rlm	naive	0.000114741584735074
-0.690161266130039	0.109083762581678	16.9389024211672	-6.32689274550164	7.71220517729495e-06	0.000116933705526013	WP_003034246	rlm	naive	0.000116933705526013
-0.875791700048207	0.139576976069979	16.9574734879543	-6.27461437199439	8.48608644993174e-06	0.000126453837400043	WP_003038435	rlm	naive	0.000126453837400043
-3.16697919550859	0.123848283734983	4.21934450438662	-25.5714419287832	8.6720886684169e-06	0.000126453837400043	WP_003041006	rlm	naive	0.000126453837400043
-0.366366625999948	0.0596627774332208	17.8965004705019	-6.14062304441012	8.67820452745393e-06	0.000126453837400043	WP_003039248	rlm	naive	0.000126453837400043
-0.527584006797883	0.0874508372923292	18.0130777846285	-6.03292116042621	1.05033954295897e-05	0.000151087303487174	WP_003034103	rlm	naive	0.000151087303487174
-0.243944680043923	0.0392816317468968	16.35870441953	-6.210146299821	1.13021664242648e-05	0.000160519376304116	WP_003040166	rlm	naive	0.000160519376304116
-0.396246038600101	0.0636853312674256	16.1486712754466	-6.22193573801471	1.17174899160033e-05	0.000162583116115342	WP_003038456	rlm	naive	0.000162583116115342
-0.521975795252472	0.0867539736857228	17.6844145799115	-6.01673644533443	1.17372837837279e-05	0.000162583116115342	WP_003020861	rlm	naive	0.000162583116115342
-0.421906506865856	0.0687129135989263	16.581754695489	-6.14013414317579	1.21582039591476e-05	0.000166359815148336	WP_003021175	rlm	naive	0.000166359815148336
-0.403103321842729	0.0670137868876927	17.3600928351147	-6.01522970964591	1.27330885719054e-05	0.000172126811779251	WP_003035924	rlm	naive	0.000172126811779251
0.262840282844271	0.0421156267191901	15.5852609663691	6.24092061117322	1.32871167808492e-05	0.000176094475772526	WP_011733645	rlm	naive	0.000176094475772526
-0.324340999797787	0.0529625958880959	16.3499452251504	-6.1239634190719	1.33404905888277e-05	0.000176094475772526	WP_003021606	rlm	naive	0.000176094475772526
-0.567393715437886	0.0976323210729314	18.1671712226662	-5.8115356595286	1.60205854438737e-05	0.000209012754279375	WP_003032892	rlm	naive	0.000209012754279375
-0.434411938544203	0.073721703900433	16.9058919775893	-5.89259221586782	1.81389043054199e-05	0.000231830459125653	WP_003017219	rlm	naive	0.000231830459125653
0.297689659507052	0.0508257935134205	17.1934827940365	5.85705876738445	1.81827811078944e-05	0.000231830459125653	WP_003040965	rlm	naive	0.000231830459125653
-0.248230781406093	0.0430564835903215	17.6164613102253	-5.76523581832613	1.98918439246563e-05	0.000250771335769262	WP_003025459	rlm	naive	0.000250771335769262
-0.545773783701698	0.0873939461080344	14.0558012639178	-6.24498386910032	2.10664581948554e-05	0.000262628512162531	WP_003039713	rlm	naive	0.000262628512162531
-0.329311096202191	0.0580007581602907	18.0971327162948	-5.67770330332765	2.15102933196696e-05	0.000265214825326036	WP_003038679	rlm	naive	0.000265214825326036
-0.390447221649503	0.0648973962338148	15.1912414566263	-6.01637730183788	2.2381460379466e-05	0.000272956505932183	WP_003032868	rlm	naive	0.000272956505932183
-0.713174991564655	0.120019087112552	15.5517910710035	-5.94217977092138	2.32509327416207e-05	0.000280511253076328	WP_003014552	rlm	naive	0.000280511253076328
-0.42606696148793	0.075363398916953	17.8090400783207	-5.65349981039783	2.40301565280518e-05	0.000286828038558235	WP_003032698	rlm	naive	0.000286828038558235
-0.303582601987069	0.0524933909713714	16.5165456471728	-5.78325378432183	2.4696438530124e-05	0.000291677937166307	WP_003027195	rlm	naive	0.000291677937166307
-0.412646951397202	0.0726106976591232	17.237685066177	-5.68300491112765	2.5573782300903e-05	0.000298893580641803	WP_003021588	rlm	naive	0.000298893580641803
-0.37660875384978	0.0667591277131502	17.4843401153831	-5.64130729011301	2.63975034237605e-05	0.000305340194241848	WP_003038333	rlm	naive	0.000305340194241848
-0.267638550503367	0.0483335706691808	18.0566765271961	-5.5373221303102	2.91357903283859e-05	0.000333575068861724	WP_011733731	rlm	naive	0.000333575068861724
-0.514144435372504	0.0922449518693155	17.3994294127777	-5.5736864181023	3.08828724970704e-05	0.000350005888300131	WP_003027191	rlm	naive	0.000350005888300131
-0.286177826073985	0.0523181903065895	18.2193445043866	-5.46994887240854	3.25596580638871e-05	0.000365319363476814	WP_003041168	rlm	naive	0.000365319363476814
-0.241997016082502	0.0442976129348367	18.2027525155753	-5.46298096103932	3.31514453137191e-05	0.000368276451900919	WP_003016111	rlm	naive	0.000368276451900919
-0.376818433490411	0.0690162484975877	17.8945740971053	-5.45985100166059	3.54159974813036e-05	0.00038957597229434	WP_003015976	rlm	naive	0.00038957597229434
-0.628495132870284	0.111665992359737	16.1629777928555	-5.62834860989333	3.63339299447657e-05	0.000392697253145474	WP_003038420	rlm	naive	0.000392697253145474
-0.622877176010066	0.114624799162694	18.0352646135829	-5.4340524961442	3.63997453895983e-05	0.000392697253145474	WP_003040067	rlm	naive	0.000392697253145474
0.331835480342271	0.060755118388614	17.3297619573132	5.46185225448362	3.94466380157286e-05	0.000421269813179492	WP_003037222	rlm	naive	0.000421269813179492
-0.334029058480812	0.0620527742801153	18.1091986547218	-5.38298347424332	4.0011916717787e-05	0.000421269813179492	WP_003034277	rlm	naive	0.000421269813179492
-1.49166853861318	0.273679685780996	17.3562987439451	-5.45041746286877	4.01745722016093e-05	0.000421269813179492	WP_003018894	rlm	naive	0.000421269813179492
-0.252818310540861	0.0468351107535999	17.8166825333276	-5.39805087407481	4.09536003501044e-05	0.000425462403637195	WP_003040814	rlm	naive	0.000425462403637195
0.260798322695564	0.0489024534149964	18.2193445043866	5.33303146331687	4.3629158305738e-05	0.000449100143293927	WP_003040134	rlm	naive	0.000449100143293927
-0.332928540708157	0.0619228959032326	17.4629714540222	-5.37650146770311	4.58634614981094e-05	0.000467807307280716	WP_003033975	rlm	naive	0.000467807307280716
-0.288090269749982	0.0530824750209843	16.868208409791	-5.42721999371913	4.65195041076146e-05	0.000470224176655348	WP_003028678	rlm	naive	0.000470224176655348
0.260516571443092	0.0490283673377384	17.7090506440982	5.31358855269417	4.99434034426738e-05	0.000500325880916785	WP_003025725	rlm	naive	0.000500325880916785
-0.323154484838346	0.0607652107688789	17.5262885233588	-5.31808383035924	5.11969158876312e-05	0.000508344598459489	WP_003035017	rlm	naive	0.000508344598459489
0.507776419916342	0.0966686977845479	17.991190548188	5.25274914789955	5.3984360030113e-05	0.000531319753980586	WP_003039766	rlm	naive	0.000531319753980586
-0.290331516515454	0.0542097843860218	16.6803636015518	-5.35570321490371	5.58895721766542e-05	0.000545287825932226	WP_003038363	rlm	naive	0.000545287825932226
-0.30006463682537	0.0574318854842035	17.9500882860268	-5.22470460956574	5.77393679492005e-05	0.000558479058956922	WP_003040897	rlm	naive	0.000558479058956922
-0.389041265794411	0.0749199436125178	17.6765939142214	-5.19275972505416	6.48729886697306e-05	0.000622115327243058	WP_003038915	rlm	naive	0.000622115327243058
0.226152628735014	0.0435528477884461	17.3808223399262	5.19260255571642	6.84301926509247e-05	0.000650666747070657	WP_003041408	rlm	naive	0.000650666747070657
-0.386112955403332	0.0754660300022301	18.131466661382	-5.11638091194041	7.06425127335878e-05	0.000666057977202399	WP_003039477	rlm	naive	0.000666057977202399
0.256518950581646	0.0503618852990719	18.2193445043866	5.09351365736846	7.31563074391533e-05	0.000684011474556083	WP_003013909	rlm	naive	0.000684011474556083
-0.387088714801289	0.075538829866574	17.7687481420327	-5.12436736821332	7.38393639304438e-05	0.000684692283718661	WP_003038428	rlm	naive	0.000684692283718661
-0.509999190993962	0.0991942960310865	17.4289740324238	-5.14141650679322	7.55578956083107e-05	0.000694884908791185	WP_003016134	rlm	naive	0.000694884908791185
-4.17347963867399	0.52853226367682	7.21934450438662	-7.89635737587807	8.40386917554118e-05	0.000766596846744488	WP_011733698	rlm	naive	0.000766596846744488
0.439362807777054	0.0872512186150135	17.7498587737896	5.03560654798066	8.95633086276533e-05	0.000810403486130863	WP_003034577	rlm	naive	0.000810403486130863
-0.342358003624087	0.0680002616559639	17.7053632107178	-5.0346571511179	9.04096760816008e-05	0.000811517252508449	WP_003038964	rlm	naive	0.000811517252508449
0.380794706969286	0.0749724523480177	17.0752755524687	5.07912833371995	9.16612954469949e-05	0.000812770055693467	WP_003041213	rlm	naive	0.000812770055693467
-0.204851565551749	0.0409730370820524	18.0615669506772	-4.99966758972527	9.19980366070145e-05	0.000812770055693467	WP_003043247	rlm	naive	0.000812770055693467
0.345959044582685	0.0691829671434293	17.8810315852127	5.00063901372496	9.45053307482956e-05	0.000828398289840529	WP_003038361	rlm	naive	0.000828398289840529
-0.406119522644914	0.0808201012583448	17.4742783731603	-5.0249816112793	9.59219407164391e-05	0.000834297809952284	WP_003038430	rlm	naive	0.000834297809952284
-0.560958298305924	0.113110867193293	17.9445171658671	-4.95936696645879	0.000102274737912441	0.000882709661059682	WP_003020646	rlm	naive	0.000882709661059682
-0.32835375886895	0.0661707946052131	17.6668051616642	-4.96221574529923	0.000106254741937309	0.000910059698119548	WP_003024580	rlm	naive	0.000910059698119548
-0.328867891064544	0.0658213923051437	17.1678860123642	-4.99636789115512	0.000107304204898028	0.000912085741633238	WP_003033846	rlm	naive	0.000912085741633238
-0.323426423226923	0.0660686019572649	18.1373947829075	-4.89531204907476	0.000114099411456435	0.000959686321292869	WP_003014382	rlm	naive	0.000959686321292869
-0.262411488865819	0.05182395851483	16.0250857036544	-5.06351688265432	0.000114614943897722	0.000959686321292869	WP_003040241	rlm	naive	0.000959686321292869
0.264107892399762	0.0513228973109335	15.1165713588117	5.14600512125605	0.000116625650382836	0.000968229480944054	WP_003039917	rlm	naive	0.000968229480944054
-0.612467949671126	0.123544308844182	17.1079431692324	-4.95747602945913	0.000117637481007782	0.000968229480944054	WP_003035420	rlm	naive	0.000968229480944054
-0.321411411374157	0.0659557686586186	18.2193445043866	-4.87313570762484	0.000118303927839837	0.000968229480944054	WP_003039703	rlm	naive	0.000968229480944054
-0.440366504258379	0.0897461203569952	17.6984023839365	-4.90680268413469	0.00011908704845836	0.000968229480944054	WP_003039882	rlm	naive	0.000968229480944054
-0.385570782287537	0.0776600789564474	16.8900523566046	-4.96485179346481	0.00012016679716223	0.000969979470618864	WP_003024816	rlm	naive	0.000969979470618864
-0.23874059667395	0.0474413330684434	15.9908296857791	-5.03233322574474	0.000122822913784073	0.000979848949955821	WP_003039888	rlm	naive	0.000979848949955821
0.351174656801955	0.0722547958156741	18.1404185858857	4.86022627062459	0.000123136097989101	0.000979848949955821	WP_003032915	rlm	naive	0.000979848949955821
-0.229403029693949	0.0462326737667622	16.7400240200087	-4.96192434924393	0.000124042008651923	0.000980106575404631	WP_003041587	rlm	naive	0.000980106575404631
-0.243882630373675	0.0494958418880206	16.5849486548157	-4.92733573307906	0.000136852304322378	0.00107376423391405	WP_003033724	rlm	naive	0.00107376423391405
0.423130420442496	0.0878727374068411	18.0400326275088	4.81526390242572	0.000137885325678485	0.00107435649591153	WP_003038704	rlm	naive	0.00107435649591153
-0.570916832881613	0.116858568686733	16.8904394477688	-4.88553675864446	0.00014184680535735	0.00108785543492124	WP_003039530	rlm	naive	0.00108785543492124
0.423038729097004	0.0868182685455664	17.0366195416445	4.87269253561504	0.000142297374142059	0.00108785543492124	WP_003036308	rlm	naive	0.00108785543492124
-0.317801614173817	0.06607205243819	17.8617592210029	-4.80992495989312	0.000143221084203	0.00108785543492124	WP_003038662	rlm	naive	0.00108785543492124
-0.271623201701395	0.0566926369934743	18.1283126782402	-4.7911548325519	0.000143496082324726	0.00108785543492124	WP_003040169	rlm	naive	0.00108785543492124
-0.318728538211637	0.0663798561070941	17.8771377697386	-4.80158525347533	0.000145508713596563	0.00109570991043855	WP_003032840	rlm	naive	0.00109570991043855
-0.232568153852319	0.0478443828983348	16.996365438764	-4.86092911568127	0.00014682013582815	0.00109821461599457	WP_003014352	rlm	naive	0.00109821461599457
-0.212675698369565	0.0438663514412468	17.0746421388851	-4.84826504557635	0.000148914120189937	0.00110650094604708	WP_003038961	rlm	naive	0.00110650094604708
-0.25014633871859	0.0525632598580557	17.8347023133216	-4.75895786132933	0.000160636507161015	0.00118575105943855	WP_003027202	rlm	naive	0.00118575105943855
-2.80788182099384	0.565454994774099	15.2259624514852	-4.96570345464116	0.000162024447815163	0.00118817928397787	WP_003017534	rlm	naive	0.00118817928397787
-0.195288307353278	0.0413236972990442	17.9723041319699	-4.72581884287965	0.00016930241802353	0.0012334890456	WP_003041281	rlm	naive	0.0012334890456
-0.517812767609222	0.107041478902669	16.3857471526518	-4.83749638848003	0.000170408109970279	0.0012335348347526	WP_003018819	rlm	naive	0.0012335348347526
-0.245571808930296	0.052284943781409	18.0055839720074	-4.69679780008895	0.000179567069337698	0.00128942993414173	WP_003039265	rlm	naive	0.00128942993414173
-0.295113335115808	0.0603801962860651	15.4755180585864	-4.88758489153697	0.000180428252816624	0.00128942993414173	WP_003037763	rlm	naive	0.00128942993414173
-0.185818181500244	0.0396329979585885	17.9725903605308	-4.68847150282198	0.000183714497739509	0.00130460548394765	WP_003039170	rlm	naive	0.00130460548394765
-0.321286079083511	0.0673518745493567	16.6641556370832	-4.77026187070809	0.000187281783471764	0.00131542952198236	WP_003039175	rlm	naive	0.00131542952198236
-0.272988994970154	0.056876492255053	16.2769002426187	-4.79968057358357	0.000187583532546504	0.00131542952198236	WP_003041283	rlm	naive	0.00131542952198236
0.416704581916518	0.0892971565592262	18.1178595616803	4.66649329018824	0.000188981185318625	0.00131699931631986	WP_003038472	rlm	naive	0.00131699931631986
-0.479953734455443	0.104139581872731	18.2193445043866	-4.608754191485	0.000211769446670354	0.00146669950101319	WP_003040540	rlm	naive	0.00146669950101319
-0.579889548005346	0.120180127378957	15.1478484513898	-4.82517002313382	0.000216695577267013	0.00149161004719993	WP_003041134	rlm	naive	0.00149161004719993
0.399370323992431	0.0872648762444247	18.1106142847508	4.57652999900915	0.00023066079693618	0.00157805740342923	WP_011733568	rlm	naive	0.00157805740342923
-1.10023525759196	0.231718710655429	15.4601064259019	-4.74815026581098	0.000238975935722659	0.00162503636291408	WP_003040628	rlm	naive	0.00162503636291408
0.896992368349188	0.193377096608711	16.8340153314562	4.63856570441848	0.000240729204588498	0.00162709739486924	WP_003039068	rlm	naive	0.00162709739486924
-0.236168352202461	0.0514253554752497	17.4707874354157	-4.59244958094894	0.000242689458552539	0.00163052438620329	WP_003040510	rlm	naive	0.00163052438620329
-0.231833984474086	0.0487561513505697	15.2090240559066	-4.75496892293934	0.000246242231375807	0.00164454633097414	WP_003021184	rlm	naive	0.00164454633097414
0.536617287615904	0.113353101084649	15.2193445043866	4.73403270383553	0.000256225348920033	0.00170109373661702	WP_003018498	rlm	naive	0.00170109373661702
-0.269908245325	0.0598750445795569	18.0644815332586	-4.50785877856622	0.000270027864932782	0.00177331824108954	WP_011457527	rlm	naive	0.00177331824108954
-0.331790684207646	0.0733283308901475	17.7302402703748	-4.52472707587874	0.00027160207477029	0.00177331824108954	WP_003036989	rlm	naive	0.00177331824108954
-0.26546060324098	0.0570962298699693	15.8789922854346	-4.64935432419162	0.000272378901103216	0.00177331824108954	WP_003039707	rlm	naive	0.00177331824108954
-0.681795536114427	0.138037371505293	12.9535963785955	-4.93920978557813	0.000273426074606497	0.00177331824108954	WP_003038817	rlm	naive	0.00177331824108954
-0.230928883104517	0.051453889109483	18.06756518024	-4.48807441189041	0.000281987173301	0.0018183310830099	WP_003039085	rlm	naive	0.0018183310830099
-0.333051318633801	0.0729254838358327	16.542631423945	-4.5670086931964	0.000292108422662689	0.0018728322870145	WP_003016252	rlm	naive	0.0018728322870145
0.17855944326404	0.038821332237328	15.6476666034448	4.59951869174518	0.000312751731215922	0.00199379228650151	WP_003039743	rlm	naive	0.00199379228650151
-0.695682682158735	0.147277277033828	14.0239628168333	-4.72362536957378	0.000324808544811963	0.00204806633989633	WP_003040533	rlm	naive	0.00204806633989633
-0.300490330975877	0.0679833996274656	18.1408684515746	-4.42005449304535	0.000324916050357885	0.00204806633989633	WP_003016773	rlm	naive	0.00204806633989633
0.254797048706173	0.0566704964036539	16.2373142430251	4.4961146429934	0.00035409921843102	0.00221954929094751	WP_011733716	rlm	naive	0.00221954929094751
-0.647223131402583	0.143600649401081	15.8550768611975	-4.50710448805052	0.00036598882850546	0.0022813303643507	WP_003025872	rlm	naive	0.0022813303643507
-0.196395143262276	0.0449269880670988	17.9980148615655	-4.37142910557365	0.000368093190467767	0.00228177104809301	WP_003018613	rlm	naive	0.00228177104809301
-0.483683091019838	0.108762616606123	16.492021354126	-4.44714467261729	0.000378605826929895	0.00233091833250023	WP_011733603	rlm	naive	0.00233091833250023
-0.380458509387696	0.0864156051319013	17.1780627963022	-4.40265978357705	0.000380176519471963	0.00233091833250023	WP_003016753	rlm	naive	0.00233091833250023
-0.180925409948692	0.0409383262844896	16.8185201463419	-4.41946279609481	0.000384223447666156	0.00234292776239906	WP_003039136	rlm	naive	0.00234292776239906
-0.676526972890286	0.1171213824308	8.15561798282053	-5.77628916982774	0.000387423626086514	0.00234967193767064	WP_003041097	rlm	naive	0.00234967193767064
-0.421156699687871	0.0952335747294008	16.557520076991	-4.42235525532415	0.000395403196240851	0.00238517411925933	WP_003038954	rlm	naive	0.00238517411925933
0.219301396065763	0.0506188049132426	17.7761551861016	4.33240959445075	0.000411816588326007	0.00247089952995604	WP_003021312	rlm	naive	0.00247089952995604
0.294685062380531	0.0681406911394875	17.7880895459233	4.32465619958706	0.000418321952042775	0.00249658101165954	WP_003040413	rlm	naive	0.00249658101165954
-0.824528267207982	0.179702298064517	13.9599331114607	-4.58830118528566	0.000424793690782146	0.00252179111670671	WP_003034549	rlm	naive	0.00252179111670671
-0.306548701680958	0.0705970761652508	17.2765635690898	-4.34222942836048	0.000427963132069542	0.00252723491674751	WP_003027204	rlm	naive	0.00252723491674751
-0.793311225192881	0.141268225426676	8.21934450438662	-5.61563807287042	0.00045478163211149	0.00267154445669682	WP_003039112	rlm	naive	0.00267154445669682
-0.227925806166002	0.0529528981875298	17.3700381302718	-4.3043122089147	0.000459488337551369	0.00268513497256581	WP_003033129	rlm	naive	0.00268513497256581
-0.344044102403345	0.0804333001748106	17.7484700736186	-4.27738389019987	0.000466349588039106	0.00271111004031024	WP_003017693	rlm	naive	0.00271111004031024
0.450116059525844	0.105647727160745	17.8444420578262	4.26053708510914	0.000478774227900801	0.00276899321497267	WP_003039007	rlm	naive	0.00276899321497267
0.296112643548408	0.0690073043801721	17.2193445043866	4.29103333637084	0.000481518659914774	0.00277058428935578	WP_003040101	rlm	naive	0.00277058428935578
-0.455053306347506	0.107475956227265	18.2193445043866	-4.23400100191026	0.000487338767304115	0.00278976580058784	WP_003021745	rlm	naive	0.00278976580058784
-0.475862702677021	0.112681759958697	17.7145319994965	-4.22306771611878	0.000527625936246441	0.0030050573627843	WP_003035548	rlm	naive	0.0030050573627843
0.324643341745978	0.0770008272271388	17.795164812894	4.21610200093484	0.000531043318128476	0.0030092454693947	WP_003038634	rlm	naive	0.0030092454693947
0.341581509694976	0.0815127079535853	18.0058758117169	4.19053075613042	0.000549316746654016	0.00309715271229048	WP_003041126	rlm	naive	0.00309715271229048
-0.286412939994299	0.0677890161225395	17.0990660225425	-4.22506412361203	0.000563396562849303	0.00316065471758459	WP_003024794	rlm	naive	0.00316065471758459
0.233212751145194	0.056114460229418	18.2193445043866	4.1560187907311	0.000580128872108604	0.00323833131594952	WP_003040112	rlm	naive	0.00323833131594952
0.18237905116519	0.0445270069670959	17.8015171281694	4.09591983804262	0.000692181410364874	0.00384469080410588	WP_003036943	rlm	naive	0.00384469080410588
0.446185293658583	0.107601482763117	16.6209795696795	4.14664633052364	0.000704856393300468	0.00389580725755234	WP_003039773	rlm	naive	0.00389580725755234
0.400260559510462	0.0978316955973472	17.58129019584	4.0913178195116	0.000715312855325436	0.0039342207042899	WP_003017689	rlm	naive	0.0039342207042899
0.452899972911179	0.100205354858517	11.7586034970123	4.51971826805705	0.000738544202269493	0.00404217851193352	WP_003038889	rlm	naive	0.00404217851193352
-0.766785043405763	0.190259132604194	18.2193445043866	-4.03021412381263	0.000768783633215869	0.00418725842945731	WP_003035087	rlm	naive	0.00418725842945731
-0.423978620145378	0.105280007646709	18.026668245127	-4.027152254473	0.000788515801218097	0.00426604912952895	WP_003039201	rlm	naive	0.00426604912952895
-0.342530000696161	0.0827592114123972	15.7596790814005	-4.1388746322062	0.000794044316008304	0.00426604912952895	WP_003038772	rlm	naive	0.00426604912952895
0.27642932110351	0.0686765521300121	17.9784243650901	4.02509026050405	0.000795850912111304	0.00426604912952895	WP_003026826	rlm	naive	0.00426604912952895
-0.466071676425923	0.114567521708877	17.0189763696693	-4.06809599678903	0.000798458393227343	0.00426604912952895	WP_003039159	rlm	naive	0.00426604912952895
-0.409890935935824	0.102961786523829	18.2097526130779	-3.98100061949643	0.000859139623651061	0.0045685054869028	WP_003042802	rlm	naive	0.0045685054869028
-0.25682385880099	0.0646326476938036	17.9792366946097	-3.97359334585348	0.000892444457547407	0.00472322019513297	WP_003040218	rlm	naive	0.00472322019513297
-0.30406342743157	0.0769301159807403	18.108411612716	-3.95246287562718	0.000924367406549854	0.00486920295844571	WP_003019409	rlm	naive	0.00486920295844571
-0.206591897762547	0.0515566781015512	16.7467241434656	-4.00708318242736	0.000937541382040072	0.0049155207039671	WP_011733728	rlm	naive	0.0049155207039671
-0.274778398683796	0.0707663954589911	18.04683251196	-3.88289380717476	0.0010856945480334	0.00566581061810921	WP_003025408	rlm	naive	0.00566581061810921
0.407638704918107	0.104343419350968	17.3707859500864	3.90670257361396	0.00109549698506079	0.00569049822795467	WP_003040230	rlm	naive	0.00569049822795467
-1.25826970490376	0.291974977207084	11.5282740342052	-4.30951212648381	0.00111102683845051	0.00574457194811737	WP_003040853	rlm	naive	0.00574457194811737
-0.3296437270746	0.0841772270951273	16.5205376823942	-3.91606778282295	0.00116664796396333	0.00600449089709568	WP_003040297	rlm	naive	0.00600449089709568
-0.65070378867486	0.169516842166831	17.7490776461865	-3.83857898930459	0.00122984819109031	0.00630086607490104	WP_003027193	rlm	naive	0.00630086607490104
-0.665362556441994	0.173096104336765	17.2308771692659	-3.84389099333805	0.0012733373293633	0.00649402037975285	WP_003038556	rlm	naive	0.00649402037975285
-0.591869363804129	0.145096663922111	13.0878265805304	-4.07913833306223	0.00128592132087263	0.00652852362904567	WP_003039257	rlm	naive	0.00652852362904567
-0.279608430512742	0.0736670551213808	18.0324500940066	-3.79556953989857	0.00132082067049156	0.00667549906437627	WP_003032781	rlm	naive	0.00667549906437627
-0.222844777436629	0.0584454108344928	17.2587557075296	-3.81287040769868	0.00135920638596599	0.0068386976011383	WP_003039205	rlm	naive	0.0068386976011383
-1.13276143676517	0.299329523236387	17.4289617231844	-3.78432913839442	0.00142537468663147	0.0071395999928594	WP_003034338	rlm	naive	0.0071395999928594
-0.457228497513277	0.117499177646289	15.0501413583201	-3.89133359630554	0.00143837001943593	0.00717267183025385	WP_003017929	rlm	naive	0.00717267183025385
0.247150465698624	0.066048022736915	17.5503149840953	3.74198129568668	0.00154844627377635	0.00768721906051277	WP_003038450	rlm	naive	0.00768721906051277
-0.17522293692508	0.0466824955533265	17.2014398519206	-3.75350406717051	0.00155525733220713	0.00768721906051277	WP_003039424	rlm	naive	0.00768721906051277
0.294039199438083	0.0796344772750474	16.9366919449067	3.69236051393304	0.00181728314218133	0.00893218330636016	WP_003038268	rlm	naive	0.00893218330636016
0.184574961533653	0.0496186216695242	16.2313354711276	3.71987280829728	0.00182305702063857	0.00893218330636016	WP_003039676	rlm	naive	0.00893218330636016
-0.270126549226358	0.0713571734258204	14.2661643796163	-3.78555562472173	0.00194660897090849	0.00949606637112749	WP_003041372	rlm	naive	0.00949606637112749
-0.35595756343857	0.096891099705375	16.4660945417315	-3.67379010580911	0.001969574470343	0.00953842319441379	WP_011733702	rlm	naive	0.00953842319441379
0.141255672340258	0.0388342562375009	17.401663608526	3.63739867905214	0.00197229427905882	0.00953842319441379	WP_003039354	rlm	naive	0.00953842319441379
-0.308188344024404	0.0852551997837132	17.9894582695652	-3.61489205123274	0.00198202604856622	0.00954434861155066	WP_003032666	rlm	naive	0.00954434861155066
-0.322027469539266	0.0885131530661026	16.8295626747022	-3.63818775384459	0.00206176924948675	0.00988591922189803	WP_003039032	rlm	naive	0.00988591922189803
-0.29654772555119	0.082369196087188	17.7048532928603	-3.60022605097776	0.00209126977675002	0.00998470080644052	WP_003016618	rlm	naive	0.00998470080644052
-0.366527811010421	0.102326048659657	17.8792298205198	-3.58195997804545	0.00214972468781821	0.010220301270051	WP_003033755	rlm	naive	0.010220301270051
-0.492963444572725	0.136245794310486	16.7669644524368	-3.6181920114857	0.00216384149477222	0.0102440091018331	WP_003023546	rlm	naive	0.0102440091018331
0.176013487406663	0.0495177045647393	18.2193445043866	3.5545566773303	0.00223037110431878	0.0105048091498418	WP_003040366	rlm	naive	0.0105048091498418
-0.217847796592858	0.0610431511589984	17.7139955080624	-3.56875083374107	0.00224031043807404	0.0105048091498418	WP_003021049	rlm	naive	0.0105048091498418
-0.355285648670618	0.0980905866153934	16.2193445043866	-3.62201574003904	0.00224701799996616	0.0105048091498418	WP_003016535	rlm	naive	0.0105048091498418
0.394646382363615	0.112187567627119	17.9573820923394	3.5177372208952	0.00246519758742958	0.0114487973486019	WP_003038698	rlm	naive	0.0114487973486019
-0.313283596841585	0.088959011030842	17.7304782481086	-3.52166231628822	0.00248284129405678	0.0114487973486019	WP_003040261	rlm	naive	0.0114487973486019
0.327704294964051	0.0931345707262399	17.8179652205309	3.51861067709547	0.00248434984402489	0.0114487973486019	WP_003040742	rlm	naive	0.0114487973486019
0.309634763473602	0.0877926791105634	17.529791434174	3.52688591589348	0.00248975628614871	0.0114487973486019	WP_003029937	rlm	naive	0.0114487973486019
-0.243283075066025	0.0688545357408047	17.1366960262176	-3.53329047169583	0.00252686354639176	0.0115720036695982	WP_003016126	rlm	naive	0.0115720036695982
0.200145085339171	0.0570833162675671	17.7418366904295	3.5061923242341	0.00256705214259891	0.0117082622113657	WP_003040140	rlm	naive	0.0117082622113657
-0.289670844821071	0.0828941844994904	18.037636559593	-3.49446522177743	0.00258177646513311	0.0117277457242079	WP_003032777	rlm	naive	0.0117277457242079
-0.200047031779929	0.0570995887901697	17.1610833613462	-3.50347587466986	0.00269143997413049	0.0121765953668323	WP_003041589	rlm	naive	0.0121765953668323
0.336119742574746	0.0945260895160187	15.5239745291401	3.5558409778264	0.00274310598091744	0.0123605016489533	WP_003038351	rlm	naive	0.0123605016489533
-0.178028444014365	0.0511976024791392	17.3222255770632	-3.47728087632431	0.00281692186427697	0.0125964568347176	WP_003040816	rlm	naive	0.0125964568347176
0.47452169992222	0.137551857759986	18.2193445043866	3.44976583849716	0.00281792394430848	0.0125964568347176	WP_003040115	rlm	naive	0.0125964568347176
-0.269165252184245	0.0762471066105625	15.7121880044596	-3.53017005037352	0.0028479495526463	0.0126801563415442	WP_011733696	rlm	naive	0.0126801563415442
0.221559190324196	0.0643490938830241	17.9312974886011	3.44308174295281	0.00291392492346786	0.0129007014682071	WP_003041398	rlm	naive	0.0129007014682071
0.241719972211205	0.0703753059962482	18.1840792729431	3.43472712181303	0.00292047965501301	0.0129007014682071	WP_003035111	rlm	naive	0.0129007014682071
0.32461546469331	0.0941509215432627	17.4468736558154	3.44782036513735	0.00297851994257074	0.0130794545265945	WP_003017470	rlm	naive	0.0130794545265945
-0.133221810775141	0.0387982476214917	17.8836415374466	-3.43370690539499	0.00298426056934777	0.0130794545265945	WP_003038463	rlm	naive	0.0130794545265945
-0.271755881340071	0.0791630780221209	17.6897186652332	-3.43286148201732	0.00302813669745571	0.0132201142978417	WP_003032894	rlm	naive	0.0132201142978417
0.4453002195975	0.128673130073447	16.6365002168873	3.46070869142082	0.00306799387717556	0.0133422059309728	WP_003038958	rlm	naive	0.0133422059309728
-0.222106540251421	0.0648512806766694	17.5784794136892	-3.42485973960612	0.00310467012734687	0.0134495748373868	WP_003039327	rlm	naive	0.0134495748373868
-0.212851768532519	0.061885767488806	16.5959591026038	-3.43943005265338	0.0032208857386844	0.0137990107788498	WP_003041582	rlm	naive	0.0137990107788498
0.197895785161542	0.0577675177346229	17.0010594984492	3.42572769130658	0.00322293209409776	0.0137990107788498	WP_004339068	rlm	naive	0.0137990107788498
-0.829846906038138	0.192052044662049	7.21934450438662	-4.32094804040439	0.00323408164797125	0.0137990107788498	WP_003018803	rlm	naive	0.0137990107788498
-0.142904789486339	0.0417920340332369	17.1298833238823	-3.41942651972115	0.00323828929102123	0.0137990107788498	WP_003040172	rlm	naive	0.0137990107788498
-0.810243121075499	0.231771197983474	15.0144159821051	-3.49587493236874	0.00324682606561172	0.0137990107788498	WP_003040839	rlm	naive	0.0137990107788498
0.231080750456426	0.068878920838097	17.8424161409176	3.35488343378074	0.00356074930413029	0.0150760781857894	WP_011733592	rlm	naive	0.0150760781857894
-0.23506599327406	0.0691372890129257	16.2641183879577	-3.39998858257391	0.00358961812601128	0.0151411711931754	WP_003035617	rlm	naive	0.0151411711931754
0.439222493824244	0.129409794017592	16.3582920324024	3.3940436823857	0.00361058346891485	0.015172564240159	WP_003040522	rlm	naive	0.015172564240159
-0.7343471299434	0.180649289858884	7.97086596564757	-4.06504299306707	0.00363586575741534	0.0152217961933583	WP_011733675	rlm	naive	0.0152217961933583
-0.22762504088689	0.0683176153761889	18.2193445043866	-3.33186455108949	0.00366298866171502	0.0152250262563771	WP_011733608	rlm	naive	0.0152250262563771
0.214251923977893	0.0636457547224261	17.0064842768035	3.36631916633395	0.00366377637185544	0.0152250262563771	WP_003041142	rlm	naive	0.0152250262563771
0.277250803806025	0.0834213195403091	18.0331417468307	3.3235005791542	0.00377256280203595	0.0156192452541858	WP_003026382	rlm	naive	0.0156192452541858
-0.191652243549074	0.0577568717452373	17.8812198427396	-3.31825872416433	0.00385098832834092	0.0158853268544063	WP_003039430	rlm	naive	0.0158853268544063
-0.19289375489237	0.058346121252911	17.8763850364374	-3.30602533210802	0.00395729858995651	0.0162640623367443	WP_003033387	rlm	naive	0.0162640623367443
0.271932710835698	0.0815486434632025	16.6123076435292	3.33460741083207	0.00402735914505641	0.0164915947472748	WP_003039746	rlm	naive	0.0164915947472748
-0.289671476016237	0.0859197048072115	15.0581199485512	-3.37142075460115	0.00417735161389906	0.0169929752480868	WP_003038592	rlm	naive	0.0169929752480868
0.109333288913228	0.0332869585436197	17.7469966781855	3.28456830232645	0.00418009016797857	0.0169929752480868	WP_003041244	rlm	naive	0.0169929752480868
-0.182667880174687	0.0559763981016937	17.5538710183439	-3.2633017909232	0.00442907966501264	0.0179401710618923	WP_003040992	rlm	naive	0.0179401710618923
-0.769436011446592	0.230303149704492	15.0607372338709	-3.34097042282694	0.00444618180797985	0.0179446618293288	WP_003021682	rlm	naive	0.0179446618293288
0.579326993643602	0.175892758582453	15.8667436390331	3.29363754547082	0.00462272686761022	0.0185903209514647	WP_003037623	rlm	naive	0.0185903209514647
-0.961339536533163	0.295741206239659	17.2193445043866	-3.25061072400619	0.0046439214186635	0.0186088565419302	WP_003038424	rlm	naive	0.0186088565419302
-0.316969064107728	0.0932520841955423	13.1114461368262	-3.39905608375539	0.00469866963082382	0.0187612360348197	WP_003039778	rlm	naive	0.0187612360348197
0.218404247789932	0.0668480935456022	16.3940874172134	3.26717242341312	0.00471809676011521	0.0187720020030116	WP_003014877	rlm	naive	0.0187720020030116
-0.339305627984763	0.10455529654511	16.9636579764552	-3.24522658532533	0.00477108576670468	0.0189157534637549	WP_003041231	rlm	naive	0.0189157534637549
0.185358100890475	0.0578245259221209	18.171041979567	3.20552737674181	0.00485800812073194	0.0191925532093705	WP_003038937	rlm	naive	0.0191925532093705
-0.399336647191327	0.123038173318678	16.5182996156583	-3.24563211904175	0.00490027544995574	0.0192627262132934	WP_003024808	rlm	naive	0.0192627262132934
-0.209496388586995	0.0651608141096487	17.5914512473698	-3.21506708363813	0.0049101066818199	0.0192627262132934	WP_003041349	rlm	naive	0.0192627262132934
0.250625347123583	0.0778142506444524	17.0927743980691	3.22081553247536	0.00499019717836879	0.0195087151014975	WP_003040118	rlm	naive	0.0195087151014975
-0.454735687586671	0.141092785902552	16.7739841839251	-3.2229549135187	0.00506279364473088	0.0197002566512487	WP_003041148	rlm	naive	0.0197002566512487
-0.403976918717228	0.126570460249562	17.8757609467317	-3.19171564929681	0.00508731692628174	0.0197002566512487	WP_003038978	rlm	naive	0.0197002566512487
0.234332563401514	0.0723756374558548	16.1809106522691	3.23772710871727	0.00509186669239049	0.0197002566512487	WP_003040123	rlm	naive	0.0197002566512487
-1.50222038921434	0.434916324607889	10.9479432027783	-3.45404461552163	0.00542601161410737	0.020920910759548	WP_003039109	rlm	naive	0.020920910759548
-0.144729941225997	0.0460841404142325	18.2193445043866	-3.14055855062232	0.00559203279553664	0.0214871945088771	WP_003018097	rlm	naive	0.0214871945088771
0.975989957117584	0.307797531956668	16.8147889651145	3.17088298568614	0.00564634194901616	0.0216218282143213	WP_003040502	rlm	naive	0.0216218282143213
-0.255303103379917	0.0812727492233196	17.9039258346907	-3.14131250412608	0.00567262264673634	0.0216485803048918	WP_003015169	rlm	naive	0.0216485803048918
-0.131368628086757	0.0419700136823135	18.189390015074	-3.13005921516097	0.00573125966452577	0.0217982147240607	WP_003041490	rlm	naive	0.0217982147240607
0.350531617107555	0.112847163259767	18.2193445043866	3.10625102999403	0.00603034806464636	0.0228247987400412	WP_011733717	rlm	naive	0.0228247987400412
-0.274022703081007	0.0876659571118014	17.3439571101178	-3.12575955489247	0.0060418584900109	0.0228247987400412	WP_003034557	rlm	naive	0.0228247987400412
0.126813104674085	0.0408218205414586	18.0941503825601	3.10650291907715	0.00606388626368325	0.0228311422411161	WP_003033337	rlm	naive	0.0228311422411161
-0.265219047912112	0.0845788363062939	16.6121051055262	-3.13576137358579	0.00615719272325229	0.0231049171755487	WP_003039507	rlm	naive	0.0231049171755487
-0.438108321249438	0.138703295904821	15.7436074583603	-3.158600654667	0.00618258127175771	0.0231228539563738	WP_003038377	rlm	naive	0.0231228539563738
0.203550367292731	0.0656744072244101	17.9244625791397	3.09938644131491	0.0062106701261967	0.0231507371481485	WP_003038526	rlm	naive	0.0231507371481485
0.203515512974859	0.0660084288216871	17.7374696651354	3.083174627965	0.00649374696549854	0.0241257751499648	WP_003033794	rlm	naive	0.0241257751499648
0.299260850565554	0.0968654083378953	17.2193445043866	3.089450152542	0.0065769227045324	0.0243541494207438	WP_003034797	rlm	naive	0.0243541494207438
0.19483889552358	0.0634473083712437	17.8848866240996	3.0708772448397	0.00662199092047293	0.0244403743841139	WP_011733644	rlm	naive	0.0244403743841139
0.220887267133409	0.0714859834824839	16.9318063142609	3.08993814413328	0.00667046351524898	0.0244461068404014	WP_003040317	rlm	naive	0.0244461068404014
-0.622671579918445	0.16299690429126	6.91898943441291	-3.82014359491018	0.00668650356324176	0.0244461068404014	WP_003016239	rlm	naive	0.0244461068404014
0.133852512648216	0.0435927864051314	17.6944774075527	3.07051977371329	0.00668890802139325	0.0244461068404014	WP_003033562	rlm	naive	0.0244461068404014
0.262757340157359	0.0860661138089517	18.2193445043866	3.05297089096673	0.00677820183733437	0.0246593912123254	WP_003040128	rlm	naive	0.0246593912123254
-0.220721523783008	0.0719587232351403	17.5269045260911	-3.06733518689255	0.00679122271355484	0.0246593912123254	WP_003040900	rlm	naive	0.0246593912123254
-0.221282336222025	0.0724544384400526	17.274813521642	-3.0540894524372	0.00707660651903953	0.0255870663043202	WP_003040499	rlm	naive	0.0255870663043202
-0.179161690608283	0.0587848763082362	17.5055787818878	-3.04775142621473	0.00709231516991408	0.0255870663043202	WP_003033374	rlm	naive	0.0255870663043202
-0.823225284515364	0.209125747851061	6.21934450438662	-3.93650850253822	0.00712602420028225	0.0256117984481453	WP_003039842	rlm	naive	0.0256117984481453
-1.3820487524492	0.42126973309678	11.2193445043866	-3.28067421860495	0.00714482434426868	0.0256117984481453	WP_003034763	rlm	naive	0.0256117984481453
-0.434272979744564	0.142893395973097	17.3752448785871	-3.03913961024712	0.00727158131955128	0.0259831663711355	WP_003038426	rlm	naive	0.0259831663711355
0.29518588351629	0.0960834373827177	15.7898567402041	3.07218279817063	0.00738175492719895	0.0262931080264039	WP_011733685	rlm	naive	0.0262931080264039
-0.286865176014102	0.0955630811436205	18.2193445043866	-3.00184100995003	0.0075802728020736	0.0269147660883752	WP_011733653	rlm	naive	0.0269147660883752
0.169704885888917	0.0570683854899941	18.2193445043866	2.9737110035936	0.00806006641510042	0.028528058415592	WP_003035135	rlm	naive	0.028528058415592
0.332991761771999	0.106630517581678	12.9340628897162	3.12285609527243	0.00812671012582056	0.028673486670348	WP_003015278	rlm	naive	0.028673486670348
0.322442597887421	0.108642187426435	18.1114166367015	2.96793175400447	0.00820016217711996	0.0287949892781382	WP_003038804	rlm	naive	0.0287949892781382
-0.448345833929725	0.147122856822592	14.8697469808702	-3.04742474155706	0.00821247466043157	0.0287949892781382	WP_003021600	rlm	naive	0.0287949892781382
-0.174062213649947	0.0587814490991596	18.1081691779325	-2.96117595461653	0.00832264939973241	0.0290903820140179	WP_003040479	rlm	naive	0.0290903820140179
-0.24946676506467	0.0843020867388199	17.9460856464901	-2.9592003557107	0.0084171051382306	0.0293291675934619	WP_003038628	rlm	naive	0.0293291675934619
-0.219347203290565	0.073415364614236	16.3919718861186	-2.98775609769337	0.00852235074094843	0.0296039552053998	WP_003034461	rlm	naive	0.0296039552053998
-0.661327190652042	0.201154481529336	9.63849024994912	-3.28765824964032	0.0085890853287709	0.0297436843792622	WP_003041521	rlm	naive	0.0297436843792622
-0.143707293741601	0.0486185940663761	17.2740948524384	-2.95580932565443	0.00873724431363179	0.0301636557535227	WP_003019684	rlm	naive	0.0301636557535227
0.21715723600731	0.0745791347210192	18.2193445043866	2.91176931483098	0.00922248259226147	0.0317411824187649	WP_003033116	rlm	naive	0.0317411824187649
0.264722704329788	0.0917285938728752	18.027212118094	2.88593439791154	0.00982887740912559	0.0337247720276419	WP_003038655	rlm	naive	0.0337247720276419
0.16306088083054	0.0564482553431196	17.1689985470722	2.8886788411684	0.0101289254634568	0.0346483364938979	WP_003039904	rlm	naive	0.0346483364938979
-0.430585490432409	0.146203631035453	14.7656184062826	-2.94510804815782	0.0101681605384878	0.0346768271251772	WP_003016538	rlm	naive	0.0346768271251772
-0.448935073477131	0.130420805590576	7.21934450438662	-3.44220442010189	0.0102992756034144	0.035017537051609	WP_003016697	rlm	naive	0.035017537051609
-0.364733168453975	0.127728228639263	18.2193445043866	-2.85554080205774	0.0104166795018894	0.0353097111816311	WP_003038261	rlm	naive	0.0353097111816311
0.173061035388344	0.0606602734873483	18.2193445043866	2.85295507980917	0.0104750362722759	0.035400574390041	WP_003035976	rlm	naive	0.035400574390041
-0.189129959992793	0.0662836279169625	17.9319169202574	-2.85334351688969	0.0105837486045764	0.0356605583613656	WP_003041342	rlm	naive	0.0356605583613656
0.130084799297039	0.0445696881821345	14.5396942326747	2.91868318139105	0.010864913458447	0.0364983020969386	WP_003041240	rlm	naive	0.0364983020969386
-0.347471468956526	0.122913597765686	18.2193445043866	-2.82695710867501	0.0110795401872714	0.0370116557192023	WP_003014363	rlm	naive	0.0370116557192023
0.165466541134952	0.0581457150767164	17.1942461910528	2.84572200920804	0.0110837043864991	0.0370116557192023	WP_003038524	rlm	naive	0.0370116557192023
-0.648670106335059	0.22532636901547	15.461356448498	-2.87880246404061	0.0112051457664844	0.0373061529673456	WP_011733661	rlm	naive	0.0373061529673456
-0.130383040447609	0.0461013642181537	17.7125099617238	-2.82818182626073	0.011266755374055	0.0374002944665378	WP_011733557	rlm	naive	0.0374002944665378
0.192787926724049	0.0683751591675307	17.950568165753	2.81956092053382	0.0113717335541317	0.0376374190198695	WP_003038537	rlm	naive	0.0376374190198695
0.165750660015083	0.0588760010768952	18.0064278183013	2.81524996574756	0.0114531614465639	0.0377954327736609	WP_003035107	rlm	naive	0.0377954327736609
0.181561672430863	0.0647873259954603	17.5286228566694	2.8024257775909	0.0119881058292815	0.0394447353092487	WP_003040148	rlm	naive	0.0394447353092487
-0.263349711680505	0.0943723701227716	17.4051008206316	-2.79053828295195	0.0123534310120378	0.0405010272492001	WP_003016899	rlm	naive	0.0405010272492001
1.52448758942553	0.42494345770475	5.75679147013158	3.58750690658883	0.0123813300770727	0.0405010272492001	WP_003040906	rlm	naive	0.0405010272492001
0.368957812859336	0.133533117990739	18.042405711574	2.76304349371162	0.0127912430517495	0.0417202753025086	WP_003038864	rlm	naive	0.0417202753025086
-0.21515616922213	0.0778934435460453	17.8204131516189	-2.76218587120165	0.0129173664299576	0.0420095221287318	WP_003022051	rlm	naive	0.0420095221287318
0.222773895943668	0.0802256082081399	16.5131870359841	2.77684271792239	0.0131775872319393	0.042731944723225	WP_003035113	rlm	naive	0.042731944723225
-0.118788087660342	0.0433202174362841	18.1631160709109	-2.7420935233083	0.0133206430930148	0.0430713589347625	WP_003035698	rlm	naive	0.0430713589347625
-0.304484918432369	0.110546328250362	17.1128201697727	-2.75436482831687	0.0134845791373488	0.0434761430807624	WP_011733625	rlm	naive	0.0434761430807624
-0.316150346160935	0.116140361631648	18.2193445043866	-2.72214019070855	0.0138742856154569	0.0444801799328357	WP_003039835	rlm	naive	0.0444801799328357
-0.168799138875914	0.0619766597126221	18.1255164559715	-2.72359206931471	0.0138752789451805	0.0444801799328357	WP_003014822	rlm	naive	0.0444801799328357
-0.572462410207838	0.203740134785646	13.7907031158958	-2.80976750511195	0.0140746766627345	0.0449908467680572	WP_003038599	rlm	naive	0.0449908467680572
-0.72826037664279	0.254199124912255	11.9490561101455	-2.86492086427981	0.0142767929811812	0.0455072776275152	WP_003040790	rlm	naive	0.0455072776275152
-0.53392858871626	0.197338057346556	17.9682178055364	-2.70565442822111	0.0144922666051967	0.0460632383315317	WP_003033386	rlm	naive	0.0460632383315317
-0.162319590098017	0.0601859593622769	18.1443556846012	-2.69696772831962	0.014675820781304	0.0465148895949806	WP_003034347	rlm	naive	0.0465148895949806
0.263547244771561	0.0975007945692326	17.4977749238513	2.70302663620268	0.0148114582930312	0.0467546108768182	WP_003037537	rlm	naive	0.0467546108768182
-0.297614655623413	0.109455684921947	16.5532182185722	-2.7190424676036	0.0148347963209869	0.0467546108768182	WP_011733617	rlm	naive	0.0467546108768182
-0.353184235113096	0.129966846183198	16.2860649519024	-2.71749484953459	0.0150406037136419	0.0472704688143032	WP_011733690	rlm	naive	0.0472704688143032
-0.295145360880807	0.110067107213144	18.0776068823259	-2.6815037512457	0.0151994291615374	0.0475552387295162	WP_003038295	rlm	naive	0.0475552387295162
-0.121932110734551	0.0455085619181672	18.1868730391429	-2.67932243066278	0.0152159810195154	0.0475552387295162	WP_003036833	rlm	naive	0.0475552387295162
-0.329543387215909	0.120677236915682	15.2193445043866	-2.73078333278515	0.0153181836685557	0.0477416724336654	WP_003026946	rlm	naive	0.0477416724336654
0.310424708684601	0.115793763129902	17.5490512635763	2.68084135357407	0.0154920443636027	0.0481497888530811	WP_003039877	rlm	naive	0.0481497888530811
-0.168436432081142	0.0631499490728665	17.9466183286082	-2.66724573105813	0.0157326503943705	0.0487625241505075	WP_003039212	rlm	naive	0.0487625241505075
-0.396011623370302	0.145663326638743	15.0974666181546	-2.71867760065952	0.0157832995710514	0.0487847441287043	WP_003041497	rlm	naive	0.0487847441287043
0.14336905579692	0.0529645955103716	15.5401193208595	2.70688474848912	0.015852499976076	0.0488640246515309	WP_003040921	rlm	naive	0.0488640246515309
-1.30064042057993	0.396311300255603	6.16380663390433	-3.28186559338851	0.016141661307278	0.0496190246212765	WP_003038464	rlm	naive	0.0496190246212765
-0.218402821117319	0.082435842025273	17.9837503397238	-2.64936726248713	0.0163191077017117	0.0500274285281981	WP_003033853	rlm	naive	0.0500274285281981
0.121416671502332	0.0455781932794956	16.9013057087172	2.66392023829857	0.0164176860546726	0.0501108317600521	WP_003040487	rlm	naive	0.0501108317600521
0.177388545179394	0.0671299781834458	18.2110459373042	2.64246391820126	0.0164415045850639	0.0501108317600521	WP_003035703	rlm	naive	0.0501108317600521
0.14851864824053	0.0561817180545953	18.0623532171043	2.6435405214238	0.016480300284723	0.0501108317600521	WP_003034128	rlm	naive	0.0501108317600521
-0.228020678072088	0.0861062864787477	17.4531107505732	-2.64813043735624	0.0166470216127467	0.0504809682418968	WP_003039700	rlm	naive	0.0504809682418968
-1.40110621168062	0.53158708372809	17.6653696360843	-2.63570401646045	0.0169677550632186	0.0513148818893026	WP_003032885	rlm	naive	0.0513148818893026
0.177438040915446	0.0677022969032637	18.2193445043866	2.62085703191101	0.0172064777848495	0.0518969571897881	WP_003018795	rlm	naive	0.0518969571897881
-0.240872448211428	0.0916883603226019	17.5177344803045	-2.62707771590557	0.0173600068189548	0.0522196451765879	WP_003033484	rlm	naive	0.0522196451765879
-0.341607942151747	0.129544442572595	16.749665337989	-2.63699418800089	0.0174532824478314	0.0523598473434942	WP_003038706	rlm	naive	0.0523598473434942
-0.207639152141107	0.0794906077522568	18.0964191545917	-2.61212183442152	0.017592017892326	0.0526353175338393	WP_003040064	rlm	naive	0.0526353175338393
-0.178080959903983	0.0680157005458129	17.2247006533758	-2.61823312080765	0.0178536969656247	0.0532251512687332	WP_003033849	rlm	naive	0.0532251512687332
-0.137281200176033	0.0523386742468098	16.8841732242572	-2.62293996077673	0.0178840303282642	0.0532251512687332	WP_003041472	rlm	naive	0.0532251512687332
-0.180465993532149	0.0685802537659972	16.2896536950067	-2.63145706850133	0.017947657691293	0.0532732061630442	WP_003035141	rlm	naive	0.0532732061630442
-0.585980758801194	0.210603361577626	10.7981550849493	-2.78239033988642	0.0181125869214167	0.0534952248497576	WP_003022248	rlm	naive	0.0534952248497576
-0.284844286683645	0.108756704347441	16.7377096612069	-2.61909634346462	0.0181178123377076	0.0534952248497576	WP_003040989	rlm	naive	0.0534952248497576
0.35965443582639	0.133486366141967	13.2193445043866	2.69431587825146	0.0181717230119455	0.053513578003682	WP_003019781	rlm	naive	0.053513578003682
-0.148862231843101	0.0571497072345037	16.5710536156013	-2.60477680545713	0.0187677946927988	0.0551242556160215	WP_003035267	rlm	naive	0.0551242556160215
-0.301730323755504	0.115717621561835	16.2193445043866	-2.60747083878035	0.018897954043149	0.05536163038228	WP_011733590	rlm	naive	0.05536163038228
0.229768815046712	0.0889489841562138	17.297165725818	2.58315277264086	0.0191585760265157	0.0559789643274754	WP_003034218	rlm	naive	0.0559789643274754
-0.185311580345908	0.0719053316266342	16.9487540584681	-2.57716049914255	0.0196150917665162	0.0571639817195614	WP_003038617	rlm	naive	0.0571639817195614
-0.212006175595627	0.0823170423638748	16.1183511724478	-2.57548339332302	0.0202422948169864	0.0588390020327947	WP_011733599	rlm	naive	0.0588390020327947
-0.195650152719955	0.0763917229003424	16.5858306539761	-2.56114334500863	0.0205133155537512	0.0594721947091059	WP_003022867	rlm	naive	0.0594721947091059
-0.427376873214138	0.166817764072238	16.4596284905847	-2.56193862560745	0.0205661421988709	0.0594721947091059	WP_003034447	rlm	naive	0.0594721947091059
-0.550652745924977	0.212273185460886	14.5082326262798	-2.59407585903704	0.0207549338177851	0.0597716533612585	WP_003039935	rlm	naive	0.0597716533612585
-0.147433720349528	0.0580922323001371	17.7238261904767	-2.53792485693789	0.0207762431469615	0.0597716533612585	WP_003039550	rlm	naive	0.0597716533612585
-0.347861834684309	0.113572713247047	6.21934450438662	-3.06289974712174	0.0211566106222831	0.0607102739595949	WP_003038429	rlm	naive	0.0607102739595949
-0.289933563712745	0.113242229335394	15.3186599501601	-2.56029544291323	0.02148625964413	0.0614989370426373	WP_003035700	rlm	naive	0.0614989370426373
0.233719499265114	0.0929271332158211	17.7952096709182	2.51508349797369	0.0217417921475275	0.0620340569169164	WP_003034781	rlm	naive	0.0620340569169164
-0.387500357373133	0.151414654765825	14.9650601868934	-2.55919982099773	0.0218262399297874	0.0620340569169164	WP_003039122	rlm	naive	0.0620340569169164
0.25273075023833	0.0995645777010622	15.9975530832056	2.53836008823481	0.0219144690351787	0.0620340569169164	WP_003039815	rlm	naive	0.0620340569169164
-0.178560934608813	0.0709937653834249	17.4825790907815	-2.51516360126043	0.0219318666756737	0.0620340569169164	WP_003015139	rlm	naive	0.0620340569169164
0.21561890528225	0.085976836145716	17.9935229312441	2.5078720612237	0.0219496618502815	0.0620340569169164	WP_003036879	rlm	naive	0.0620340569169164
-0.121250773103687	0.0481679669919908	16.9267653367772	-2.51724913206007	0.0222003247934834	0.06258483522183	WP_003033621	rlm	naive	0.06258483522183
-0.356709897135394	0.124210624018497	7.47596687834811	-2.87181470952335	0.022302248180234	0.0626798471262021	WP_003034657	rlm	naive	0.0626798471262021
-0.571390462182574	0.190659622144366	6.38668733282705	-2.99691384969767	0.0223457565512307	0.0626798471262021	WP_003033154	rlm	naive	0.0626798471262021
-0.121565725171465	0.0488238544826733	18.0585700904659	-2.48988381723542	0.0227463382747452	0.0636443679408084	WP_003038742	rlm	naive	0.0636443679408084
0.151797826432472	0.0607841133573902	16.7814641375184	2.49732731215395	0.0232248107565896	0.0648214867385412	WP_011733726	rlm	naive	0.0648214867385412
0.335708257530406	0.135791783149867	17.6963680101827	2.47222806670049	0.0238223076646577	0.0663241419348533	WP_003038729	rlm	naive	0.0663241419348533
-0.181125128455589	0.073118712011932	17.1567123010156	-2.47713784162434	0.0239378342220317	0.0663451450814738	WP_003035085	rlm	naive	0.0663451450814738
-0.187829206971345	0.0755427053077814	16.503740749104	-2.48639767673237	0.0239481138663074	0.0663451450814738	WP_003014561	rlm	naive	0.0663451450814738
0.161411829172957	0.0656048217336468	17.727340043115	2.46036533455245	0.0243918798266225	0.0674081013927843	WP_003034563	rlm	naive	0.0674081013927843
-0.239235751089251	0.0974098588240146	17.7666086243244	-2.45597061711655	0.0245883206641917	0.0677840191283124	WP_003039781	rlm	naive	0.0677840191283124
0.255926124036538	0.103691259918137	16.3724358986879	2.46815521615408	0.0249480823804858	0.0686072265463359	WP_003037539	rlm	naive	0.0686072265463359
0.132546880106066	0.0541271821364464	16.6691576175315	2.44880436916032	0.0257158237003779	0.0705456092709633	WP_003039908	rlm	naive	0.0705456092709633
-0.148238860770896	0.060879285222813	17.4456869959352	-2.43496388350083	0.0258893240444099	0.0708483453117755	WP_003038346	rlm	naive	0.0708483453117755
-0.121507620304344	0.0501578262247258	18.0486319417849	-2.42250570748309	0.0261556456474203	0.0714030034462424	WP_003039802	rlm	naive	0.0714030034462424
0.407104172997971	0.166447078177077	14.773157402046	2.44584751776098	0.0274781943283146	0.0746570504543328	WP_003040524	rlm	naive	0.0746570504543328
-0.153558647199982	0.0637187816782135	17.1167012385543	-2.4099432405263	0.0274807146503025	0.0746570504543328	WP_011733672	rlm	naive	0.0746570504543328
0.489759261899328	0.178286050680902	7.21934450438662	2.74704195885691	0.0277745915796927	0.0752731684840946	WP_003039016	rlm	naive	0.0752731684840946
0.193710529488802	0.0806191573974469	16.8233157373921	2.40278533964108	0.0281009313276383	0.075876426432492	WP_003039515	rlm	naive	0.075876426432492
-0.448716427189696	0.18782856623957	17.8747610287534	-2.38896796250561	0.0281383823827316	0.075876426432492	WP_003039451	rlm	naive	0.075876426432492
-0.359699924226333	0.147913055726948	14.8150429052227	-2.43183350150206	0.0282000622302577	0.075876426432492	WP_003035781	rlm	naive	0.075876426432492
-0.104710176848251	0.0438165911654696	17.560927401302	-2.38973808922792	0.0283096635851627	0.0759890969917525	WP_003034542	rlm	naive	0.0759890969917525
0.221468635142433	0.0927623077708189	17.5606947991464	2.38748518083012	0.0284400241718203	0.0761568189040153	WP_003040125	rlm	naive	0.0761568189040153
-0.742488835662464	0.309845116751749	15.9214567500545	-2.39632253509857	0.0291986353770172	0.0778354559257053	WP_003039874	rlm	naive	0.0778354559257053
-0.653763865441117	0.275270822856289	17.5143460753481	-2.37498423791333	0.0292056389881657	0.0778354559257053	WP_003017327	rlm	naive	0.0778354559257053
-0.696681378525033	0.293027611207242	17.1605211226066	-2.37752809591827	0.0293121763904516	0.0779342699291155	WP_003017394	rlm	naive	0.0779342699291155
-0.264180528764911	0.110855681654215	16.5453678058376	-2.38310319166997	0.0294560887856068	0.0781317532327443	WP_003038700	rlm	naive	0.0781317532327443
0.242631781830592	0.102787988031942	17.5960479295734	2.36050716115965	0.0300179219739259	0.0793020590088607	WP_011733727	rlm	naive	0.0793020590088607
0.119170209004779	0.0506000207915259	18.0365888288396	2.3551415027232	0.0300386587154775	0.0793020590088607	WP_003019812	rlm	naive	0.0793020590088607
-0.360000881617993	0.1493466979961	13.5529341812738	-2.41050446008115	0.0307695570191847	0.0809546147061167	WP_003040880	rlm	naive	0.0809546147061167
-0.597399139788159	0.187274563862012	4.21934450438662	-3.18996412256144	0.0308089309086558	0.0809546147061167	WP_003039180	rlm	naive	0.0809546147061167
-0.228699175365111	0.0974593572741556	17.5825705237145	-2.34661074894814	0.0308857419195744	0.0809668281162675	WP_003026086	rlm	naive	0.0809668281162675
-0.613394319360643	0.235725653218729	8.16621587765966	-2.60215343975089	0.0309798381993535	0.0810241922136938	WP_003026091	rlm	naive	0.0810241922136938
0.231917107657671	0.0990980624903684	17.853220878494	2.34027893007708	0.0310906033088472	0.0811247835175035	WP_003034837	rlm	naive	0.0811247835175035
0.185163942931306	0.0792782884627708	16.5457038398257	2.33561983390016	0.0323875432328236	0.0843128155620142	WP_003037729	rlm	naive	0.0843128155620142
-0.119825326438761	0.051780197972117	18.0521502640343	-2.31411487656508	0.0326433587377727	0.0846150515474224	WP_003037711	rlm	naive	0.0846150515474224
0.233553984198227	0.0987293153883859	14.2193445043866	2.36559914630686	0.0327188013215609	0.0846150515474224	WP_003023340	rlm	naive	0.0846150515474224
0.0872703403933606	0.0374596392893541	16.5946338590147	2.32971651753632	0.0327298862491812	0.0846150515474224	WP_003038496	rlm	naive	0.0846150515474224
-0.189164416714877	0.0819017373346693	17.5668034794204	-2.30965084344802	0.0332924988725185	0.0858716867470478	WP_003038934	rlm	naive	0.0858716867470478
-0.142288766410369	0.0618246657768712	18.2193445043866	-2.30148864732884	0.0333723297169609	0.0858801695927298	WP_003026207	rlm	naive	0.0858801695927298
0.317975744639057	0.137964231455307	16.7548961643014	2.30476944121611	0.034260845927763	0.0879649179197941	WP_003032819	rlm	naive	0.0879649179197941
-0.172435359988332	0.0754039191150717	17.164742103542	-2.28682225024913	0.0351700546216706	0.090093153619896	WP_003040916	rlm	naive	0.090093153619896
-0.105199604379934	0.0460675957578355	17.3082105408739	-2.28359224416528	0.0352839204380397	0.0901789492744431	WP_011733582	rlm	naive	0.0901789492744431
-0.211044163913293	0.0930523802457389	16.8920697349244	-2.26801467470207	0.0367386722380655	0.0936836142070671	WP_011733709	rlm	naive	0.0936836142070671
-0.160511734162309	0.0711394120645918	17.7196776828272	-2.25629829519212	0.036937918672788	0.093897051077123	WP_003038948	rlm	naive	0.093897051077123
-0.13872760433849	0.0615097442150936	17.741269045272	-2.2553760564078	0.0369897473940181	0.093897051077123	WP_003018370	rlm	naive	0.093897051077123
0.273142075129797	0.119322906216581	14.8841565275974	2.28910008807546	0.0371183031792064	0.0939385928569156	WP_003025316	rlm	naive	0.0939385928569156
-0.174262369050597	0.0773484565753492	17.7363415854587	-2.2529521178078	0.0371735608096885	0.0939385928569156	WP_011733708	rlm	naive	0.0939385928569156
0.164047233802253	0.0731941442477289	17.6195766888515	2.24126172234528	0.038143952300203	0.0961741898445569	WP_003033196	rlm	naive	0.0961741898445569
0.284823528164927	0.126959650688537	16.7919572603873	2.24341770491846	0.0386585882119645	0.0972532196722515	WP_003040215	rlm	naive	0.0972532196722515
-0.106298804186844	0.0474649616776122	17.0389301650306	-2.23952154241351	0.0387468076645294	0.097257087694859	WP_003039079	rlm	naive	0.097257087694859
-0.218131025936733	0.0980334585652862	17.9984763045893	-2.22506712635734	0.0391027433062296	0.0978794494966229	WP_003019758	rlm	naive	0.0978794494966229
1.04032322337929	0.422916387638551	8.04398886133332	2.4598791954792	0.03916922711585	0.0978794494966229	WP_003041552	rlm	naive	0.0978794494966229
-0.21408525120922	0.0963910102588056	17.7631886081874	-2.22100848029718	0.0396023033482253	0.0987417430149085	WP_003041313	rlm	naive	0.0987417430149085
-0.174984592104533	0.0783976962227282	16.4066226590276	-2.23201191534253	0.0398811967876138	0.09908703550893	WP_003040194	rlm	naive	0.09908703550893
0.0990432873144944	0.0443047608947593	16.0750505001403	2.23549987211893	0.0399174153743639	0.09908703550893	WP_003040233	rlm	naive	0.09908703550893
0.142100228911515	0.063769464730263	16.1942613858242	2.22834282069923	0.0403657052868647	0.0999786342866715	WP_003039053	rlm	naive	0.0999786342866715
-0.203862730275096	0.0924465518745382	17.5785027836274	-2.20519560915331	0.0410160730998173	0.101365713696024	WP_003015654	rlm	naive	0.101365713696024
-0.10479999322456	0.0476548237095303	16.8347109397783	-2.1991476427097	0.0421396381809069	0.103685848357916	WP_003038572	rlm	naive	0.103685848357916
-0.45321344208277	0.206894739195351	17.6825728224954	-2.19055082717615	0.0421397030759443	0.103685848357916	WP_003038553	rlm	naive	0.103685848357916
-0.249114000437315	0.113332163137744	16.6602417417927	-2.19808740555443	0.0423833960962663	0.104057265689302	WP_003024407	rlm	naive	0.104057265689302
-0.312957571168809	0.142925503805412	17.1476991805508	-2.18965518984554	0.042658282781473	0.104503478779067	WP_003021424	rlm	naive	0.104503478779067
0.224212795975313	0.103454675781568	18.2193445043866	2.16725628185924	0.0437023428265222	0.106827949131499	WP_003025263	rlm	naive	0.106827949131499
-0.144601285091499	0.066497322140688	16.9642700897239	-2.17454298062661	0.0441048591453028	0.107577504263108	WP_003040223	rlm	naive	0.107577504263108
-0.101782834349203	0.0469253383620361	17.4059554332316	-2.16903783546392	0.0442010291639851	0.107578209809092	WP_004338933	rlm	naive	0.107578209809092
-0.190710912212443	0.0885192629690623	18.0927525632173	-2.15445662125652	0.0449255486747486	0.109104903924389	WP_003015772	rlm	naive	0.109104903924389
0.337371571626295	0.153966983968052	13.9715983912851	2.19119426081828	0.0458874986167959	0.111200374617808	WP_003034424	rlm	naive	0.111200374617808
0.157455096398006	0.0734630011098026	17.665591830379	2.14332512992034	0.0462716411712628	0.111889615073614	WP_003039338	rlm	naive	0.111889615073614
-1.80461382921121	0.810632795714821	11.6656135866047	-2.22617915133805	0.0465292488212947	0.112270574575253	WP_003038275	rlm	naive	0.112270574575253
0.182859303483066	0.0855361613653848	17.2768750457494	2.13780114239573	0.0471079005155746	0.113422884932349	WP_003036474	rlm	naive	0.113422884932349
-0.315569261651544	0.14761948172754	16.287271284022	-2.1377209698784	0.048031903429191	0.115399990679983	WP_003039650	rlm	naive	0.115399990679983
0.503446077564907	0.234528711538126	14.8531812151231	2.14662876141314	0.0487561576889848	0.116889762664617	WP_011733633	rlm	naive	0.116889762664617
-0.158085926722789	0.074247379367348	16.2396369425677	-2.12917853895744	0.0488767328172501	0.116928985545745	WP_011733667	rlm	naive	0.116928985545745
-0.408367419247659	0.193014688533918	17.0596728834563	-2.11573234321956	0.0493751106825132	0.117869945076127	WP_003018506	rlm	naive	0.117869945076127
0.196279111407387	0.0933018434291328	18.0620809545339	2.10370025064372	0.0496778718987519	0.118234306014223	WP_003040306	rlm	naive	0.118234306014223
0.122121055495771	0.0580818076380308	18.1233609568256	2.1025698142323	0.0497384959346821	0.118234306014223	WP_003033338	rlm	naive	0.118234306014223
0.205258413277649	0.0971197796748089	16.5269624659531	2.11345633160336	0.0500934808740108	0.11882639649184	WP_003040604	rlm	naive	0.11882639649184
-0.110417140719833	0.0528571612012731	18.2193445043866	-2.08897220755725	0.0510044261033419	0.120702578589896	WP_003038445	rlm	naive	0.120702578589896
-0.240212625991036	0.114680050577554	17.4352493168806	-2.09463306635524	0.051099576497505	0.120702578589896	WP_003014122	rlm	naive	0.120702578589896
0.0823805811573216	0.0394951143007605	17.8239680492241	2.0858423279898	0.0516443603684162	0.121733135154124	WP_003038501	rlm	naive	0.121733135154124
-0.163016597636767	0.0776547971943222	16.0113606781137	-2.09924696897781	0.052003471178185	0.122322630318498	WP_003034965	rlm	naive	0.122322630318498
0.197616962390316	0.0953703360839425	17.3965700762108	2.07210093310753	0.053417771659179	0.125304736855563	WP_003038723	rlm	naive	0.125304736855563
0.104872693450337	0.0507359550949986	17.9139830912609	2.0670290576766	0.05349462473602	0.125304736855563	WP_003040990	rlm	naive	0.125304736855563
0.332630024159405	0.158984677524997	14.9987258910834	2.0922143525882	0.0538392280899157	0.125612082358069	WP_003034027	rlm	naive	0.125612082358069
-0.319541306883238	0.154528215638379	17.4067609899916	-2.06785088123335	0.0538497429716857	0.125612082358069	WP_003038932	rlm	naive	0.125612082358069
0.172122506262591	0.0836585653630106	18.2193445043866	2.05744032922054	0.0542463749508348	0.126274756628292	WP_003041015	rlm	naive	0.126274756628292
-0.11008260067566	0.0535184253133749	17.4771033056641	-2.05691030763846	0.0549373665347805	0.127618478782658	WP_003034470	rlm	naive	0.127618478782658
0.177060563516075	0.0862384835243363	17.2461238145596	2.05315024430026	0.0555471816200039	0.128387907289937	WP_003014894	rlm	naive	0.128387907289937
-0.12120753811696	0.0592477494116618	18.1494180907772	-2.04577455381119	0.0555501612966234	0.128387907289937	WP_003028608	rlm	naive	0.128387907289937
-0.133980286031723	0.0647496358628125	15.5134331107984	-2.06920524334056	0.055611874280668	0.128387907289937	WP_003040596	rlm	naive	0.128387907289937
0.134808526085011	0.0660745395156676	16.1861501374717	2.04024919542641	0.0579886346237969	0.133600098660986	WP_003038551	rlm	naive	0.133600098660986
0.304036225827674	0.15010253538414	17.7402243389086	2.02552358659092	0.0581268932859437	0.133644209563174	WP_003040395	rlm	naive	0.133644209563174
0.259117225844309	0.115427903664175	7.21934450438662	2.24484043822005	0.0585176663691212	0.13426752896964	WP_003034895	rlm	naive	0.13426752896964
0.113622053688674	0.0561525177317992	17.2832758081338	2.02345430406818	0.0587724802489975	0.13457698538648	WP_003039996	rlm	naive	0.13457698538648
0.105634412084015	0.0521252119044493	16.7630391028282	2.02655122587612	0.0589224249251934	0.134645541275085	WP_003041311	rlm	naive	0.134645541275085
0.105944427226616	0.052417654428385	16.642417690108	2.02115925220122	0.059650795613134	0.136032911947025	WP_003038972	rlm	naive	0.136032911947025
-0.539124675274653	0.261462062524886	10.9298784678053	-2.06196138005045	0.0638110978303378	0.145225257131114	WP_003034442	rlm	naive	0.145225257131114
-0.171628055395227	0.0871168627987648	17.5021319457321	-1.97008994448846	0.0648605569935555	0.147314868313298	WP_011733712	rlm	naive	0.147314868313298
-0.197605182236048	0.0986439199150281	13.7686627599332	-2.00321704983201	0.065244442417797	0.147804211936668	WP_003038567	rlm	naive	0.147804211936668
0.282982743518612	0.143908827918663	17.4566139459055	1.96640294839002	0.0653591345710217	0.147804211936668	WP_003023263	rlm	naive	0.147804211936668
-0.243313394966462	0.123205458882836	16.2144517769996	-1.97485888346752	0.0655644081973499	0.147804211936668	WP_003016871	rlm	naive	0.147804211936668
-0.23682339880794	0.120892293870778	18.2193445043866	-1.95896190919399	0.0656029389879328	0.147804211936668	WP_003040486	rlm	naive	0.147804211936668
-0.0859181602926893	0.0438815024395597	18.0627362626854	-1.95795849084768	0.065864934172912	0.148097106497009	WP_003041364	rlm	naive	0.148097106497009
-0.305119723602701	0.15533557906896	16.8073436944845	-1.96426166774867	0.0662570542020869	0.148680829629483	WP_003038681	rlm	naive	0.148680829629483
-0.0731535752045705	0.0374903093607714	17.6594730216631	-1.95126624591463	0.0670733859069991	0.150212253468369	WP_003033367	rlm	naive	0.150212253468369
0.15569104072118	0.0799932557703667	17.8449119709795	1.94630208786746	0.0675386441148216	0.150952905770577	WP_003040969	rlm	naive	0.150952905770577
-0.152551581594622	0.0786014108148195	17.2641514016298	-1.94082498027961	0.0687877570172884	0.153439092193633	WP_003038264	rlm	naive	0.153439092193633
-0.406840851495062	0.208645066387461	15.8482138840352	-1.94991838790736	0.0691047406847355	0.153840315571971	WP_003033964	rlm	naive	0.153840315571971
-0.144762858043832	0.0750302347904518	17.0355749057176	-1.92939364308445	0.0705097828962174	0.156657379028824	WP_003041254	rlm	naive	0.156657379028824
-0.0857002775302909	0.0445009748431208	16.9441834886663	-1.92580674541198	0.0710776135422793	0.157606882202445	WP_003033328	rlm	naive	0.157606882202445
-0.109746383311685	0.0572421974513504	17.5505179194612	-1.91722869138554	0.0716344551095209	0.158528320774916	WP_003041286	rlm	naive	0.158528320774916
-0.1983891898915	0.103322910787329	16.6754304132	-1.92008905265791	0.0721190930909214	0.159286658362232	WP_011733656	rlm	naive	0.159286658362232
-0.278241379971983	0.146108573695732	16.873347443346	-1.90434669871882	0.0740589417891204	0.16312713074023	WP_003036556	rlm	naive	0.16312713074023
-0.216118980590355	0.11321436514089	16.1547768522743	-1.90893602875752	0.0741980269029438	0.16312713074023	WP_003039832	rlm	naive	0.16312713074023
-0.582916778630314	0.290985088557239	9.56184664509032	-2.00325309286647	0.074294085390604	0.16312713074023	WP_003041579	rlm	naive	0.16312713074023
-0.335747633206341	0.175455673535294	15.3346235715764	-1.91357524348623	0.0745296793739503	0.163324805190571	WP_003040058	rlm	naive	0.163324805190571
0.213024958546625	0.113050761144695	17.6986142656152	1.88433015744116	0.076053587581732	0.166339425471156	WP_003038477	rlm	naive	0.166339425471156
0.0755492987434206	0.0400261890470194	16.7218743945694	1.88749667510618	0.0765752145334626	0.16715445662752	WP_003033478	rlm	naive	0.16715445662752
-0.51641274645862	0.232775383580882	5.02252933192227	-2.21850239709382	0.0770322647311991	0.167825633064865	WP_003014820	rlm	naive	0.167825633064865
0.272138816906984	0.143830661705858	15.2193445043866	1.89207790383057	0.0776630225407224	0.168871921105989	WP_011733701	rlm	naive	0.168871921105989
0.115294848923264	0.0616390836124185	17.7715112709058	1.87048285221482	0.0779792110882289	0.169231479382965	WP_003018080	rlm	naive	0.169231479382965
0.231000053938011	0.123695520351687	16.3142868282968	1.86748924521469	0.0799057719354733	0.173033246054318	WP_003018461	rlm	naive	0.173033246054318
0.210744715076002	0.113229396733552	17.0562627266449	1.86121909288203	0.080039442693575	0.173033246054318	WP_003038504	rlm	naive	0.173033246054318
-0.10975712433628	0.0591482472551234	17.5403050939353	-1.8556276716513	0.0803901291953761	0.173457163379254	WP_003041161	rlm	naive	0.173457163379254
-0.348214239008524	0.188501711822702	16.854873539134	-1.84727361699528	0.0823376663436048	0.177318352471256	WP_003041289	rlm	naive	0.177318352471256
-0.118888694648595	0.0647258052311521	18.2193445043866	-1.83680518494924	0.0826087431022685	0.177561321380738	WP_003037043	rlm	naive	0.177561321380738
-0.82394590733336	0.433817257312491	11.4431149280048	-1.89929260176906	0.0830162400756304	0.17809602555422	WP_003039164	rlm	naive	0.17809602555422
0.303162251719039	0.163466312428426	14.2858784865386	1.85458549358161	0.0844116667577387	0.180744065080502	WP_011733703	rlm	naive	0.180744065080502
-0.226476298572742	0.123864475183855	17.0463548631444	-1.82842011994624	0.0850400267347387	0.181685100436504	WP_011733584	rlm	naive	0.181685100436504
-2.61323531981949	1.31074436377083	7.21934450438662	-1.99370326667022	0.0851750114345819	0.181685100436504	WP_003039401	rlm	naive	0.181685100436504
-0.298320800178927	0.149878422721015	7.21934450438662	-1.99041859904159	0.0855934299160607	0.182231173369678	WP_003039335	rlm	naive	0.182231173369678
-0.359426887927194	0.196540789529952	16.0041378134156	-1.82876485225689	0.0861319350728487	0.183030362029803	WP_003025780	rlm	naive	0.183030362029803
0.108971153301893	0.0600750636799018	17.4702011335577	1.81391656748837	0.0869042369699546	0.184322408091284	WP_003040822	rlm	naive	0.184322408091284
0.240495657967535	0.132879598070958	17.522341957716	1.80987647057082	0.0875007116721757	0.185237355653172	WP_003039049	rlm	naive	0.185237355653172
-0.379603416604994	0.210011692713887	17.1855928079077	-1.80753467437717	0.0882154820403024	0.186398815158605	WP_011733650	rlm	naive	0.186398815158605
0.130485357354059	0.072538101629352	17.9540849776804	1.79885266395308	0.0888748418998714	0.187439046262511	WP_003040369	rlm	naive	0.187439046262511
0.110858865846181	0.0613101509252948	15.7436175339639	1.80816494777937	0.0897210223933122	0.188868643762282	WP_003018618	rlm	naive	0.188868643762282
0.200045879484299	0.11138863639911	16.9437644226942	1.79592717849176	0.0903595862664197	0.1898566587845	WP_011733734	rlm	naive	0.1898566587845
0.121890709607213	0.0680241899151783	16.9753882102353	1.79187300516483	0.0909959872021709	0.190836444188478	WP_003038744	rlm	naive	0.190836444188478
-0.2744166978366	0.151853114626103	13.9691805742043	-1.807119323909	0.0923233147687438	0.193258879049497	WP_003026299	rlm	naive	0.193258879049497
-0.108791161180544	0.0613729592949941	17.852172451903	-1.77262368362637	0.0933549895302469	0.195054559130236	WP_003039133	rlm	naive	0.195054559130236
0.10970490117149	0.0619356262490982	17.8690799590772	1.77127297833833	0.0935696279994045	0.195139633114	WP_011733711	rlm	naive	0.195139633114
-4.12285894140467	1.99052907022143	4.91569208463966	-2.07123774431792	0.0940547586776939	0.195787456839281	WP_003038607	rlm	naive	0.195787456839281
0.188036314188453	0.103549628846085	12.082323777023	1.81590524547363	0.0942653679902317	0.195862486824148	WP_003033373	rlm	naive	0.195862486824148
0.585264903719722	0.327465821873543	14.6119563683792	1.78725492746456	0.094651705354687	0.19630168836961	WP_003040227	rlm	naive	0.19630168836961
-0.167614829284636	0.0931322635731774	12.6960945696258	-1.7997504071501	0.0956957257365589	0.198100745897452	WP_003016046	rlm	naive	0.198100745897452
0.20725024074358	0.117994779227897	18.0086004235447	1.75643568384745	0.0960050239044626	0.198375021769442	WP_003041448	rlm	naive	0.198375021769442
0.146500089099459	0.083213841647174	17.0681552985228	1.76052548710128	0.0962246478415979	0.198463336173296	WP_003035149	rlm	naive	0.198463336173296
-0.0700047605097765	0.0398634802386315	17.2756469778475	-1.75611261462152	0.0967809704521422	0.199244493297805	WP_003037455	rlm	naive	0.199244493297805
-0.118009335184568	0.0670037767729606	16.0793040024243	-1.76123408064649	0.097199823370379	0.199740296376493	WP_003032783	rlm	naive	0.199740296376493
-0.557436129579623	0.314077365138537	13.3148867728262	-1.77483700340438	0.0987770609644751	0.20261035174066	WP_011733635	rlm	naive	0.20261035174066
-0.274292864874087	0.154605889057439	13.2485278172347	-1.77414241169159	0.0990102480780611	0.202718062670775	WP_003038904	rlm	naive	0.202718062670775
-0.128158852234558	0.0737865370311833	18.1482692169462	-1.7368866651161	0.0993500053601758	0.203043180353583	WP_003040252	rlm	naive	0.203043180353583
0.0978642626516758	0.0565874201355266	17.8562274760768	1.72943495952442	0.100979800737456	0.205998793504411	WP_003038530	rlm	naive	0.205998793504411
0.126819285848683	0.0733350744209411	17.4407181949735	1.72931284041172	0.10141154810788	0.206504096147081	WP_011733686	rlm	naive	0.206504096147081
-0.0954019479076887	0.0551955248533385	17.1813479709143	-1.7284362846659	0.101837502811818	0.206995793758803	WP_003036264	rlm	naive	0.206995793758803
-0.241119063983734	0.13876252761726	15.431526862056	-1.73763816589446	0.102185275334804	0.207327086664829	WP_003034373	rlm	naive	0.207327086664829
0.110902537203381	0.0645052103701683	17.8013973354894	1.71928029638162	0.102902933806706	0.208406302763762	WP_003041536	rlm	naive	0.208406302763762
-0.17684020194101	0.102760704080872	17.2900958564463	-1.72089324925059	0.103114341288769	0.208458181848647	WP_003040762	rlm	naive	0.208458181848647
-0.105975044857586	0.0615556190313657	16.8346522037847	-1.72161447687799	0.10346139800899	0.208563941930147	WP_011733639	rlm	naive	0.208563941930147
0.182774318299646	0.105871698635764	15.996206484517	1.72637560986391	0.103538427500082	0.208563941930147	WP_003038479	rlm	naive	0.208563941930147
-0.0869416811954218	0.0509468056136514	18.2193445043866	-1.70651879245841	0.104898601378357	0.210925144707019	WP_003039225	rlm	naive	0.210925144707019
-0.211735769325598	0.1239876136353	17.1889820860074	-1.70771711074625	0.105685036391089	0.212126316334171	WP_003034840	rlm	naive	0.212126316334171
0.342700839905584	0.193482812013343	10.0976156528829	1.77122110403249	0.106648217350273	0.213677321191084	WP_003033346	rlm	naive	0.213677321191084
0.10164465644912	0.0598782242986772	17.9104465082418	1.69752289149572	0.10690534672346	0.21381069344692	WP_003041114	rlm	naive	0.21381069344692
-0.323274687938796	0.190133529191981	16.9859900147628	-1.70025081484907	0.107319159707819	0.214256400697816	WP_003037818	rlm	naive	0.214256400697816
-0.269468773437711	0.159062292323083	17.751055165724	-1.69410844960271	0.10771727225978	0.214669235302795	WP_003041399	rlm	naive	0.214669235302795
0.539468698723899	0.287095188410297	6.04644715423315	1.87905865546213	0.108922542471494	0.216316794060439	WP_003038444	rlm	naive	0.216316794060439
0.131890769201551	0.078007859863586	17.1039551244048	1.69073692615322	0.109027322895357	0.216316794060439	WP_003016128	rlm	naive	0.216316794060439
0.608494873673533	0.311964817362602	4.95473357780792	1.9505240328632	0.109122375613376	0.216316794060439	WP_003039821	rlm	naive	0.216316794060439
-0.222827200692875	0.132948418597089	18.2193445043866	-1.67604250614045	0.110805549685413	0.219266008372194	WP_003039875	rlm	naive	0.219266008372194
-0.192034910494756	0.115137974931607	18.186043665909	-1.6678677092317	0.112468725473867	0.222165334474787	WP_003032780	rlm	naive	0.222165334474787
-0.0638159894997849	0.038324082093039	17.736443638339	-1.66516680934091	0.113443839338021	0.223697693738594	WP_003040482	rlm	naive	0.223697693738594
0.0871251198716028	0.0524557225704537	17.9152908742683	1.66092688466133	0.114127840159074	0.224282982344613	WP_003035125	rlm	naive	0.224282982344613
0.159830947977604	0.0962428031677191	17.9489040279491	1.66070545242819	0.114140448234201	0.224282982344613	WP_003039901	rlm	naive	0.224282982344613
0.0998891797540211	0.0602172168632518	17.8393402458939	1.65881428862548	0.114631088084773	0.224727315342467	WP_003040477	rlm	naive	0.224727315342467
0.116794707917766	0.0704900588467448	18.1055425010765	1.65689616136786	0.114767158370083	0.224727315342467	WP_003039245	rlm	naive	0.224727315342467
-0.123217332915155	0.0741797929778861	16.6281398011307	-1.66106331614982	0.11543695523999	0.225645058848901	WP_003038692	rlm	naive	0.225645058848901
-0.313285907439267	0.185576115799031	11.0458515118346	-1.68818010922558	0.119375127302035	0.232834879359151	WP_003039646	rlm	naive	0.232834879359151
-0.228245355001087	0.139726926974848	18.2118179214068	-1.63351016116008	0.119530205446409	0.232834879359151	WP_003041257	rlm	naive	0.232834879359151
-1.98222741111804	1.08109295301125	5.45538922221403	-1.83354022019734	0.121307854930601	0.235830219225748	WP_003040440	rlm	naive	0.235830219225748
0.187146322804871	0.113845211355231	14.6008248677189	1.64386644442092	0.121556953180152	0.235830219225748	WP_003019199	rlm	naive	0.235830219225748
-0.0897863516252536	0.0551701940531837	17.3063905989569	-1.62744309977776	0.121711025107775	0.235830219225748	WP_003014814	rlm	naive	0.235830219225748
-0.366815242849411	0.224556836421027	15.9785170240609	-1.63350735028018	0.121908669474986	0.235830219225748	WP_003038471	rlm	naive	0.235830219225748
0.0987603154358561	0.0609359309680209	18.2193445043866	1.62072383020923	0.12225523814503	0.236093592424654	WP_003033564	rlm	naive	0.236093592424654
0.216879293859436	0.133852092731628	17.2204755630914	1.6202906464397	0.123336332618236	0.23777210515062	WP_011733694	rlm	naive	0.23777210515062
-0.468278122246433	0.289825607563935	17.9215018247045	-1.61572376637951	0.123621012302212	0.237912136883503	WP_003039866	rlm	naive	0.237912136883503
-0.326266470623124	0.200016385273647	14.5676462326809	-1.63119871492903	0.12427215317315	0.238755746336087	WP_003021081	rlm	naive	0.238755746336087
-0.105208054850437	0.065531794996455	17.5226803767847	-1.60545052758174	0.1262650607413	0.242169911370494	WP_003041352	rlm	naive	0.242169911370494
0.145699792193449	0.0903048122486907	13.1344195036942	1.61342223703656	0.130410422602767	0.249693676041476	WP_003040889	rlm	naive	0.249693676041476
-0.0622597978023509	0.039388613505063	17.3049462784778	-1.58065471876404	0.132061125789533	0.252423480640299	WP_003039791	rlm	naive	0.252423480640299
0.166881373754104	0.104434688412906	13.7417982692567	1.59794964958675	0.132786440312483	0.25304232458431	WP_003040336	rlm	naive	0.25304232458431
-0.125072592718036	0.0792940667748774	17.2574274143221	-1.5773259943033	0.132874192210235	0.25304232458431	WP_011733676	rlm	naive	0.25304232458431
0.126508686556378	0.0804336419811816	18.0435211021102	1.57283300171806	0.133128079899028	0.25304232458431	WP_011733570	rlm	naive	0.25304232458431
-0.084832847178639	0.0538001166988597	16.9782596022825	-1.57681530048497	0.133286999847885	0.25304232458431	WP_003038739	rlm	naive	0.25304232458431
-0.240907410057573	0.153282940927609	16.8556688341973	-1.57165180025705	0.134612591924109	0.255127243477787	WP_011733668	rlm	naive	0.255127243477787
0.132745811280598	0.0847843967890027	16.7783708078354	1.56568680450666	0.136086427112967	0.256951171916119	WP_003034258	rlm	naive	0.256951171916119
-0.278298528408882	0.17848104482386	18.2193445043866	-1.55926097745298	0.136135895371212	0.256951171916119	WP_011733587	rlm	naive	0.256951171916119
0.0659675959769166	0.0422504514360486	17.5809996722101	1.56134653559304	0.136261985107033	0.256951171916119	WP_011733683	rlm	naive	0.256951171916119
-0.200491471991596	0.129378741140537	17.7381429838621	-1.54964772592595	0.138883426524695	0.261044842517934	WP_003041344	rlm	naive	0.261044842517934
0.0907806618973744	0.0586365385374338	17.9047506214743	1.54819271672082	0.139069684326346	0.261044842517934	WP_003039393	rlm	naive	0.261044842517934
-2.26321471774807	1.38014648051757	8.06995541200753	-1.6398366040823	0.139342247101834	0.261044842517934	WP_003040469	rlm	naive	0.261044842517934
0.0811942676655035	0.0522841924681655	16.5377259060184	1.55294102925929	0.139363512182034	0.261044842517934	WP_003040724	rlm	naive	0.261044842517934
-0.355314078987304	0.223389716253395	10.9738719461137	-1.5905570092773	0.140082812466946	0.261954859313188	WP_003033977	rlm	naive	0.261954859313188
-0.470054525516284	0.303815740175189	16.8306998217013	-1.54716975902972	0.140418558700086	0.262145795110643	WP_003025094	rlm	naive	0.262145795110643
-0.243670857472791	0.157362469186572	16.2193445043866	-1.54846869607701	0.14079924984898	0.262419864336472	WP_003039282	rlm	naive	0.262419864336472
-0.137735762690226	0.0898663677281412	18.1502269955304	-1.53267308084485	0.142601807848233	0.265338687239995	WP_003014068	rlm	naive	0.265338687239995
-0.144904975750538	0.0941804435339324	16.2935754303916	-1.53858880159478	0.143097780805098	0.265820712025363	WP_003016495	rlm	naive	0.265820712025363
-0.118623726501005	0.0774282494794139	16.8943985761169	-1.53204711844279	0.144021806907031	0.267094987354858	WP_003040444	rlm	naive	0.267094987354858
-0.20273605293441	0.132720189742451	17.7093339830037	-1.52754492988466	0.14428898754435	0.267148917532609	WP_003041045	rlm	naive	0.267148917532609
-0.106149979408455	0.0695628181537214	16.9929842085954	-1.52595858284354	0.14541690513281	0.268793686258671	WP_003017341	rlm	naive	0.268793686258671
-0.149031138317982	0.0982691573306064	17.6535445404849	-1.51656066222892	0.147080153242964	0.271420940688496	WP_003037453	rlm	naive	0.271420940688496
0.149739502058605	0.099035589679899	18.1255229771205	1.51197667972282	0.147779297363573	0.27226333602944	WP_003040333	rlm	naive	0.27226333602944
-0.129378746284595	0.0857967516925467	17.8220880773209	-1.50796788610628	0.149085138940222	0.274218894903162	WP_003021830	rlm	naive	0.274218894903162
-0.253756441125149	0.165239682954996	11.9419026398908	-1.53568704918334	0.150675551011738	0.276690619042831	WP_011733652	rlm	naive	0.276690619042831
0.0908041814460143	0.060531587493031	17.8949706283031	1.50011234145261	0.151022085218621	0.276873822900805	WP_003038514	rlm	naive	0.276873822900805
0.219479068825381	0.145692981010537	15.1828179076688	1.50644915975402	0.152473271428894	0.278941338458711	WP_003035266	rlm	naive	0.278941338458711
-0.100954566250589	0.0674772469334041	17.293771725133	-1.49612752207014	0.15264704261466	0.278941338458711	WP_003032711	rlm	naive	0.278941338458711
-0.185669500225205	0.124309812067279	17.3574270658611	-1.49360293558096	0.153235100912961	0.279560623129011	WP_003038710	rlm	naive	0.279560623129011
0.120860123616674	0.0809193441611231	15.9018279472912	1.49358753298868	0.154859621921887	0.282031749376407	WP_003040258	rlm	naive	0.282031749376407
0.0879871311016116	0.0591231639276475	16.9258601189958	1.48820065193545	0.155092325637472	0.282031749376407	WP_003037796	rlm	naive	0.282031749376407
0.0898692497011281	0.0606799515901836	17.6932468064867	1.48103693800023	0.156185654895027	0.283262761112205	WP_003035603	rlm	naive	0.283262761112205
-0.149517487989724	0.101043238429605	17.8485097958753	-1.479737687682	0.156377793050797	0.283262761112205	WP_003014123	rlm	naive	0.283262761112205
0.294785889723309	0.197251874086977	14.3382402018311	1.49446432936462	0.156734238835514	0.283262761112205	WP_003040474	rlm	naive	0.283262761112205
-0.106073142700015	0.0716895292405091	17.4730175207645	-1.47961834627416	0.156779121792049	0.283262761112205	WP_003039694	rlm	naive	0.283262761112205
0.225280079813988	0.152274941816097	17.1385449735483	1.47942975467401	0.157171808507238	0.283284332266714	WP_003039971	rlm	naive	0.283284332266714
-0.614545417437198	0.408018711489167	12.2023839895913	-1.50616969303751	0.157465334157965	0.283284332266714	WP_003016952	rlm	naive	0.283284332266714
0.427379099516029	0.277818367343285	9.21934450438662	1.53833997227383	0.157548505645659	0.283284332266714	WP_003040570	rlm	naive	0.283284332266714
-0.142024328408038	0.0965907229636668	18.2193445043866	-1.47037235099132	0.158520206528037	0.284575474759131	WP_011733680	rlm	naive	0.284575474759131
-0.211234761181728	0.14070611707587	11.3081431301613	-1.50124788866022	0.160688157599371	0.287967485941896	WP_003036703	rlm	naive	0.287967485941896
0.212634434621364	0.133218873834717	6.08009606406199	1.59612845012619	0.160923006849883	0.287967485941896	WP_003020516	rlm	naive	0.287967485941896
0.074462729447873	0.0513208757701749	17.5130649988389	1.45092476171552	0.164477370162904	0.293859250513978	WP_003020909	rlm	naive	0.293859250513978
0.140667359865372	0.0968751625289663	16.7358266069916	1.45204773022509	0.164978144007234	0.294285337958849	WP_003038515	rlm	naive	0.294285337958849
-0.362588855511556	0.250236711563705	16.6249286012557	-1.44898345748621	0.165942402320127	0.295535516512988	WP_003040911	rlm	naive	0.295535516512988
-0.188483572669525	0.129679137682259	15.1919640053729	-1.45346102725752	0.166440583558852	0.29595298693032	WP_003034189	rlm	naive	0.29595298693032
-0.403805090740059	0.280729133876546	16.5673583304905	-1.43841533354225	0.168939372759275	0.299920848474535	WP_011733615	rlm	naive	0.299920848474535
0.0543421811912071	0.0382532141545993	17.8122385735587	1.42059124683183	0.172704536040823	0.306120836394635	WP_011733579	rlm	naive	0.306120836394635
0.106467785713371	0.0749718491862062	17.5128413562429	1.42010350376898	0.173135426817347	0.306400550298207	WP_011733678	rlm	naive	0.306400550298207
-0.111124197273908	0.078347760367311	17.3537443934537	-1.418345550057	0.173798809019598	0.306889377607063	WP_003017865	rlm	naive	0.306889377607063
-0.303523606325237	0.208325187961409	10.6154621634059	-1.45697027467204	0.174060183245246	0.306889377607063	WP_003014901	rlm	naive	0.306889377607063
0.0791153232962877	0.0559604324690371	18.2193445043866	1.41377254973971	0.174288469389222	0.306889377607063	WP_003037605	rlm	naive	0.306889377607063
-0.193428820458203	0.136355196369827	16.6199375455846	-1.41856581639601	0.174505724521664	0.306889377607063	WP_003033045	rlm	naive	0.306889377607063
0.342275086969078	0.223826850830427	6.21934450438662	1.52919583016601	0.175359316712278	0.307907908217803	WP_003039419	rlm	naive	0.307907908217803
-0.245744609268475	0.168635454516948	9.95755291080062	-1.45725351749076	0.175848263054525	0.308283986167465	WP_003039410	rlm	naive	0.308283986167465
0.210636901889774	0.14892452377299	15.979282772571	1.41438694281711	0.176437614557814	0.308488863209901	WP_003033385	rlm	naive	0.308488863209901
-0.0645721407534331	0.0459209899891737	18.2071146555677	-1.40615741883301	0.176515017986414	0.308488863209901	WP_003033959	rlm	naive	0.308488863209901
0.146811409599494	0.104441305491267	18.0431196484629	1.40568340187752	0.176804551584704	0.308514318628364	WP_003038505	rlm	naive	0.308514318628364
0.191006157400469	0.135902645746402	17.7227416135345	1.40546312657439	0.177171687595115	0.308674896710744	WP_003038516	rlm	naive	0.308674896710744
0.060472670513105	0.0431897489534348	18.2193445043866	1.40016258437399	0.178263850791116	0.31009618695757	WP_003034109	rlm	naive	0.31009618695757
-0.280324236702137	0.199856517199058	16.1862576409331	-1.40262744808533	0.179617010943431	0.311966387428065	WP_003019697	rlm	naive	0.311966387428065
0.121378507321547	0.0873259804929071	17.1177701864358	1.38994726009868	0.182357306670182	0.316236318522325	WP_003032990	rlm	naive	0.316236318522325
0.101723639112922	0.0736178061138138	18.1391116994267	1.38178036650069	0.18382175334147	0.318283961804212	WP_003017665	rlm	naive	0.318283961804212
-0.0724520510944028	0.0525216449249877	17.4454495995567	-1.3794703345236	0.185177436134051	0.320137262469037	WP_003040779	rlm	naive	0.320137262469037
0.161043869769467	0.117521332865199	17.9546506237948	1.37033733232238	0.187473145583297	0.323607491299168	WP_003035545	rlm	naive	0.323607491299168
-0.055680187751305	0.0406091849094342	16.6775817672325	-1.37112300765164	0.188506028918929	0.324623410925314	WP_003038527	rlm	naive	0.324623410925314
-0.117518757744783	0.086018982241469	18.0696602983797	-1.36619563127228	0.188640342177633	0.324623410925314	WP_003036913	rlm	naive	0.324623410925314
-0.136511104725963	0.100045409997382	17.2974072554008	-1.36449143173621	0.189902875758951	0.326295599696084	WP_003038348	rlm	naive	0.326295599696084
0.0601760949240702	0.0440227138224219	15.0609073211744	1.36693287848649	0.191704630508867	0.328887760597781	WP_003038650	rlm	naive	0.328887760597781
-0.0983649782185799	0.0725900026966385	17.9485810116781	-1.35507610641176	0.19220372242457	0.329240574901325	WP_003025739	rlm	naive	0.329240574901325
-0.0789868486119344	0.0582640259832326	16.4276448834536	-1.35567096984794	0.193549533977166	0.331040513906067	WP_003036870	rlm	naive	0.331040513906067
-0.167163383197456	0.117926590555336	7.95829970039185	-1.41752070004107	0.194271726488843	0.331769980396471	WP_003036963	rlm	naive	0.331769980396471
0.416822425462553	0.299875290701845	10.0364016973024	1.38998589876144	0.194589653491936	0.331807889388985	WP_003040014	rlm	naive	0.331807889388985
-0.398180166183209	0.294346113273127	14.3345514735201	-1.35276175980531	0.197085205119058	0.334285838604468	WP_003040924	rlm	naive	0.334285838604468
0.25053168402159	0.183000437169535	11.4723277645988	1.36902232528271	0.197198886934425	0.334285838604468	WP_003039668	rlm	naive	0.334285838604468
-0.0718038202935423	0.0534791073633612	16.5854068130096	-1.3426518099054	0.197473564970665	0.334285838604468	WP_003040622	rlm	naive	0.334285838604468
0.180207530932021	0.130345462959941	9.8022225021877	1.38253781021441	0.197491271132805	0.334285838604468	WP_003033798	rlm	naive	0.334285838604468
-0.116302442332711	0.0868497548201137	17.6395595045157	-1.33912228737549	0.197532540993549	0.334285838604468	WP_003013731	rlm	naive	0.334285838604468
-0.0841141843007736	0.0631233057073618	17.7293350935502	-1.33253769520128	0.199557928884178	0.337204813566337	WP_003041590	rlm	naive	0.337204813566337
-0.197104893416822	0.149189813067763	18.1543027902465	-1.32116857956847	0.202856092441603	0.34226245972854	WP_003040120	rlm	naive	0.34226245972854
0.165051507983368	0.124932771533034	17.6942668019191	1.32112260024366	0.203291300270418	0.342481740095208	WP_003040411	rlm	naive	0.342481740095208
-0.334350391584367	0.244685576906124	9.35814793661452	-1.36644912140711	0.203728485796408	0.342703689750479	WP_003032709	rlm	naive	0.342703689750479
-0.133558996500124	0.101221533629179	17.1329131691072	-1.31947216873251	0.204373214933699	0.342844237824391	WP_011733616	rlm	naive	0.342844237824391
-0.114794866158138	0.0871411044543776	17.8069379264418	-1.31734463175456	0.204423168542351	0.342844237824391	WP_003039065	rlm	naive	0.342844237824391
-0.0906232813397627	0.0686989488663058	16.7292661217069	-1.31913635994815	0.204895155004415	0.343122931216348	WP_003022001	rlm	naive	0.343122931216348
-0.0687267763047076	0.0523214830268821	18.2193445043866	-1.31354794108945	0.205300201724506	0.343288861899993	WP_003038714	rlm	naive	0.343288861899993
-0.139041852146148	0.106049605960898	18.1570255588138	-1.31110201576246	0.20616338960513	0.344219230858564	WP_003039798	rlm	naive	0.344219230858564
0.186081047398597	0.138609372099163	10.6932551345103	1.34248532101762	0.207243579469708	0.345447107984663	WP_003015509	rlm	naive	0.345447107984663
0.135638017140454	0.103788953776132	18.2193445043866	1.30686370953328	0.207514572889182	0.345447107984663	WP_004339137	rlm	naive	0.345447107984663
1.05731426488364	0.779268717087897	8.62087065398068	1.35680316904648	0.209303002717003	0.34790810229404	WP_003040472	rlm	naive	0.34790810229404
0.123206851226354	0.0945945967083939	16.646695082524	1.30247239814514	0.21048735099567	0.348599271592278	WP_003041209	rlm	naive	0.348599271592278
0.17333759547319	0.133156040867753	16.865179925963	1.30176291172057	0.210498372540867	0.348599271592278	WP_003021125	rlm	naive	0.348599271592278
-0.900490791891996	0.69379927581376	18.0590036478129	-1.29791255667687	0.21065089673758	0.348599271592278	WP_003035153	rlm	naive	0.348599271592278
-0.101308134247017	0.0786454806804328	18.2193445043866	-1.28816218516957	0.213809852117572	0.353305823381319	WP_011733724	rlm	naive	0.353305823381319
-0.118912919204638	0.0931808418744362	16.279343682948	-1.2761520159356	0.219808894623178	0.362684676128243	WP_003017803	rlm	naive	0.362684676128243
-0.132583598849351	0.104300032935923	16.4188528634674	-1.27117504297246	0.221380798328804	0.364741932048338	WP_003039974	rlm	naive	0.364741932048338
0.0706014216358802	0.0559945085389589	17.6015088367986	1.2608633146009	0.223815598372119	0.367737263643046	WP_003041263	rlm	naive	0.367737263643046
-0.0820420514711793	0.0650240211249385	17.2399694679253	-1.26171913166585	0.223854323590196	0.367737263643046	WP_003038597	rlm	naive	0.367737263643046
0.117240907768058	0.0932665333994006	17.3389670323811	1.25705227260877	0.225404822804471	0.369742998810843	WP_003040711	rlm	naive	0.369742998810843
-0.470980049321671	0.376082157975837	16.3905833106936	-1.2523328728398	0.228023836763319	0.373493058172912	WP_003039965	rlm	naive	0.373493058172912
0.108301776930772	0.0870297556714775	17.9555013294793	1.24442239433135	0.229343708355896	0.375107348068973	WP_003033745	rlm	naive	0.375107348068973
0.0737719098011338	0.0593322661466635	17.2949933074973	1.24336915800211	0.230323272086538	0.376161151791988	WP_003038584	rlm	naive	0.376161151791988
0.101407588115802	0.0819150944435842	16.6924761437199	1.23795972896841	0.232860834272803	0.379752697753031	WP_003039993	rlm	naive	0.379752697753031
0.060843737089403	0.0494079486105219	18.1421737967229	1.23145645185612	0.233877158879678	0.380523884144254	WP_003040011	rlm	naive	0.380523884144254
-0.227903450713124	0.18440328270572	16.3002215718426	-1.23589692856403	0.234012014313311	0.380523884144254	WP_003038519	rlm	naive	0.380523884144254
0.0671887912563324	0.0546227011884859	17.9471850570947	1.23005252018725	0.234558082461588	0.380859867614908	WP_011733677	rlm	naive	0.380859867614908
0.0979289067217437	0.079800318510523	17.6743677902889	1.22717438413269	0.235852759656796	0.382159504406254	WP_003038931	rlm	naive	0.382159504406254
0.233602669845454	0.169205485138946	4.21934450438662	1.38058568050337	0.23603969389798	0.382159504406254	WP_003034374	rlm	naive	0.382159504406254
-1.31622514121365	1.07281569901437	17.1882396857692	-1.22688840443228	0.23640546984529	0.382200197646131	WP_003034340	rlm	naive	0.382200197646131
0.110344325905975	0.0904022852526294	16.9146109555636	1.22059221841149	0.238983909181893	0.38581287208933	WP_003041030	rlm	naive	0.38581287208933
0.300076268362462	0.229243839186879	5.21934450438662	1.30898291280945	0.245208003962074	0.395292213283688	WP_003040187	rlm	naive	0.395292213283688
0.0942640815617492	0.0786146868542441	18.0509005510269	1.19906451750574	0.246007159919621	0.396011525724268	WP_003038470	rlm	naive	0.396011525724268
-0.0829712280778856	0.0693615532252884	17.9024025422671	-1.19621352492486	0.247216523481777	0.397388165252943	WP_003038767	rlm	naive	0.397388165252943
-0.0785682975945411	0.0657628230600827	16.987150031592	-1.1947220927964	0.248610633726555	0.399057412076102	WP_003016117	rlm	naive	0.399057412076102
-0.0846391992963104	0.0709338900647414	17.047464556885	-1.19321242947567	0.249128572310692	0.399317511617995	WP_003039809	rlm	naive	0.399317511617995
0.103631770854171	0.0877051413995962	17.6963821228815	1.18159288270241	0.253003191920358	0.404949474086508	WP_003040726	rlm	naive	0.404949474086508
-0.301579993391232	0.254688939736549	15.575057912157	-1.18411107173789	0.254125801633868	0.406166879534472	WP_003038299	rlm	naive	0.406166879534472
-0.063312392334731	0.0537280456574912	17.017820570924	-1.17838628894746	0.254857949734786	0.40675763812579	WP_011733571	rlm	naive	0.40675763812579
0.193045050216043	0.162813784272391	13.4402818086329	1.18568001523185	0.25628835360489	0.40842731772366	WP_003039445	rlm	naive	0.40842731772366
-0.0675052941960009	0.0575974271869437	17.8068261841312	-1.17201926358445	0.256632138141872	0.40842731772366	WP_003035232	rlm	naive	0.40842731772366
-0.310811745789101	0.264117412447369	15.3305616782095	-1.1767938467557	0.257226820223875	0.408793898429444	WP_003040026	rlm	naive	0.408793898429444
0.110650852900601	0.0943963010115682	16.6209393537585	1.17219479698724	0.257647167730932	0.40888277538063	WP_011733710	rlm	naive	0.40888277538063
0.197142608728413	0.168259312060996	15.2193445043866	1.17165942445401	0.259350227978243	0.411004174846877	WP_003040422	rlm	naive	0.411004174846877
-0.157821657858251	0.135815724327957	17.381428860048	-1.1620278773992	0.26093249129812	0.412422563836126	WP_003041277	rlm	naive	0.412422563836126
-0.108470829578485	0.0934202368316185	17.7450242213427	-1.16110634330754	0.260980410270632	0.412422563836126	WP_003022431	rlm	naive	0.412422563836126
0.171231264694253	0.148811957642173	17.8072254669447	1.15065527936934	0.265091828499703	0.418140549309779	WP_011733725	rlm	naive	0.418140549309779
0.46816659345594	0.394794244668933	9.21934450438662	1.18584959071158	0.265344091897115	0.418140549309779	WP_003041569	rlm	naive	0.418140549309779
0.20484329462992	0.174349815752671	10.2193445043866	1.17489825696464	0.266684708899429	0.419663735463056	WP_011733594	rlm	naive	0.419663735463056
-0.102961788461048	0.0899049039128719	17.3780597260704	-1.14522994831105	0.267641573713781	0.420579615835942	WP_003038269	rlm	naive	0.420579615835942
-0.177580127043579	0.154585454508981	14.3007697334597	-1.14875055746764	0.269510794135507	0.422924630797257	WP_011733606	rlm	naive	0.422924630797257
-0.119265908638882	0.104641485922077	17.1112943904623	-1.13975740680609	0.27009120611546	0.423243482208863	WP_003038756	rlm	naive	0.423243482208863
-0.170960077186983	0.150319705284641	15.9668484475833	-1.13730982151181	0.272188973153943	0.425935882676044	WP_003038824	rlm	naive	0.425935882676044
-0.397536873978207	0.351607405708722	17.8819040557668	-1.13062713561709	0.273149086718636	0.426843001808231	WP_003042287	rlm	naive	0.426843001808231
0.071237011030212	0.0631284473143488	17.79389852256	1.12844547998284	0.27411724398825	0.427278294779011	WP_003040329	rlm	naive	0.427278294779011
0.23501312748686	0.203565804951995	10.3800437355159	1.15448234315327	0.274189280072092	0.427278294779011	WP_003039398	rlm	naive	0.427278294779011
0.183027344640279	0.158997018346931	10.4534603366271	1.15113696183229	0.275325648819294	0.428454060992021	WP_003040705	rlm	naive	0.428454060992021
0.134926323083924	0.119617687366698	16.1287024054765	1.12797969977714	0.27582911489129	0.428643028958487	WP_003038547	rlm	naive	0.428643028958487
0.0465575983543402	0.0412581537407683	15.5381235590102	1.12844599510849	0.2762542991097	0.428709991149493	WP_003037755	rlm	naive	0.428709991149493
0.10209450494275	0.0911365275404831	17.5799352610384	1.12023694228858	0.27768422497721	0.430333840365235	WP_003017136	rlm	naive	0.430333840365235
-0.170871593840216	0.153394002794078	15.3635150597543	-1.11393920706014	0.282429494412395	0.436686529652983	WP_003041555	rlm	naive	0.436686529652983
0.105909716576203	0.0956730386701197	18.2193445043866	1.10699647516559	0.282697530539986	0.436686529652983	WP_003032557	rlm	naive	0.436686529652983
0.08233205064836	0.0743579515720043	17.7735406104132	1.1072393591778	0.282951075809018	0.436686529652983	WP_003032835	rlm	naive	0.436686529652983
-0.246219217192942	0.222089914831006	15.7259786290422	-1.10864654696408	0.28425035689151	0.438089148945431	WP_003041384	rlm	naive	0.438089148945431
-0.117322242597388	0.10686319158742	17.2538030121975	-1.09787327942018	0.287345462003094	0.442251863329865	WP_003033135	rlm	naive	0.442251863329865
-0.0845134674023814	0.0770887576852505	15.6307011017861	-1.09631378089456	0.289545639153808	0.445027681000784	WP_003039390	rlm	naive	0.445027681000784
0.1610686860035	0.145799632690468	12.5118840335809	1.10472628106992	0.290070113952525	0.445223895834108	WP_003035930	rlm	naive	0.445223895834108
0.326113596280186	0.298524864401818	15.9825039601872	1.09241686428248	0.290843657297869	0.445801343563127	WP_003041481	rlm	naive	0.445801343563127
0.299766817137363	0.275417741965084	16.737064039509	1.08840779464152	0.291840023129031	0.446718289155215	WP_003038674	rlm	naive	0.446718289155215
-0.0999967432617745	0.0922158486350276	16.5714113980246	-1.08437697794814	0.293722606367687	0.448829523866505	WP_003021127	rlm	naive	0.448829523866505
0.117522284739626	0.108767466008312	18.2193445043866	1.08049115284753	0.294019340500785	0.448829523866505	WP_003040378	rlm	naive	0.448829523866505
0.150401276940777	0.139685544580343	18.2193445043866	1.07671325184455	0.295659574923033	0.450720167206037	WP_003034389	rlm	naive	0.450720167206037
-0.0939720627254111	0.0865292220929067	13.1097215325586	-1.08601534201374	0.297038509425147	0.452207880020372	WP_003039759	rlm	naive	0.452207880020372
-0.122545241064938	0.114981291079246	17.2287605108142	-1.06578418031921	0.301229939107204	0.457967468398757	WP_003040737	rlm	naive	0.457967468398757
0.0583560060865485	0.0549654422541013	18.1995418991812	1.06168537345288	0.302264739472023	0.458918860199743	WP_003039351	rlm	naive	0.458918860199743
-0.0980620067508117	0.0925085489720037	18.0242999142776	-1.06003183317132	0.303129104050191	0.459123913139835	WP_003038988	rlm	naive	0.459123913139835
-0.041106603788325	0.0387196539983147	17.0325580742065	-1.06164698140418	0.303218199319624	0.459123913139835	WP_003038465	rlm	naive	0.459123913139835
-0.307749902061188	0.291218647244442	16.3827455244448	-1.05676578396736	0.305953371667104	0.462641082224381	WP_003015446	rlm	naive	0.462641082224381
-0.112335826544059	0.106715470845036	17.3032809601305	-1.05266673758282	0.306972797015625	0.463346771312511	WP_003039333	rlm	naive	0.463346771312511
0.0795163747239948	0.0756974744167537	18.2193445043866	1.05044950755181	0.307245987394393	0.463346771312511	WP_003038764	rlm	naive	0.463346771312511
-0.144757123600991	0.138235111953517	16.0014123817145	-1.047180571964	0.310577345901654	0.467295582843202	WP_011733665	rlm	naive	0.467295582843202
-0.061339651535973	0.0587849108685035	17.8044348168197	-1.0434591229233	0.31069741960876	0.467295582843202	WP_003035182	rlm	naive	0.467295582843202
0.0774456857867815	0.0744258097409391	18.2193445043866	1.04057565589617	0.311685175290429	0.468153636781609	WP_003040830	rlm	naive	0.468153636781609
-0.122958296326793	0.11819102766016	15.2707642000209	-1.04033528399753	0.314376208706533	0.471564313059799	WP_003039457	rlm	naive	0.471564313059799
0.265016652190791	0.252736069407224	12.1255598057216	1.04859054274433	0.314818189373455	0.471596807045416	WP_003040744	rlm	naive	0.471596807045416
-0.329718316887327	0.31231179980546	10.0978707689603	-1.05573442019389	0.31569349496716	0.472277468470872	WP_003033506	rlm	naive	0.472277468470872
-0.0902221839081285	0.0874524572935692	16.4786007494453	-1.03167122686172	0.31713117181951	0.473796504369494	WP_003035692	rlm	naive	0.473796504369494
0.0754504673609376	0.0731864662968089	15.5867612373966	1.03093469569834	0.318304105173874	0.474661287977457	WP_003037945	rlm	naive	0.474661287977457
-0.0441847504324568	0.0430748644025943	17.7716358466293	-1.02576644280268	0.318762131134188	0.474661287977457	WP_003041303	rlm	naive	0.474661287977457
-0.122820852961162	0.113402883784677	6.21934450438662	-1.08304876262554	0.318979154309272	0.474661287977457	WP_003032999	rlm	naive	0.474661287977457
0.046411730003077	0.0455477559725731	18.0398103357775	1.01896853120545	0.321689729915361	0.4780607641921	WP_003027135	rlm	naive	0.4780607641921
-0.0747905050548005	0.0735357350427227	18.2193445043866	-1.01706340476979	0.322439968076874	0.478541857383932	WP_003038522	rlm	naive	0.478541857383932
0.0653998294411765	0.0646991418053073	18.1750719814898	1.01082993709527	0.325366550790471	0.482247384394859	WP_003038637	rlm	naive	0.482247384394859
0.0669331409702302	0.0662562143639819	17.374226247551	1.01021680174073	0.326254366209142	0.482925328346514	WP_003041347	rlm	naive	0.482925328346514
-0.0773407569700478	0.0768556886004597	16.8793851146399	-1.00631141791091	0.328474707934035	0.485571307380747	WP_003035506	rlm	naive	0.485571307380747
-0.0564644530516657	0.0563438431170634	17.7095518004875	-1.0021406053959	0.329772865639989	0.4868488884843	WP_003020808	rlm	naive	0.4868488884843
0.0488032885552341	0.0486278740000453	15.5074282936671	1.00360728406898	0.33097200639077	0.487977123745656	WP_003034992	rlm	naive	0.487977123745656
-0.0637908167070621	0.0639651112614157	17.4279940267401	-0.997275162179562	0.332276978864378	0.489258228721564	WP_003039734	rlm	naive	0.489258228721564
0.427770532733734	0.42781459545551	12.7456324931311	0.999897005099302	0.335966003479144	0.494041750856618	WP_003033690	rlm	naive	0.494041750856618
-0.308782784954709	0.3129587590911	17.7449655522976	-0.98665647145164	0.337074308076742	0.495022740395425	WP_003040573	rlm	naive	0.495022740395425
-0.105779837849758	0.107570532408704	17.6382161926748	-0.983353298353661	0.338731017978036	0.496805493034453	WP_003040462	rlm	naive	0.496805493034453
0.139535330511912	0.142454309463673	17.4879459368018	0.979509367159543	0.340685514966247	0.499019775185548	WP_003036658	rlm	naive	0.499019775185548
0.0700549059909857	0.0718281204084203	18.0314532546261	0.97531308897752	0.342308991358588	0.500744052548026	WP_003038549	rlm	naive	0.500744052548026
0.140391108722366	0.145491526195459	18.0420609466848	0.964943542717111	0.347329883957136	0.507427252343628	WP_003038469	rlm	naive	0.507427252343628
-0.123843645957135	0.128860153181628	18.2193445043866	-0.961070143868118	0.34909926922153	0.509348998786159	WP_003018671	rlm	naive	0.509348998786159
-0.0830957846800619	0.0860453790938913	14.4476708905115	-0.965720478602217	0.350072063421193	0.510105006699453	WP_003040447	rlm	naive	0.510105006699453
-0.0547562267348506	0.0570717594479876	16.7242789605417	-0.959427697068859	0.351009522233818	0.510316596583166	WP_003034368	rlm	naive	0.510316596583166
-0.0926935852002388	0.0968651223484293	18.2193445043866	-0.956934580300377	0.351126927417294	0.510316596583166	WP_003040733	rlm	naive	0.510316596583166
0.0406248541808157	0.0425434806076739	17.5161062165168	0.954901987344401	0.352621099731156	0.511825192624006	WP_003040481	rlm	naive	0.511825192624006
-0.0588544472983721	0.0618661216424562	17.9725283773873	-0.95131949014859	0.354061527162386	0.513251981235396	WP_003038296	rlm	naive	0.513251981235396
0.0553028772298212	0.0582877317925136	17.6667577605044	0.948791032505475	0.355526176994297	0.514710155596905	WP_003040829	rlm	naive	0.514710155596905
0.0636725972703246	0.0669797582528835	15.8146759265529	0.950624471201096	0.356098120540372	0.514873828925641	WP_003038404	rlm	naive	0.514873828925641
0.233156711648991	0.245255524984968	14.5208227120894	0.950668539121721	0.357328873585519	0.515988412050132	WP_003040927	rlm	naive	0.515988412050132
-0.0380318600379001	0.0403406104639439	17.5314573126876	-0.942768579863028	0.35861080527615	0.516927538420277	WP_003038452	rlm	naive	0.516927538420277
-0.091258614415076	0.0968366222030792	17.386332985476	-0.942397745180482	0.358900670614435	0.516927538420277	WP_003039932	rlm	naive	0.516927538420277
0.278773252439988	0.298645791666402	13.0999515229983	0.933457829371955	0.367470719607836	0.528592496666656	WP_003015471	rlm	naive	0.528592496666656
0.0715374052404182	0.0774736826252873	17.3248524863192	0.923376852839424	0.368493100373584	0.52898317163688	WP_003039499	rlm	naive	0.52898317163688
0.065882109366565	0.0712717273327373	16.4071095356576	0.924379299227442	0.368685240837825	0.52898317163688	WP_003036966	rlm	naive	0.52898317163688
0.053155042907473	0.0580151406141311	17.1879981023084	0.916227080461919	0.372224664568355	0.533379404400631	WP_003039002	rlm	naive	0.533379404400631
0.085985120547995	0.0939439542518337	16.357630947788	0.915281044243639	0.37334026146264	0.533766967949097	WP_003038473	rlm	naive	0.533766967949097
0.0447177007281169	0.049012806747055	17.3507537466703	0.912367678898613	0.374078501641919	0.533766967949097	WP_003037973	rlm	naive	0.533766967949097
0.0444463680077224	0.0486490886174172	16.3255821815784	0.91361152430325	0.37421702114085	0.533766967949097	WP_003040388	rlm	naive	0.533766967949097
0.139965478237369	0.153698725005328	18.1789118852237	0.910648271366711	0.374398042581051	0.533766967949097	WP_003016377	rlm	naive	0.533766967949097
-0.0549223003284417	0.0603627255633756	16.4049631806496	-0.909871113602683	0.376065376259794	0.533992414669773	WP_011733562	rlm	naive	0.533992414669773
-0.0983194032536724	0.108222176170657	16.990175581951	-0.908495899201207	0.3763233271936	0.533992414669773	WP_011733664	rlm	naive	0.533992414669773
-0.094915622834089	0.104658441769969	18.0046625402134	-0.906908427346035	0.376433506474368	0.533992414669773	WP_003034079	rlm	naive	0.533992414669773
-0.0566575693041948	0.0624908004450006	18.1650152141342	-0.906654561963249	0.376459893051507	0.533992414669773	WP_003038447	rlm	naive	0.533992414669773
0.0788898888055828	0.087878814901577	17.3221951711192	0.897712251740518	0.381647203684525	0.540666871886411	WP_011733574	rlm	naive	0.540666871886411
-0.0846136371886513	0.0945589302276367	17.3588287706854	-0.894824391360567	0.383121011064604	0.54207033343567	WP_003034398	rlm	naive	0.54207033343567
-0.262275121599846	0.278314236209243	5.69265053593117	-0.942370484428476	0.384254423767077	0.542989248698565	WP_011733647	rlm	naive	0.542989248698565
-0.263725477142557	0.291492281202608	9.55790376455444	-0.904742575187605	0.387838260374958	0.547364186340506	WP_011733714	rlm	naive	0.547364186340506
-0.0727056249950654	0.0824972067744683	17.8793884113896	-0.881310141733995	0.389844037533555	0.549503781548553	WP_003037645	rlm	naive	0.549503781548553
0.0578386555288677	0.0659852799759903	18.0264868120745	0.876538760613172	0.392268701316414	0.552227707499393	WP_003041123	rlm	naive	0.552227707499393
-0.0891831563511929	0.101974889759373	16.0642931504107	-0.874559968259203	0.394700827462964	0.554955298763717	WP_003040954	rlm	naive	0.554955298763717
-0.0503868385952195	0.057916173984122	18.2193445043866	-0.869995980898761	0.395620528905445	0.555552232079987	WP_003018629	rlm	naive	0.555552232079987
0.0682634043310548	0.0781453424947628	14.9042843012152	0.873544118584288	0.396223498198385	0.555703456223235	WP_003021790	rlm	naive	0.555703456223235
0.108489590426278	0.126170793531267	16.8905740485434	0.859862947595652	0.401904676145212	0.562967598795166	WP_003040773	rlm	naive	0.562967598795166
0.154405922281634	0.174716224612568	7.86579527487443	0.883752625859608	0.403032282059118	0.563688897261439	WP_003039863	rlm	naive	0.563688897261439
-0.045536633464834	0.0532326247415756	18.2193445043866	-0.855427168693959	0.403424406863579	0.563688897261439	WP_003039890	rlm	naive	0.563688897261439
-0.264778007381129	0.301120836605396	7.82156562115527	-0.879308155377198	0.405437602124015	0.565797250725304	WP_003038749	rlm	naive	0.565797250725304
0.0442755655503843	0.0520819044495222	17.6098444081474	0.850114181083685	0.406671923702668	0.566814780614154	WP_003038273	rlm	naive	0.566814780614154
-0.0641759064051211	0.0764464863496421	16.6135010899727	-0.839487980017822	0.413113193964243	0.575018466782209	WP_003039688	rlm	naive	0.575018466782209
-0.0688137696652464	0.0822329676748155	17.6132101866057	-0.836814864050214	0.4139068303826	0.575018466782209	WP_011733729	rlm	naive	0.575018466782209
0.0324482443972449	0.0387922494066843	17.6206162334824	0.836462048309417	0.414095295151538	0.575018466782209	WP_003018337	rlm	naive	0.575018466782209
-0.0675952051239755	0.0808535626275631	14.7386009035932	-0.836020119921496	0.416492014665873	0.57763169401126	WP_011733733	rlm	naive	0.57763169401126
0.0475570051481804	0.0572741607034381	17.5499519777929	0.830339625480109	0.417499800295361	0.578314538186907	WP_003038544	rlm	naive	0.578314538186907
-0.180123479709101	0.215492153078662	12.1528254442668	-0.835870249267729	0.419359120237852	0.580173776703909	WP_003041158	rlm	naive	0.580173776703909
0.0581141288187568	0.0702750045616253	15.9855755958102	0.826953042283983	0.420436864490187	0.580948475317721	WP_003038819	rlm	naive	0.580948475317721
0.0409056264645564	0.0496906739548708	17.2479270703888	0.823205306124585	0.421627979828627	0.581877728619581	WP_011733623	rlm	naive	0.581877728619581
-0.129940702302069	0.157845523507597	16.2861749030749	-0.823214364364376	0.422277302381712	0.5820579032829	WP_003036243	rlm	naive	0.5820579032829
-0.0789774957744891	0.0965215882280051	17.7632552148195	-0.818236595816544	0.42406311087967	0.583802221358269	WP_003039788	rlm	naive	0.583802221358269
-0.0825787484326078	0.101554048822381	16.4484004554727	-0.813150725059114	0.427745730985488	0.588150380105046	WP_003038326	rlm	naive	0.588150380105046
0.0454964705996685	0.0561042533838434	16.7436626839083	0.810927297942981	0.428784340481977	0.588286544636566	WP_003020335	rlm	naive	0.588286544636566
0.100742088162347	0.123443290182345	13.2291836188928	0.816100154277606	0.428893398852684	0.588286544636566	WP_011733600	rlm	naive	0.588286544636566
0.0699548016318226	0.0866269500580284	17.6511550162054	0.807540858646903	0.430103553687246	0.589226113842601	WP_003039948	rlm	naive	0.589226113842601
-0.066928148068547	0.0809012918988084	8.07819409053374	-0.827281573602817	0.431834709264969	0.590876272921091	WP_003040353	rlm	naive	0.590876272921091
-0.170176259861132	0.211415470954051	16.384445227939	-0.804937590864	0.432381909004958	0.590904387215059	WP_003041145	rlm	naive	0.590904387215059
-0.168654756025941	0.211018304723655	17.621903425559	-0.799242303869363	0.434791241788418	0.593343739409341	WP_003039681	rlm	naive	0.593343739409341
-0.376840629019662	0.470413104122768	15.4571265956402	-0.801084463245127	0.43522450760596	0.593343739409341	WP_003038974	rlm	naive	0.593343739409341
-0.0529244208735735	0.0664845590978376	18.1965600152205	-0.796040788894918	0.436270920435905	0.59404851059355	WP_003038532	rlm	naive	0.59404851059355
0.0652060834844435	0.0820818578304912	14.3957788586677	0.794403114255794	0.43986110710252	0.597897075021171	WP_003038949	rlm	naive	0.597897075021171
-0.0703341581715269	0.089076866043223	17.793913062936	-0.789589500571321	0.440163087315051	0.597897075021171	WP_003040982	rlm	naive	0.597897075021171
-0.0346995039199189	0.0447215088908011	17.1095386055753	-0.775901904487313	0.448400046011111	0.608349276450383	WP_003038670	rlm	naive	0.608349276450383
-0.048260472337067	0.0629795553955834	17.1754730694503	-0.766287917308026	0.453908791498894	0.614846689366684	WP_003040767	rlm	naive	0.614846689366684
0.158200526974441	0.201766102861782	8.50102460287795	0.784078815671108	0.454285120753103	0.614846689366684	WP_003040562	rlm	naive	0.614846689366684
0.181060976755099	0.230764574652759	7.35019152104457	0.784613396694658	0.457219027296144	0.618071986296716	WP_003026380	rlm	naive	0.618071986296716
-0.086567862232037	0.11409971518179	18.1123703963627	-0.758703578655846	0.457790089272143	0.618099254107514	WP_003033493	rlm	naive	0.618099254107514
-0.0725051767462649	0.0956874780268374	16.8879188857276	-0.757728996953284	0.459056738636597	0.619064496094064	WP_003038884	rlm	naive	0.619064496094064
0.0433607134857598	0.0573864915669637	17.8324748407819	0.755590946610887	0.459759417883435	0.619267787353198	WP_003020229	rlm	naive	0.619267787353198
-0.0891683669814521	0.118248077418449	17.7548455656335	-0.754078788663164	0.460686709966636	0.619772768084611	WP_003038683	rlm	naive	0.619772768084611
0.160430558740162	0.213254340855378	17.2184150800133	0.752296802478505	0.462033904495178	0.620840767477352	WP_003038642	rlm	naive	0.620840767477352
0.0425543384014406	0.0568989008620375	17.6093699055513	0.747893856589987	0.464395826769365	0.623268083295726	WP_003039076	rlm	naive	0.623268083295726
0.0683981356708411	0.0922483074743462	17.7527211285093	0.741456808731827	0.468112485147253	0.627505625251157	WP_003039534	rlm	naive	0.627505625251157
-0.224991602631907	0.305461730448957	15.8261986478873	-0.7365623258312	0.472166619332105	0.632184900824131	WP_011733659	rlm	naive	0.632184900824131
-0.126718146117298	0.173019348965284	15.0467775322865	-0.732392919492052	0.475183496080132	0.635465891063062	WP_003041357	rlm	naive	0.635465891063062
-0.237820702527572	0.326911605236146	18.0611582691237	-0.727477087746032	0.47625909866419	0.636114951935566	WP_011733691	rlm	naive	0.636114951935566
0.523897064503735	0.706277240432076	9.16505682966251	0.741772542724487	0.476802740265429	0.636114951935566	WP_003041518	rlm	naive	0.636114951935566
-0.117581117129555	0.162661634093567	17.1011005340558	-0.722857100168556	0.479538045736017	0.63900437923493	WP_003019565	rlm	naive	0.63900437923493
-0.0408866903696683	0.0566245978039143	16.1613687706964	-0.722065885770264	0.480572097075123	0.639622648776143	WP_003040146	rlm	naive	0.639622648776143
-0.120608895213047	0.167523047929257	17.1254280703348	-0.71995404037765	0.481264670180452	0.639785497562164	WP_003018004	rlm	naive	0.639785497562164
-0.0587520604045781	0.0816036807727005	15.8367837038242	-0.719968264277521	0.482036042496653	0.639811132118843	WP_003038779	rlm	naive	0.639811132118843
-0.13706048797576	0.191013106102719	17.6559558333731	-0.717544941141653	0.482424436517417	0.639811132118843	WP_003038431	rlm	naive	0.639811132118843
-0.0672192238905359	0.0937630800791622	15.9121987273912	-0.716905031637017	0.483823792605398	0.640748999394208	WP_003027088	rlm	naive	0.640748999394208
-0.0862703877811768	0.120476059999776	15.9840021761758	-0.716079093069091	0.484273753552842	0.640748999394208	WP_003016231	rlm	naive	0.640748999394208
-0.0787250010101901	0.110773558344481	17.5776575470719	-0.710684049395369	0.486603622766874	0.643073338921593	WP_003040437	rlm	naive	0.643073338921593
-0.162391512855585	0.230917995919707	17.9761426102316	-0.703243210685281	0.490912875301708	0.648004995398255	WP_003038726	rlm	naive	0.648004995398255
0.131705984511943	0.187472977967925	17.6378865695688	0.702533164723485	0.49151544044079	0.648037983753897	WP_003036417	rlm	naive	0.648037983753897
0.156744848927429	0.223479092033653	16.5535163168119	0.701384847687791	0.492806335554	0.648977357384493	WP_003041366	rlm	naive	0.648977357384493
0.0681213645872189	0.09716146681724	15.6503435196935	0.70111502860856	0.49352506822826	0.649161930307278	WP_011733619	rlm	naive	0.649161930307278
-0.0673978741469421	0.0968702877140427	17.6295086461709	-0.695753834714499	0.495653412361741	0.651198042938962	WP_003016296	rlm	naive	0.651198042938962
0.0888651194248737	0.128076604344394	17.1199796674449	0.693843499987853	0.497087793323787	0.652318718256478	WP_003017997	rlm	naive	0.652318718256478
0.0575160221293189	0.0835877801116601	14.8648387153631	0.688091274256674	0.501992703595529	0.657985763357691	WP_003039752	rlm	naive	0.657985763357691
-0.256797442224841	0.374238724181287	15.7101386186552	-0.686186184464556	0.502597997591812	0.658010447255558	WP_003022063	rlm	naive	0.658010447255558
-0.128640656811391	0.188546563688016	18.0830601823683	-0.682275265563842	0.503711590537489	0.658699772241332	WP_003040831	rlm	naive	0.658699772241332
0.123932787161925	0.182019641560108	18.2109433850554	0.680875899434174	0.504516168987694	0.658983866826767	WP_003039968	rlm	naive	0.658983866826767
-0.442976447671292	0.643002719578717	10.0294339608164	-0.688918466723627	0.506498256550552	0.660803539360138	WP_003015717	rlm	naive	0.660803539360138
-0.0844255834742685	0.124464150672853	12.1980540650742	-0.678312453970591	0.510237258839206	0.664233962586752	WP_003041055	rlm	naive	0.664233962586752
-0.0854969094711978	0.127152617487369	17.0453899618034	-0.672395984924894	0.510344405737648	0.664233962586752	WP_003040943	rlm	naive	0.664233962586752
-0.0839397061615578	0.125036233269203	17.2532280936753	-0.671323055460539	0.510903662845247	0.664233962586752	WP_003037531	rlm	naive	0.664233962586752
-0.0392086983452098	0.0591375847296027	17.6622276587921	-0.66300811107666	0.515885660551239	0.669241341773365	WP_003040892	rlm	naive	0.669241341773365
0.0716486137593445	0.108062644453686	17.2346565302637	0.663028506488678	0.516082871009427	0.669241341773365	WP_003040040	rlm	naive	0.669241341773365
0.132147615241195	0.198424143973954	13.6170366173489	0.665985563019696	0.516544565040761	0.669241341773365	WP_003041295	rlm	naive	0.669241341773365
-0.0414944116431846	0.0627278191780903	16.58959530073	-0.661499350477625	0.517375263138742	0.669544458179549	WP_003036696	rlm	naive	0.669544458179549
-0.0511809347183455	0.0792973779862056	17.9439929896352	-0.645430353665021	0.526816036583287	0.680976489684848	WP_011733589	rlm	naive	0.680976489684848
0.058287041230453	0.0903991155661441	17.314830893606	0.644774463394003	0.527524523785417	0.681107612988767	WP_003015040	rlm	naive	0.681107612988767
-0.263766599565049	0.403723413231952	8.85799672601087	-0.653334909297191	0.530131371595205	0.682987357626169	WP_011733692	rlm	naive	0.682987357626169
0.0316243916639026	0.0494086539630623	18.0019165968685	0.640057745502335	0.530197850706233	0.682987357626169	WP_003038734	rlm	naive	0.682987357626169
0.0476489247876708	0.0754348125645619	17.3074644101822	0.631656965368474	0.535865754149383	0.688807829415744	WP_003034932	rlm	naive	0.688807829415744
-0.13124066551019	0.19817990557691	5.21934450438662	-0.662229932586469	0.535944059786047	0.688807829415744	WP_003038459	rlm	naive	0.688807829415744
0.200273307552844	0.314802878789159	10.9278530996682	0.636186391697447	0.53775148844323	0.690340011479753	WP_003039417	rlm	naive	0.690340011479753
0.0385422232744263	0.0615201139388181	17.8928867877204	0.626497917620188	0.53889993908436	0.690475854307951	WP_003037810	rlm	naive	0.690475854307951
0.144693880737709	0.228497857667364	11.3862078168917	0.633239550754768	0.539088100154871	0.690475854307951	WP_003041395	rlm	naive	0.690475854307951
0.0911549075458867	0.149713190541439	18.2107486817091	0.608863569176665	0.550135428662205	0.703822064947541	WP_003041577	rlm	naive	0.703822064947541
-0.036417945616226	0.0602244288811177	17.4914480166074	-0.604703876696193	0.553140096188948	0.706860122920273	WP_003019771	rlm	naive	0.706860122920273
-0.079860111205347	0.133192806557358	12.1832053509786	-0.599582764786598	0.559770266833883	0.714519043671919	WP_003016775	rlm	naive	0.714519043671919
-0.0479040548154149	0.0809792923670939	17.3765457075988	-0.591559316155259	0.561763557041174	0.716248535227496	WP_003014812	rlm	naive	0.716248535227496
-0.348555905930096	0.57678408795203	7.98772666599925	-0.604309156945891	0.562405109661058	0.716252591418509	WP_003040554	rlm	naive	0.716252591418509
-0.228995633022012	0.387627788170182	15.5022784699947	-0.590761653345336	0.56319466368075	0.716444912301363	WP_003040513	rlm	naive	0.716444912301363
0.039944301843982	0.0692785521206107	17.9334963340464	0.576575298144812	0.571393146751489	0.725233679251463	WP_011733596	rlm	naive	0.725233679251463
0.0827626681187039	0.143321381677089	15.8887844386917	0.577462114516678	0.571720245724928	0.725233679251463	WP_003040959	rlm	naive	0.725233679251463
0.116199638131438	0.201739905999204	17.2970823317985	0.575987371243729	0.572042607965726	0.725233679251463	WP_003041458	rlm	naive	0.725233679251463
0.117336919065031	0.203968913564368	15.1046716757524	0.575268637826037	0.573580086915529	0.726248988067748	WP_003039284	rlm	naive	0.726248988067748
-0.0839529611227105	0.146493668614847	16.5441538966463	-0.573082522381462	0.574296278243365	0.726248988067748	WP_003039896	rlm	naive	0.726248988067748
0.0369670499150768	0.0646541419038492	17.4189499326854	0.571766151812093	0.574785295369127	0.726248988067748	WP_011733605	rlm	naive	0.726248988067748
0.0553857438111428	0.0974873586562054	17.7633923408022	0.568132572003143	0.577056820188658	0.728298933916394	WP_003036543	rlm	naive	0.728298933916394
0.086891356577458	0.154462714166451	16.0121721503617	0.562539361336243	0.581539642582168	0.733131998850778	WP_003041024	rlm	naive	0.733131998850778
0.0584164423101927	0.104625177240667	17.5197554200083	0.558340199279362	0.583677981389534	0.735001902490524	WP_003033335	rlm	naive	0.735001902490524
0.056009457833057	0.100750977185686	16.9110004670968	0.555919747853469	0.585546538503406	0.736528269283432	WP_011733649	rlm	naive	0.736528269283432
0.0541146281107804	0.0977308507099646	13.09372653566	0.5537108059294	0.589107898622119	0.740178121225104	WP_003039215	rlm	naive	0.740178121225104
-0.0407189295569516	0.0743322747158356	16.8263489836178	-0.547796091436939	0.591025381872956	0.741756687317065	WP_003022558	rlm	naive	0.741756687317065
0.0358467081142021	0.065776097343148	16.7210373144887	0.544980769035188	0.592962030201184	0.74335575182763	WP_004339561	rlm	naive	0.74335575182763
0.0874039387520567	0.16109392713297	18.1850568934936	0.542565075590414	0.5940170076423	0.743847190373505	WP_003038489	rlm	naive	0.743847190373505
-0.0379081632558579	0.0700926291791556	17.8083983009626	-0.540829523728741	0.595325910237316	0.74465515193564	WP_003039659	rlm	naive	0.74465515193564
-0.0340018379988521	0.0631225005362805	16.6573067164817	-0.538664306863274	0.597244393619507	0.746222950602546	WP_003019788	rlm	naive	0.746222950602546
0.090894374066226	0.169926938482133	18.2193445043866	0.5349026756919	0.599185437716123	0.747815418373181	WP_003014682	rlm	naive	0.747815418373181
0.0546174366967365	0.101856787984937	12.2193445043866	0.536217936744811	0.601433394981042	0.74944691612887	WP_003034158	rlm	naive	0.74944691612887
-0.0400481347656256	0.075367438688093	17.5339485452139	-0.531371842572019	0.601828584164092	0.74944691612887	WP_003035158	rlm	naive	0.74944691612887
0.073995410885569	0.138556375513062	11.6991013689402	0.534045514770218	0.603309994562575	0.749660696767665	WP_003032993	rlm	naive	0.749660696767665
-0.0583589072404698	0.110141358243954	16.3448068120006	-0.529854617474478	0.603336550072372	0.749660696767665	WP_003034440	rlm	naive	0.749660696767665
0.0813164248613293	0.154697876307823	17.3514614838828	0.525646678558943	0.605786974321484	0.751476846386667	WP_003039983	rlm	naive	0.751476846386667
-0.0512751794964932	0.0978978749811915	17.9945909879044	-0.523761925438569	0.606835392709954	0.751476846386667	WP_003039383	rlm	naive	0.751476846386667
0.0318296065570883	0.0608975693932509	17.0316063598114	0.522674498739779	0.607933596467422	0.751476846386667	WP_003041040	rlm	naive	0.751476846386667
0.110266665321789	0.210996755475127	16.8908610169696	0.522598866856925	0.608040632238946	0.751476846386667	WP_003039482	rlm	naive	0.751476846386667
-0.047779161606632	0.0915434494075216	15.8140883850214	-0.521928788087663	0.608953469726771	0.751476846386667	WP_003032611	rlm	naive	0.751476846386667
0.0487163970768118	0.0931618343132152	13.6589612283387	0.522922261416886	0.609406842111819	0.751476846386667	WP_003015034	rlm	naive	0.751476846386667
0.0363754836865288	0.0699847727863184	18.2193445043866	0.519762831803321	0.609486568816281	0.751476846386667	WP_003023265	rlm	naive	0.751476846386667
-0.0446050741365972	0.086449870488279	17.4569207494788	-0.515964614922643	0.612352546604385	0.754181731383228	WP_003040267	rlm	naive	0.754181731383228
0.0510740865502856	0.0996601455746847	17.8713251362897	0.512482560162538	0.61458903360809	0.756106245294164	WP_003038510	rlm	naive	0.756106245294164
-0.108935480395785	0.207005965173735	6.23830876957267	-0.52624319451064	0.61689757076775	0.758115086967596	WP_003032672	rlm	naive	0.758115086967596
-0.221944215168887	0.430906820786465	8.08886380290429	-0.515063128413256	0.620285281357098	0.761444295057619	WP_003038401	rlm	naive	0.761444295057619
0.0423809499757194	0.084769293631666	17.9604939681418	0.499956389395792	0.623175756169806	0.764156501008221	WP_011733581	rlm	naive	0.764156501008221
-0.0990400884841699	0.198524262643894	16.4830064620583	-0.498881532993398	0.624455008151475	0.764560785277602	WP_003040974	rlm	naive	0.764560785277602
-0.103649459639688	0.199624967051482	5.21934450438662	-0.519220922966801	0.6248683066841	0.764560785277602	WP_003041109	rlm	naive	0.764560785277602
-0.479033611353041	0.955589791687058	9.05343094270454	-0.501296283740458	0.628124830214757	0.76751143632219	WP_003038939	rlm	naive	0.76751143632219
-0.105626166340863	0.205730370300142	5.21934450438662	-0.513420387018039	0.62864795898404	0.76751143632219	WP_003040087	rlm	naive	0.76751143632219
-0.0735010854795552	0.15141174739121	13.3867090565776	-0.485438460000377	0.635213706538481	0.774684542104539	WP_003039271	rlm	naive	0.774684542104539
-0.0742809675915913	0.154192899769208	17.1618209067007	-0.481740519198831	0.636076077791099	0.774893984019124	WP_003038448	rlm	naive	0.774893984019124
-0.0615226256794311	0.128456074592732	11.8055015113358	-0.478939013779517	0.640730625484395	0.779717745979925	WP_003040301	rlm	naive	0.779717745979925
0.095049453421889	0.201536548191821	17.9093345117203	0.471623902833849	0.64288999354839	0.781497911984067	WP_003041079	rlm	naive	0.781497911984067
0.110157178114901	0.235174442649569	17.4906373402893	0.468406247183268	0.645278631525992	0.7835306013225	WP_003032778	rlm	naive	0.7835306013225
0.0273638631905403	0.0586187518683903	17.2143580490168	0.466810744315695	0.646489008300932	0.7835306013225	WP_003016007	rlm	naive	0.7835306013225
-0.0464037730451793	0.0985696140620124	11.4343881153401	-0.470771580945682	0.646657162945308	0.7835306013225	WP_003040936	rlm	naive	0.7835306013225
0.0470809419899214	0.101766583747628	16.895425208763	0.462636557660987	0.649527500526297	0.786159499018884	WP_003040775	rlm	naive	0.786159499018884
-0.0649699237027548	0.141463207306772	18.2193445043866	-0.45927082341533	0.651472076207611	0.787663436966529	WP_003034978	rlm	naive	0.787663436966529
0.0523161695938178	0.114736155377011	16.806143527735	0.455969344814737	0.65424877970658	0.790169139753265	WP_003033733	rlm	naive	0.790169139753265
0.139666346538272	0.294822368390498	4.81031044465348	0.473730495079942	0.656409509899402	0.79192631194315	WP_003038821	rlm	naive	0.79192631194315
-0.073182959162262	0.162207548838175	17.2129581007761	-0.451168639723868	0.657500232271405	0.792068371058144	WP_003038998	rlm	naive	0.792068371058144
-0.0563862821578774	0.124864054193107	15.2193445043866	-0.451581382025877	0.657939146012647	0.792068371058144	WP_003035180	rlm	naive	0.792068371058144
-0.144660992815903	0.319239531412681	10.9490772834352	-0.453142479491051	0.659294468636303	0.79284929668803	WP_003038806	rlm	naive	0.79284929668803
-0.109620656585007	0.246112615057266	17.474873601879	-0.445408523896672	0.661493121237077	0.7946416295803	WP_003032740	rlm	naive	0.7946416295803
-0.0259088737156159	0.0585742391098232	16.5244399583983	-0.4423253995163	0.663988579398066	0.796786295277679	WP_003025777	rlm	naive	0.796786295277679
0.0412090591357532	0.0937040032417222	16.8413721157319	0.439779067170149	0.665688547430203	0.79684736388238	WP_003038355	rlm	naive	0.79684736388238
-0.0496245428017691	0.112721587340426	15.7878619781866	-0.440239921851881	0.665731041030764	0.79684736388238	WP_003040428	rlm	naive	0.79684736388238
-0.0268805831472963	0.0613118855896205	17.8212382036971	-0.438423690427928	0.666347606044005	0.79684736388238	WP_003034013	rlm	naive	0.79684736388238
0.0772621641233851	0.175478907513212	13.1409509964773	0.440293168098098	0.666880280468409	0.79684736388238	WP_003038539	rlm	naive	0.79684736388238
0.0242796135366712	0.0560398271090962	17.4469823482796	0.43325639619488	0.670137517759354	0.799614092894432	WP_003033415	rlm	naive	0.799614092894432
0.0361998309213534	0.0838056315016037	16.6428259772929	0.431949861515699	0.671322001095	0.799614092894432	WP_003038808	rlm	naive	0.799614092894432
-0.118378864301928	0.273985019823207	16.366952407544	-0.432063272577142	0.671333757135967	0.799614092894432	WP_003034767	rlm	naive	0.799614092894432
0.0905190440555244	0.211005439253271	16.9221639165726	0.428989150117944	0.673342611387159	0.80056531828596	WP_011733673	rlm	naive	0.80056531828596
0.0580039429869592	0.134389464006779	12.1900967296062	0.431610791929591	0.673559412176423	0.80056531828596	WP_003038926	rlm	naive	0.80056531828596
0.0215668749314074	0.0508301099386523	16.6816781880977	0.42429329697372	0.676773233154196	0.803533933967204	WP_003038272	rlm	naive	0.803533933967204
0.0425771460896432	0.100740428016089	15.8949111816027	0.422642100377452	0.678218486729084	0.803595127850309	WP_003039521	rlm	naive	0.803595127850309
0.0210893602705295	0.0500234849490768	18.2193445043866	0.42158918539958	0.678257206839788	0.803595127850309	WP_003039129	rlm	naive	0.803595127850309
0.054337340062644	0.129151120504229	15.0679713822112	0.420726818710525	0.679893707561279	0.804684324771894	WP_003039286	rlm	naive	0.804684324771894
-0.0292535895185487	0.0704295253597564	18.2193445043866	-0.415359742510266	0.682729289081794	0.805995404749211	WP_003041540	rlm	naive	0.805995404749211
-0.0705862171445326	0.169608758466107	15.2193445043866	-0.416170826217313	0.683094422942075	0.805995404749211	WP_003024743	rlm	naive	0.805995404749211
-0.0615512140929795	0.148408817127216	17.8922231608565	-0.414740951949087	0.683261924649899	0.805995404749211	WP_003039691	rlm	naive	0.805995404749211
0.0514880230885735	0.124413836223198	18.0079089339243	0.413844831504144	0.683874888878119	0.805995404749211	WP_003041130	rlm	naive	0.805995404749211
0.0648194267737315	0.159330389430094	17.518004880099	0.406824002662537	0.689064701100362	0.810792880025886	WP_011733627	rlm	naive	0.810792880025886
-0.0230165374993878	0.0566336729492933	17.4176174990718	-0.406410820643676	0.689390737562117	0.810792880025886	WP_003038844	rlm	naive	0.810792880025886
-0.03049708029618	0.0763772935935146	17.5691005952846	-0.399295115882053	0.694487757251798	0.815496388549408	WP_003038375	rlm	naive	0.815496388549408
-0.0318528725002512	0.0792607556010543	11.9020566448201	-0.40187444919876	0.694899214239112	0.815496388549408	WP_003034387	rlm	naive	0.815496388549408
-0.0537663866532511	0.1348587395203	15.4772802937288	-0.398686706137853	0.695570449056848	0.815496388549408	WP_011733643	rlm	naive	0.815496388549408
-0.0385711571181386	0.0974404974232351	17.914418964939	-0.395843187772368	0.696895388730128	0.816196895777874	WP_003041523	rlm	naive	0.816196895777874
-0.0182857457108952	0.0463264331635342	17.9794896789239	-0.394715165019198	0.697696258238165	0.816282796395434	WP_003034371	rlm	naive	0.816282796395434
-0.0207885468532351	0.053189734792895	17.8752447995893	-0.390837572967407	0.700536349646852	0.818751858649758	WP_003039818	rlm	naive	0.818751858649758
0.0300031773929406	0.0777017379642433	17.6270738956191	0.386132642319371	0.704019435302111	0.821966499905274	WP_003034834	rlm	naive	0.821966499905274
0.0888567495291663	0.232140286696038	18.1106247254415	0.382771774748062	0.706344327733367	0.823823633801286	WP_003040565	rlm	naive	0.823823633801286
-0.0454347384191959	0.119990999382917	17.5009580634567	-0.378651220948697	0.709501172796164	0.826646226248489	WP_003040406	rlm	naive	0.826646226248489
0.123280746084726	0.3197947069802	7.21934450438662	0.385499645221956	0.71097527062389	0.827504412489631	WP_003040212	rlm	naive	0.827504412489631
0.0425718898086369	0.113483606427021	17.2236333885181	0.375136913154182	0.712138181149126	0.82799900440344	WP_003017431	rlm	naive	0.82799900440344
-0.0222954349378999	0.0597662786993085	17.8569439728127	-0.37304372002264	0.713507245834533	0.828732018453774	WP_003020889	rlm	naive	0.828732018453774
0.0813193718940752	0.211786300589743	4.2878017975706	0.383968989814885	0.71928957343422	0.834507279205113	WP_003021609	rlm	naive	0.834507279205113
0.0808148386184318	0.220631775000819	13.1697926742311	0.366288303750136	0.719967064412254	0.834507279205113	WP_003040747	rlm	naive	0.834507279205113
-0.0447703682517416	0.123875475870737	18.1289143099955	-0.361414298811324	0.721967539946982	0.835962414675453	WP_003039342	rlm	naive	0.835962414675453
-0.0852715372883054	0.239068534156574	14.4873976811685	-0.356682394816786	0.72647120842726	0.840309995727202	WP_003035393	rlm	naive	0.840309995727202
0.0446134177026299	0.126043520736083	16.7545946381255	0.353952487538363	0.727789555109868	0.840840055377069	WP_003039827	rlm	naive	0.840840055377069
0.0698705729119104	0.194464206476338	8.21934450438662	0.359297858346041	0.728428283267835	0.840840055377069	WP_003039209	rlm	naive	0.840840055377069
0.0582186108044111	0.165933204783051	16.5789392895674	0.35085570052437	0.730115285562658	0.84142627416903	WP_003040607	rlm	naive	0.84142627416903
-0.0435197915728889	0.123844548369693	14.2193445043866	-0.351406599206742	0.730435999144951	0.84142627416903	WP_003017112	rlm	naive	0.84142627416903
-0.120571152804891	0.335901760876155	6.2163793450093	-0.358947665205438	0.731512165511626	0.841801692004148	WP_003039737	rlm	naive	0.841801692004148
0.0438218388928974	0.127184651415231	18.1580533136918	0.3445528875165	0.734388986034745	0.84424635484732	WP_003041796	rlm	naive	0.84424635484732
0.0223671330155418	0.0651201273574667	17.7748961852186	0.343474958099528	0.73527041614254	0.844394479950799	WP_003034554	rlm	naive	0.844394479950799
-0.0186430104111039	0.0559685620146089	17.7107808174652	-0.333097898892555	0.742971169616678	0.851856899476732	WP_003040109	rlm	naive	0.851856899476732
-0.0283941836858857	0.0854540955201787	17.6631518488352	-0.332274111767772	0.743592982326518	0.851856899476732	WP_011733604	rlm	naive	0.851856899476732
0.0524581619699227	0.15867081338037	16.9604895082947	0.330610027467173	0.744988166297898	0.851856899476732	WP_003038372	rlm	naive	0.851856899476732
-0.11180734709728	0.337880000031672	14.7426279912037	-0.330908450002367	0.745370031549691	0.851856899476732	WP_003040632	rlm	naive	0.851856899476732
-0.0605757329705322	0.181988942236699	10.8893920264873	-0.332853920826387	0.74556459472919	0.851856899476732	WP_003040691	rlm	naive	0.851856899476732
0.0396364578871694	0.119831651478378	9.68149286764192	0.330767851382915	0.747866713227994	0.853617957519643	WP_003039029	rlm	naive	0.853617957519643
0.0679601142692989	0.209870398548062	18.105781840271	0.323819436849906	0.749785372256738	0.85493819885372	WP_003017378	rlm	naive	0.85493819885372
-0.0209564152575418	0.0653555410273836	16.5771452390436	-0.320652463863182	0.752480548549931	0.856746706452219	WP_003038325	rlm	naive	0.856746706452219
0.0481758290573777	0.146397282494426	6.21934450438662	0.329075978983502	0.752898620821647	0.856746706452219	WP_011733611	rlm	naive	0.856746706452219
0.0466061637710318	0.147122889810138	13.7479613917338	0.316783906509566	0.756166723671095	0.856928876342557	WP_003040373	rlm	naive	0.856928876342557
-0.0618923097279524	0.196042550122873	13.373578074801	-0.315708552501282	0.757096613609751	0.856928876342557	WP_003040855	rlm	naive	0.856928876342557
-0.0433145293858441	0.13663112695479	11.0382034446917	-0.317018020353272	0.757145263978323	0.856928876342557	WP_003014807	rlm	naive	0.856928876342557
-0.023832494904217	0.0762129690766012	16.5489079826303	-0.312709177886288	0.758407832739145	0.856928876342557	WP_003040471	rlm	naive	0.856928876342557
-0.0337817136708534	0.107581232892828	11.6808744160475	-0.31401121517641	0.759049626872987	0.856928876342557	WP_003033344	rlm	naive	0.856928876342557
-0.117094789106089	0.376639073400749	17.696838046612	-0.310893896506322	0.759513413313539	0.856928876342557	WP_003040032	rlm	naive	0.856928876342557
0.0256567031280967	0.0828576045164517	17.8347175424581	0.309648140056987	0.760417262453838	0.856928876342557	WP_003040350	rlm	naive	0.856928876342557
-0.0409866421251038	0.132095267568103	15.2363861352181	-0.310280927391837	0.760551153530779	0.856928876342557	WP_011733607	rlm	naive	0.856928876342557
-0.0219242520827831	0.0709464425675941	17.5348081755865	-0.309025389989001	0.760943870774787	0.856928876342557	WP_003034273	rlm	naive	0.856928876342557
0.0226127918387527	0.073252492993061	17.6237454023988	0.308696549629986	0.761171652505937	0.856928876342557	WP_003035078	rlm	naive	0.856928876342557
0.0591697321764055	0.191472192431642	13.6435285748089	0.309025197993332	0.761970930603593	0.856928876342557	WP_003039710	rlm	naive	0.856928876342557
0.0183900627200509	0.0599657856776508	17.1783045590024	0.306675923816084	0.762776194516908	0.856928876342557	WP_011733610	rlm	naive	0.856928876342557
0.244348900958628	0.797530310762305	17.2193445043866	0.306381961489428	0.762987475460085	0.856928876342557	WP_011648734	rlm	naive	0.856928876342557
-0.0485087479292688	0.157938659882526	10.7208499710893	-0.307136631179152	0.76462282818719	0.857631968562139	WP_003026450	rlm	naive	0.857631968562139
-0.019199208428607	0.063288655522805	17.7533401931021	-0.303359397825869	0.765142246462301	0.857631968562139	WP_011733612	rlm	naive	0.857631968562139
-0.0257663529718827	0.0860173530101985	18.1248686004034	-0.299548312871564	0.767929679738035	0.859255710205246	WP_003014930	rlm	naive	0.859255710205246
0.0305782066157819	0.102032938606924	16.6518620155356	0.29968956136393	0.768122528819841	0.859255710205246	WP_003022912	rlm	naive	0.859255710205246
0.0392692946099873	0.132721604001672	7.12510018807818	0.295877185220671	0.775761464473683	0.866936616672781	WP_003041292	rlm	naive	0.866936616672781
0.0329980538516596	0.11502047354821	17.0755387642568	0.286888523701207	0.777649772053332	0.868182133575959	WP_003040203	rlm	naive	0.868182133575959
-0.0250616471386245	0.0895026155564106	15.6952171122399	-0.28001022073851	0.783126466991368	0.872574379729677	WP_003025404	rlm	naive	0.872574379729677
0.0328853574916387	0.117617995028139	16.4690525742699	0.279594610363586	0.783269589257557	0.872574379729677	WP_011733713	rlm	naive	0.872574379729677
0.126847711504039	0.449811851676452	8.9382951518194	0.282001710340171	0.784362689874124	0.872574379729677	WP_003038341	rlm	naive	0.872574379729677
-0.0223070450649057	0.0803357956718453	16.5877694196203	-0.277672547814491	0.784694785336225	0.872574379729677	WP_003039340	rlm	naive	0.872574379729677
0.0205030201859929	0.075318752285482	17.1255758464323	0.272216673322999	0.788710215587868	0.876171150385731	WP_003032762	rlm	naive	0.876171150385731
0.0300362824689972	0.11347354678285	17.559216688303	0.264698542705081	0.794323793063711	0.881534417227976	WP_003024353	rlm	naive	0.881534417227976
-0.260322243697463	0.969743797802438	6.21934450438662	-0.268444350237028	0.797040437374812	0.883092581539324	WP_003040552	rlm	naive	0.883092581539324
0.0195704796385192	0.0751783670079597	17.2197409702533	0.260320627028879	0.797703768061907	0.883092581539324	WP_003039849	rlm	naive	0.883092581539324
-0.0205136724133822	0.0789995713808621	17.862438206984	-0.259668148254684	0.798089017540887	0.883092581539324	WP_003033347	rlm	naive	0.883092581539324
-0.0215959686056048	0.0840931393695598	17.8294170686944	-0.256810112780998	0.800265454158984	0.884628413365891	WP_003040096	rlm	naive	0.884628413365891
-0.0380333759589034	0.148801725870677	18.1071327143257	-0.255597680311571	0.801142433283218	0.884726191086388	WP_003041529	rlm	naive	0.884726191086388
0.0641388997865468	0.251658056481032	16.2193445043866	0.254865275061763	0.802030585614313	0.884836103303107	WP_003035145	rlm	naive	0.884836103303107
0.0294675121530319	0.117053104829117	17.4782684971729	0.251744814424623	0.804174545956028	0.886329902320888	WP_003040002	rlm	naive	0.886329902320888
-0.0305570485205764	0.1223563536859	18.1389304052643	-0.249738142728731	0.805596231112971	0.88695052387933	WP_003035764	rlm	naive	0.88695052387933
-0.0175917124561719	0.0706063868471888	16.4980766207131	-0.249151857809197	0.806318658072118	0.88695052387933	WP_003033940	rlm	naive	0.88695052387933
0.0177131420095609	0.0715374028095161	17.6681792446614	0.247606724788793	0.807293321064011	0.887152895429795	WP_003041151	rlm	naive	0.887152895429795
0.0285221983784157	0.116554585876445	16.8470538648982	0.244711078195165	0.80963583151139	0.888856558665147	WP_003039190	rlm	naive	0.888856558665147
0.0185177293441061	0.0772759053825057	17.1684511135292	0.239631347603702	0.813453610235808	0.892174927355402	WP_003022891	rlm	naive	0.892174927355402
0.0354786071609558	0.151685191224214	18.0814703922074	0.233896314298163	0.817693253911418	0.89569429843489	WP_003038813	rlm	naive	0.89569429843489
-0.0243248175039927	0.104309666014397	17.8619696445977	-0.233198115126123	0.818259051600501	0.89569429843489	WP_003038484	rlm	naive	0.89569429843489
-0.0274673611277009	0.119343221346981	12.0619974321996	-0.23015434657861	0.821828851351349	0.898715859678015	WP_011733577	rlm	naive	0.898715859678015
0.0116981719259651	0.0521702634998532	17.7680641012705	0.224230646755273	0.825136049483936	0.898715859678015	WP_003014302	rlm	naive	0.898715859678015
-0.0251899943397749	0.112689274865573	17.8179184995371	-0.223534975886783	0.825662008975996	0.898715859678015	WP_003039034	rlm	naive	0.898715859678015
0.0988250436927675	0.433333871448257	6.72755713815646	0.228057509934503	0.826377258999826	0.898715859678015	WP_003040294	rlm	naive	0.898715859678015
-0.0792962590544653	0.34934301752465	7.21934450438662	-0.226986815469613	0.82672812770819	0.898715859678015	WP_003040599	rlm	naive	0.898715859678015
0.0222638136338397	0.100385760727434	17.8905770252712	0.221782586220472	0.826995006534549	0.898715859678015	WP_003033759	rlm	naive	0.898715859678015
-0.0081114927682271	0.0367062926431319	17.7993789149479	-0.220983711078891	0.827620257873537	0.898715859678015	WP_003035212	rlm	naive	0.898715859678015
-0.010692628352031	0.0484544577360375	17.6638139974892	-0.220673780114941	0.827877023050964	0.898715859678015	WP_003039540	rlm	naive	0.898715859678015
-0.0127863039599631	0.0580889222164603	18.2193445043866	-0.220116047467995	0.828228341271896	0.898715859678015	WP_003040143	rlm	naive	0.898715859678015
-0.159288887749269	0.73612136456344	8.59960519037718	-0.216389437146327	0.833729733343205	0.902572153307351	WP_003036211	rlm	naive	0.902572153307351
0.0549195573719998	0.258060683783344	15.698781623877	0.212816445212971	0.834209007024536	0.902572153307351	WP_003039844	rlm	naive	0.902572153307351
0.0545256330516507	0.256432356057763	14.4483217003586	0.212631642472483	0.834585056451576	0.902572153307351	WP_003041504	rlm	naive	0.902572153307351
0.0274622589201073	0.129828848879599	16.94255672214	0.211526630306761	0.834999906535678	0.902572153307351	WP_003039119	rlm	naive	0.902572153307351
-0.033678431781662	0.161171490832611	16.9499002288941	-0.208960229924532	0.836969933518614	0.903830861797772	WP_003021612	rlm	naive	0.903830861797772
0.0159591859359878	0.0767422659081165	10.2193445043866	0.207958231974746	0.839347610078188	0.904946605887112	WP_011733586	rlm	naive	0.904946605887112
-0.0812736105479329	0.390240592175032	8.10449956715862	-0.208265393651002	0.840160553897581	0.904946605887112	WP_003021998	rlm	naive	0.904946605887112
-0.0101186208030631	0.0495371686814973	18.1340648895842	-0.204263204223912	0.840422783720473	0.904946605887112	WP_003039242	rlm	naive	0.904946605887112
-0.0199008310732991	0.0991298551893004	17.7727736648445	-0.200755171439483	0.843169510678053	0.906119545156333	WP_003040933	rlm	naive	0.906119545156333
-0.095538638324276	0.478702993885426	15.7460843110651	-0.199578109066814	0.84436507536168	0.906119545156333	WP_011733622	rlm	naive	0.906119545156333
0.0113320357112878	0.0573727341790265	18.2169840287653	0.19751604788308	0.845610901080089	0.906119545156333	WP_003036287	rlm	naive	0.906119545156333
0.0177994721473069	0.0896642555615322	11.5762309942486	0.198512462249709	0.84608761617115	0.906119545156333	WP_003040772	rlm	naive	0.906119545156333
-0.00743285422019619	0.0377893083600417	18.1804538855219	-0.196691988892172	0.846250648036666	0.906119545156333	WP_003037673	rlm	naive	0.906119545156333
-0.0275747417765296	0.140039958250438	16.1496187490687	-0.196906241054548	0.846357650021245	0.906119545156333	WP_003039858	rlm	naive	0.906119545156333
-0.0313273423004079	0.161461356195274	15.5653549076687	-0.194023777816657	0.848666748141229	0.907725539956587	WP_003038879	rlm	naive	0.907725539956587
0.0296463197746543	0.160688334639484	15.2193445043866	0.184495780861554	0.856060467996213	0.914761757230239	WP_003016724	rlm	naive	0.914761757230239
-0.0192009331892173	0.105202197491161	16.5440740167498	-0.182514563831526	0.857396721781508	0.915317908505092	WP_003038506	rlm	naive	0.915317908505092
0.0203997461241058	0.113068579340465	17.956157731604	0.180419230904806	0.858844079160429	0.915991498876427	WP_003014689	rlm	naive	0.915991498876427
0.0149427565060723	0.0854723681419663	17.9860337595404	0.174825582008597	0.863169631785987	0.919730604809	WP_003038941	rlm	naive	0.919730604809
0.0177376013518895	0.105834995734084	18.2193445043866	0.167596750289064	0.868746803903994	0.924145665765768	WP_003041095	rlm	naive	0.924145665765768
0.0104267927755978	0.0623079374099474	18.0528676067498	0.16734292947295	0.86896049677619	0.924145665765768	WP_003041562	rlm	naive	0.924145665765768
-0.0400778829154533	0.248062581963385	16.1321990984554	-0.161563596566003	0.873655659662487	0.928171292181835	WP_003041048	rlm	naive	0.928171292181835
0.0523669660047057	0.326502818442159	17.6205621029423	0.160387485334932	0.874400228018003	0.928171292181835	WP_011733699	rlm	naive	0.928171292181835
-0.0525836431125938	0.330827252514599	12.8932883988793	-0.158945923326777	0.876174201869792	0.929175287805205	WP_003035895	rlm	naive	0.929175287805205
-0.010202135559529	0.0651755337909569	17.6530715370157	-0.156533210640839	0.877389009281493	0.929584956009288	WP_003018791	rlm	naive	0.929584956009288
0.0121145211971332	0.082271109509092	17.2787350744977	0.147251219406424	0.88463829544289	0.936381290082002	WP_011733646	rlm	naive	0.936381290082002
0.018806084253796	0.131612101594523	18.2193445043866	0.142890235973397	0.887945290746527	0.937490856905583	WP_003022463	rlm	naive	0.937490856905583
0.0158377115339002	0.111059093153838	17.0707643412809	0.142606166538403	0.888270891244918	0.937490856905583	WP_003032596	rlm	naive	0.937490856905583
-0.0216117613672142	0.151375943254872	14.2193445043866	-0.142768797356568	0.888476127838192	0.937490856905583	WP_003039755	rlm	naive	0.937490856905583
-0.0115201588792817	0.0813747176468311	17.5928402429839	-0.141569263923957	0.889028762698343	0.937490856905583	WP_003039415	rlm	naive	0.937490856905583
0.0104507969108865	0.0745353651025063	17.2272588204373	0.140212594337116	0.890118350450779	0.937758487517159	WP_003039222	rlm	naive	0.937758487517159
-0.033690829962089	0.236271731161364	5.83508481219646	-0.142593571378539	0.891407045258042	0.938235182720003	WP_003013860	rlm	naive	0.938235182720003
-0.0110590012888082	0.0815136211759249	17.0053835334973	-0.135670592586487	0.893674748093137	0.939740456757732	WP_003016875	rlm	naive	0.939740456757732
0.0143419719538977	0.106832538758361	18.0355981562502	0.134247225803901	0.894693829381716	0.9399311578336	WP_003038513	rlm	naive	0.9399311578336
0.0214747630796319	0.16490203854079	18.2193445043866	0.130227396032584	0.897813592365982	0.941126844241827	WP_003032608	rlm	naive	0.941126844241827
0.0555876753590345	0.427475694557695	14.6390992081116	0.130037043197393	0.89830709529975	0.941126844241827	WP_003040476	rlm	naive	0.941126844241827
0.00740405667282635	0.0570653530703989	16.3614767850652	0.129746970349808	0.898348351321744	0.941126844241827	WP_003015739	rlm	naive	0.941126844241827
0.0169157451105283	0.134493543407246	13.3299965493796	0.12577365932956	0.901788305905195	0.943849327635848	WP_003038603	rlm	naive	0.943849327635848
0.00687011997728373	0.0577747258870695	17.5624240486256	0.118912203767311	0.906694503720827	0.948099937721126	WP_003036153	rlm	naive	0.948099937721126
-0.0101817004762766	0.0889204534550868	16.5614420515632	-0.114503470019069	0.910215425663491	0.950895444687557	WP_011733575	rlm	naive	0.950895444687557
0.0159131380339553	0.140645667569691	17.946605798096	0.113143464060635	0.911172856251366	0.951010181129333	WP_003040769	rlm	naive	0.951010181129333
-0.134273158164794	1.20085678134948	11.0454711719435	-0.111814464680711	0.912976610420385	0.951682502936145	WP_003040860	rlm	naive	0.951682502936145
-0.00913911903653756	0.0829114705772406	17.085482886538	-0.110227438651248	0.913513418593787	0.951682502936145	WP_003018147	rlm	naive	0.951682502936145
0.00510918534725207	0.0470285946942342	16.6855100744393	0.108639974901876	0.914783836328455	0.952121952096963	WP_003041237	rlm	naive	0.952121952096963
-0.0154690453226361	0.146960524205194	17.4894365672296	-0.105259867616133	0.917367423742247	0.953678259084146	WP_003034294	rlm	naive	0.953678259084146
0.0427512316569694	0.391193029144165	4.21934450438662	0.109284236865106	0.917979072915221	0.953678259084146	WP_003040489	rlm	naive	0.953678259084146
-0.010609948797725	0.103966781045272	15.3536153271868	-0.102051334965395	0.920036825710372	0.954931839451469	WP_003016165	rlm	naive	0.954931839451469
-0.00401625575299635	0.0409817837101495	18.1451533907235	-0.0980009992098437	0.92300596279429	0.95712817953345	WP_011733722	rlm	naive	0.95712817953345
0.00758131199169628	0.0915467386833691	17.2854915182771	0.0828135671541246	0.934951237739533	0.967582615763696	WP_003022260	rlm	naive	0.967582615763696
0.0620745060140865	0.750877552376391	11.0080079659146	0.0826692791889064	0.935598608320523	0.967582615763696	WP_011733631	rlm	naive	0.967582615763696
0.00682508166157937	0.0831586694046043	14.9862582893	0.0820730022551501	0.935674811144038	0.967582615763696	WP_003040758	rlm	naive	0.967582615763696
0.00485805538465752	0.0626594649233822	17.8930880111655	0.077531070375366	0.939061479147876	0.970190588953883	WP_003032804	rlm	naive	0.970190588953883
0.0134609959716392	0.188620174539809	15.8863868753093	0.0713656214372666	0.943997482435917	0.974392985550228	WP_003035102	rlm	naive	0.974392985550228
0.00690824557861189	0.0996638984168323	13.7302704813052	0.0693154260303865	0.9457379291955	0.975292239482859	WP_003032934	rlm	naive	0.975292239482859
-0.00411423253432181	0.0618509808168236	15.7682094940478	-0.0665184687451671	0.947801160321643	0.976522407604117	WP_003039260	rlm	naive	0.976522407604117
-0.00497324142207385	0.0786800510248548	17.1725249652831	-0.063208416330371	0.950330465706201	0.978230075708585	WP_003022662	rlm	naive	0.978230075708585
-0.00358921401935263	0.0584935815116989	18.2193445043866	-0.0613608181717301	0.951739975278612	0.978730121067154	WP_003035887	rlm	naive	0.978730121067154
0.00389279115911742	0.0654207643247142	17.8444379805139	0.0595039082667341	0.953212083095077	0.978730121067154	WP_003026930	rlm	naive	0.978730121067154
-0.0043951178671162	0.0741917961233749	17.4752829207049	-0.0592399442629408	0.953433174978966	0.978730121067154	WP_003017606	rlm	naive	0.978730121067154
-0.00757796643844791	0.130938772955713	7.21934450438662	-0.0578741213728264	0.955418329134359	0.979871449075641	WP_003022536	rlm	naive	0.979871449075641
-0.00610798830213782	0.118646134384359	16.3034354524922	-0.0514807189785953	0.959567954185512	0.983228533877757	WP_003039488	rlm	naive	0.983228533877757
-0.0218526199734994	0.446630187206739	6.21934450438662	-0.0489277720123833	0.962510463990916	0.984148955771778	WP_003017885	rlm	naive	0.984148955771778
-0.0110184531057337	0.232634741649156	18.0284117601938	-0.0473637472529834	0.962744063833342	0.984148955771778	WP_003034818	rlm	naive	0.984148955771778
-0.00771357100937398	0.164280891038292	16.9935587015939	-0.0469535498658577	0.963097641209815	0.984148955771778	WP_003025860	rlm	naive	0.984148955771778
-0.00708968009361463	0.155246692343032	15.2050963195556	-0.0456671893398497	0.96416990098736	0.984348160971627	WP_003039347	rlm	naive	0.984348160971627
-0.00502602393154518	0.117866793072116	10.8133070222531	-0.0426415600233565	0.966764454202153	0.984459436290372	WP_003016659	rlm	naive	0.984459436290372
0.00364233813760561	0.0865377042626273	18.1579923162532	0.0420896090165708	0.966886635404175	0.984459436290372	WP_003038468	rlm	naive	0.984459436290372
-0.0107637741893601	0.25235107847729	8.97599625595723	-0.0426539654766278	0.966911139743306	0.984459436290372	WP_003040944	rlm	naive	0.984459436290372
-0.00228366165861971	0.059220542946464	17.9986156760379	-0.038561984490486	0.969664120016587	0.986367309753954	WP_003038581	rlm	naive	0.986367309753954
-0.00471303975172251	0.12948123415517	17.0406251331132	-0.0363994039945157	0.971386894125712	0.98722472392124	WP_003038558	rlm	naive	0.98722472392124
0.0019057498284239	0.0557919003903543	16.538453759056	0.0341581809382744	0.973159888992854	0.987538344703005	WP_003039501	rlm	naive	0.987538344703005
-0.00478093592206664	0.144783265821862	16.4046462755461	-0.0330213294673779	0.974056026049688	0.987538344703005	WP_003039149	rlm	naive	0.987538344703005
0.00763275875760239	0.233836558540226	17.2172115381146	0.0326414261535984	0.974335960415532	0.987538344703005	WP_011733707	rlm	naive	0.987538344703005
0.00170376342224983	0.059407724627793	18.0879003378637	0.0286791563374024	0.977434544557142	0.989245702116919	WP_003034620	rlm	naive	0.989245702116919
-0.00714364002455159	0.246454045622649	6.21934450438662	-0.0289856878044087	0.977783853518416	0.989245702116919	WP_003039715	rlm	naive	0.989245702116919
-0.0092068711815459	0.388018588390037	16.6117997110633	-0.023727912674872	0.981352337929184	0.991866198463194	WP_011733629	rlm	naive	0.991866198463194
-0.00213500280345927	0.0939831434763639	16.9107806476876	-0.0227168694777294	0.982142020046888	0.991866198463194	WP_003038609	rlm	naive	0.991866198463194
0.00378919770481231	0.190731085161108	17.9962269768908	0.0198667023868271	0.984368320084563	0.992731984087529	WP_003021949	rlm	naive	0.992731984087529
-0.00328364280072933	0.16850368593753	12.1510043998902	-0.0194870680867283	0.984768893306078	0.992731984087529	WP_003016458	rlm	naive	0.992731984087529
-0.00477159224404822	0.289998597902799	10.0825078235751	-0.0164538459101362	0.987193369261429	0.993452636117429	WP_003038493	rlm	naive	0.993452636117429
-0.00103586517591929	0.0671098441236842	16.4670612111346	-0.0154353685282025	0.987870317714171	0.993452636117429	WP_003034372	rlm	naive	0.993452636117429
0.00500951773732195	0.339671169870298	9.66652199008795	0.0147481393232014	0.988533053571852	0.993452636117429	WP_003033422	rlm	naive	0.993452636117429
0.00269316737657451	0.192952703174838	17.0823227557465	0.0139576555925945	0.989025485332592	0.993452636117429	WP_003038923	rlm	naive	0.993452636117429
0.00117939150316317	0.122278622590221	5.1289770818724	0.0096451160323872	0.992668389398946	0.995561270381116	WP_003039319	rlm	naive	0.995561270381116
0.00107288364835742	0.118900900988515	18.0782189194875	0.00902334330049403	0.992899341850685	0.995561270381116	WP_003015672	rlm	naive	0.995561270381116
-0.000426337561550653	0.0578633571510993	16.5240721563413	-0.00736800598066497	0.994209457895483	0.99598483192744	WP_003039000	rlm	naive	0.99598483192744
-0.000414111488263838	0.0799255289245598	16.3359465087996	-0.00518121673808015	0.995928751697054	0.99681718055673	WP_003039194	rlm	naive	0.99681718055673
0.000376519170640936	0.0938107000705167	16.6513431774545	0.00401360580784398	0.996845307506287	0.996845307506287	WP_003039427	rlm	naive	0.996845307506287
NA	NA	NA	NA	NA	NA	WP_003016791	fitError	naive	NA
NA	NA	NA	NA	NA	NA	WP_003018704	fitError	naive	NA
NA	NA	NA	NA	NA	NA	WP_003019355	fitError	naive	NA
NA	NA	NA	NA	NA	NA	WP_003032578	fitError	naive	NA
NA	NA	5.21934450438662	NA	NA	NA	WP_003032700	rlm	naive	NA
NA	NA	NA	NA	NA	NA	WP_003033158	fitError	naive	NA
NA	NA	10.2193445043866	NA	NA	NA	WP_003033202	rlm	naive	NA
NA	NA	6.21934450438662	NA	NA	NA	WP_003033215	rlm	naive	NA
NA	NA	NA	NA	NA	NA	WP_003033343	fitError	naive	NA
NA	NA	NA	NA	NA	NA	WP_003033554	fitError	naive	NA
NA	NA	NA	NA	NA	NA	WP_003033605	fitError	naive	NA
NA	NA	NA	NA	NA	NA	WP_003033643	fitError	naive	NA
NA	NA	NA	NA	NA	NA	WP_003034136	fitError	naive	NA
NA	NA	NA	NA	NA	NA	WP_003034256	fitError	naive	NA
NA	NA	NA	NA	NA	NA	WP_003034807	fitError	naive	NA
NA	NA	NA	NA	NA	NA	WP_003035065	fitError	naive	NA
NA	NA	NA	NA	NA	NA	WP_003035279	fitError	naive	NA
NA	NA	NA	NA	NA	NA	WP_003035402	fitError	naive	NA
NA	NA	4.21934450438662	NA	NA	NA	WP_003037070	rlm	naive	NA
NA	NA	NA	NA	NA	NA	WP_003037116	fitError	naive	NA
NA	NA	NA	NA	NA	NA	WP_003037497	fitError	naive	NA
NA	NA	4.21934450438662	NA	NA	NA	WP_003038265	rlm	naive	NA
NA	NA	NA	NA	NA	NA	WP_003038308	fitError	naive	NA
NA	NA	NA	NA	NA	NA	WP_003038309	fitError	naive	NA
NA	NA	NA	NA	NA	NA	WP_003038338	fitError	naive	NA
NA	NA	NA	NA	NA	NA	WP_003038380	fitError	naive	NA
NA	NA	NA	NA	NA	NA	WP_003038386	fitError	naive	NA
NA	NA	NA	NA	NA	NA	WP_003038494	fitError	naive	NA
NA	NA	NA	NA	NA	NA	WP_003038495	fitError	naive	NA
NA	NA	NA	NA	NA	NA	WP_003038585	fitError	naive	NA
NA	NA	NA	NA	NA	NA	WP_003038594	fitError	naive	NA
NA	NA	4.21934450438662	NA	NA	NA	WP_003038612	rlm	naive	NA
NA	NA	NA	NA	NA	NA	WP_003038657	fitError	naive	NA
NA	NA	NA	NA	NA	NA	WP_003038832	fitError	naive	NA
NA	NA	NA	NA	NA	NA	WP_003039004	fitError	naive	NA
NA	NA	NA	NA	NA	NA	WP_003039019	fitError	naive	NA
NA	NA	7.21934450438662	NA	NA	NA	WP_003039021	rlm	naive	NA
NA	NA	5.85935641005617	NA	NA	NA	WP_003039061	rlm	naive	NA
NA	NA	5.08095546661852	NA	NA	NA	WP_003039126	rlm	naive	NA
NA	NA	6.21934450438662	NA	NA	NA	WP_003039232	rlm	naive	NA
NA	NA	7.94331515674693	NA	NA	NA	WP_003039251	rlm	naive	NA
NA	NA	NA	NA	NA	NA	WP_003039474	fitError	naive	NA
NA	NA	NA	NA	NA	NA	WP_003039484	fitError	naive	NA
NA	NA	NA	NA	NA	NA	WP_003039762	fitError	naive	NA
NA	NA	NA	NA	NA	NA	WP_003039880	fitError	naive	NA
NA	NA	NA	NA	NA	NA	WP_003039898	fitError	naive	NA
NA	NA	NA	NA	NA	NA	WP_003039938	fitError	naive	NA
NA	NA	8.99651888850597	NA	NA	NA	WP_003040017	rlm	naive	NA
NA	NA	NA	NA	NA	NA	WP_003040326	fitError	naive	NA
NA	NA	NA	NA	NA	NA	WP_003040851	fitError	naive	NA
NA	NA	8.62708836395549	NA	NA	NA	WP_003040999	rlm	naive	NA
NA	NA	NA	NA	NA	NA	WP_003041455	fitError	naive	NA
NA	NA	NA	NA	NA	NA	WP_003041526	fitError	naive	NA
NA	NA	NA	NA	NA	NA	WP_003041573	fitError	naive	NA
NA	NA	9.207785504229	NA	NA	NA	WP_011733564	rlm	naive	NA
NA	NA	NA	NA	NA	NA	WP_011733614	fitError	naive	NA
NA	NA	NA	NA	NA	NA	WP_011733630	fitError	naive	NA
NA	NA	10.2193445043866	NA	NA	NA	WP_011733632	rlm	naive	NA
