logFC	se	df	t	pval	adjPval	protein	fit_status	model	adjPval_BH
-1.18474612228225	0.0519105508516647	16.5891106516238	-22.822838572214	5.78579504038163e-14	6.45116147002551e-11	WP_003040849	lmer	mixed	6.45116147002551e-11
-1.2271954095763	0.0645794996774529	15.8895652270646	-19.0028633808812	2.38210238314906e-12	1.3280220786056e-09	WP_003033719	lmer	mixed	1.3280220786056e-09
-1.62332350271284	0.123795881855313	17.8895652270646	-13.1129039058836	1.29842079120902e-10	4.82579727399353e-08	WP_003038816	lmer	mixed	4.82579727399353e-08
-0.526609076491311	0.0430938046996773	17.8895618478383	-12.22006458147	4.06422026135656e-10	1.13290139785314e-07	WP_003014373	lmer	mixed	1.13290139785314e-07
-1.11800433858244	0.0944089469930877	15.8895652270646	-11.8421439301118	2.69799266822058e-09	4.89293816613392e-07	WP_003033905	lmer	mixed	4.89293816613392e-07
-1.4160026820043	0.114109969134137	14.9833826362705	-12.40910581914	2.76603653069763e-09	4.89293816613392e-07	WP_003023392	lmer	mixed	4.89293816613392e-07
0.743356024014859	0.0691109364576291	17.8895652270646	10.7559825132828	3.07179974555493e-09	4.89293816613392e-07	WP_003038350	lmer	mixed	4.89293816613392e-07
-0.550567638929898	0.0558738820694423	17.8895652270646	-9.85375668448507	1.18730035528082e-08	1.65479987017264e-06	WP_003033749	lmer	mixed	1.65479987017264e-06
-0.853084050164876	0.0808341042098853	15.7055244967567	-10.5535164705957	1.5548478523267e-08	1.9262837281603e-06	WP_011733695	lmer	mixed	1.9262837281603e-06
1.81932913843131	0.178532105356931	15.6587144069957	10.1904872224187	2.59460554142138e-08	2.89298517868483e-06	WP_003032959	lmer	mixed	2.89298517868483e-06
-0.997726453140014	0.103636844125298	14.970386121487	-9.62714043987829	8.36183043193296e-08	8.47585539236841e-06	WP_003026016	lmer	mixed	8.47585539236841e-06
-0.402552468460196	0.0471069186537224	16.5953181385965	-8.5455062645747	1.76725387954702e-07	1.64207339641244e-05	WP_011733588	lmer	mixed	1.64207339641244e-05
-0.612495630821683	0.0748895785474367	16.8895652270646	-8.17864972272096	2.82765622525488e-07	2.42525899319938e-05	WP_003014581	lmer	mixed	2.42525899319938e-05
-0.306124349706808	0.0388293990615743	17.8895652270646	-7.88382918884134	3.1460364589681e-07	2.50559332267817e-05	WP_003033752	lmer	mixed	2.50559332267817e-05
-2.71915831946352	0.22232776698187	9.05470100994672	-12.230403590053	6.19501737397318e-07	4.6049629146534e-05	WP_011733565	lmer	mixed	4.6049629146534e-05
-1.29391642129977	0.173464255438351	17.8895652270646	-7.45926829726385	6.79873106055666e-07	4.69722238654045e-05	WP_003038976	lmer	mixed	4.69722238654045e-05
-0.713107236665238	0.0920437010439306	16.3223322704748	-7.74748547241583	7.36001706586961e-07	4.69722238654045e-05	WP_003021583	lmer	mixed	4.69722238654045e-05
0.92926256019652	0.106037012717494	13.122709526619	8.76356789371542	7.5829599065227e-07	4.69722238654045e-05	WP_003040752	lmer	mixed	4.69722238654045e-05
-0.838556426451915	0.104482603007478	14.8590919454841	-8.02579953326678	8.82453536450039e-07	5.1786089112726e-05	WP_003038425	lmer	mixed	5.1786089112726e-05
-0.242728367393733	0.0344157071782229	17.1456425311744	-7.05283683803898	1.84971615569343e-06	0.000103121675679909	WP_003040166	lmer	mixed	0.000103121675679909
-1.05672725445962	0.152323578459145	16.8847119655024	-6.93738464621906	2.49063168760359e-06	0.000130078841767517	WP_003040995	lmer	mixed	0.000130078841767517
-0.421906637004191	0.0624424837033284	17.8895652270646	-6.75672414006976	2.56657804384338e-06	0.000130078841767517	WP_003021175	lmer	mixed	0.000130078841767517
-0.390446784462885	0.0568904083927595	16.8895652270646	-6.86313906849326	2.85065009808197e-06	0.000138194559102669	WP_003032868	lmer	mixed	0.000138194559102669
-0.561411268757817	0.0776012563633435	14.4672265862489	-7.23456416902821	3.58069075166434e-06	0.000166352924504406	WP_003020026	lmer	mixed	0.000166352924504406
-0.875791705320742	0.134167792405423	17.8895652270646	-6.52758526930449	4.01617391642182e-06	0.000179121356672413	WP_003038435	lmer	mixed	0.000179121356672413
-0.54489313861415	0.085121515748735	17.8895652270646	-6.40135615327372	5.15528139206783e-06	0.000221082259698293	WP_003017801	lmer	mixed	0.000221082259698293
-0.325054450600819	0.048951400918095	16.0037047335274	-6.64035031693366	5.67173771524851e-06	0.000234221761203781	WP_003038940	lmer	mixed	0.000234221761203781
-0.407809126906224	0.0596883226916483	14.4570856186447	-6.83231004853291	6.89304111657528e-06	0.000274490744463623	WP_011733723	lmer	mixed	0.000274490744463623
-0.97871006710465	0.145276670285609	14.1041625979125	-6.73687017454724	9.16373323569881e-06	0.000330142462894639	WP_003040894	lmer	mixed	0.000330142462894639
-0.578736606228567	0.0898398353848106	15.5422740003997	-6.44187073306252	9.36098281311129e-06	0.000330142462894639	WP_003015002	lmer	mixed	0.000330142462894639
-0.712066107525378	0.114286755879554	16.8895652270646	-6.23052165620851	9.41071310295782e-06	0.000330142462894639	WP_003014552	lmer	mixed	0.000330142462894639
-0.290331328025279	0.047610363982253	17.8895652270646	-6.09806991044011	9.47494063912864e-06	0.000330142462894639	WP_003038363	lmer	mixed	0.000330142462894639
-0.628495142095175	0.103788719411097	17.8895652270646	-6.05552458553578	1.03294705586741e-05	0.000345812706125543	WP_003038420	lmer	mixed	0.000345812706125543
-0.329310801350603	0.0544732354309854	17.8895652270646	-6.04536886316992	1.05449614423932e-05	0.000345812706125543	WP_003038679	lmer	mixed	0.000345812706125543
-0.262411479796693	0.0437082926753737	17.8895652270646	-6.0037000700451	1.1478819309266e-05	0.000365682386566616	WP_003040241	lmer	mixed	0.000365682386566616
-0.231833928690844	0.0387442142037764	17.8895652270646	-5.98370449511522	1.19568342868487e-05	0.000370329728606564	WP_003021184	lmer	mixed	0.000370329728606564
0.331835549735482	0.0558573731501091	17.8895652270646	5.94076539982858	1.3053961026641e-05	0.000393382879586614	WP_003037222	lmer	mixed	0.000393382879586614
-0.545773769095501	0.0836889124162929	13.8895652270646	-6.52145849835716	1.40621686962434e-05	0.000412613634113457	WP_003039713	lmer	mixed	0.000412613634113457
-0.383362166000364	0.0617238094465258	15.4534840473824	-6.21092848024049	1.45810215089833e-05	0.00041686766621837	WP_003037386	lmer	mixed	0.00041686766621837
-0.57295485391651	0.095563710384282	16.7830623360575	-5.99552750319694	1.52710287120212e-05	0.000425679925347591	WP_003038938	lmer	mixed	0.000425679925347591
-0.24176437673042	0.0413863786247388	17.4641019073788	-5.84164125405996	1.76173342164015e-05	0.00047910555247043	WP_003016111	lmer	mixed	0.00047910555247043
-0.630896382414983	0.100696525857962	14.3110218647644	-6.26532422086636	1.87550586955616e-05	0.000497902153465504	WP_003038437	lmer	mixed	0.000497902153465504
-0.407717404021045	0.0696717884978078	16.6748596306809	-5.85197269672321	2.07768002555204e-05	0.000529556275179784	WP_003035924	lmer	mixed	0.000529556275179784
-0.235913118563697	0.0412304621779806	17.8000431295284	-5.72181600937009	2.08972879891574e-05	0.000529556275179784	WP_003014352	lmer	mixed	0.000529556275179784
-0.697734731260646	0.11581190163993	15.2028931262614	-6.02472389608083	2.19722761996564e-05	0.000537888499643129	WP_003033018	lmer	mixed	0.000537888499643129
-0.316284669292143	0.0538469274206182	16.2340478092252	-5.87377375911399	2.21909156803443e-05	0.000537888499643129	WP_003021606	lmer	mixed	0.000537888499643129
-0.463325212662921	0.0785409023897304	15.4904385826669	-5.8991582546867	2.56028664259157e-05	0.000603204998549876	WP_003040951	lmer	mixed	0.000603204998549876
-0.654993223128149	0.109951787096339	14.9937723574762	-5.95709483606889	2.63357136523774e-05	0.000603204998549876	WP_003015556	lmer	mixed	0.000603204998549876
-0.370984364274586	0.0642750020925236	16.3139216395114	-5.77182967245268	2.65085604743892e-05	0.000603204998549876	WP_003040818	lmer	mixed	0.000603204998549876
-0.681966483972133	0.11973312518971	16.4101433245872	-5.69572107043559	3.0068478188768e-05	0.000670527063609527	WP_003034246	lmer	mixed	0.000670527063609527
-0.185818636402354	0.0337524379045104	17.8895652270646	-5.50533970103305	3.22150507092269e-05	0.000704309441976235	WP_003039170	lmer	mixed	0.000704309441976235
-0.180925278797721	0.033210031246239	17.8895652270646	-5.44791052607668	3.63538777253378e-05	0.000779511031995225	WP_003039136	lmer	mixed	0.000779511031995225
0.314345611433711	0.0549022981596867	15.0028318371484	5.72554559591326	4.0114721118632e-05	0.000843922906552352	WP_003040749	lmer	mixed	0.000843922906552352
-0.385548477914878	0.0721043595659072	17.8895652270646	-5.34708969382727	4.49890076116911e-05	0.000928939694204362	WP_003024816	lmer	mixed	0.000928939694204362
-0.403467993535642	0.0722245908726991	14.8470869422045	-5.58629669840266	5.3969159765055e-05	0.00109410205705521	WP_003041451	lmer	mixed	0.00109410205705521
-1.24607345285705	0.221298182268573	14.2391033316619	-5.63074418453551	5.81704839155266e-05	0.00115821588510379	WP_003017957	lmer	mixed	0.00115821588510379
-0.2797389367841	0.0534573541204023	17.2481659272298	-5.23293644788409	6.44410414925768e-05	0.00121881768536601	WP_003041283	lmer	mixed	0.00121881768536601
-0.571125148150584	0.110409524304803	17.8895652270646	-5.17278877657243	6.52060462418702e-05	0.00121881768536601	WP_003039530	lmer	mixed	0.00121881768536601
0.254797173826427	0.0492737702687939	17.8895652270646	5.17105089455262	6.5448872365176e-05	0.00121881768536601	WP_011733716	lmer	mixed	0.00121881768536601
-0.319400046263417	0.0585901086698871	15.0834171134592	-5.45143290419557	6.55866019031036e-05	0.00121881768536601	WP_003041112	lmer	mixed	0.00121881768536601
-0.622509904159862	0.119615308596822	17.3195443957078	-5.20426617180002	6.75256177433845e-05	0.00123427973416186	WP_003040067	lmer	mixed	0.00123427973416186
-0.271622924018306	0.0531218261841169	17.8895652270646	-5.11320757454531	7.4081749891276e-05	0.00133227663110924	WP_003040169	lmer	mixed	0.00133227663110924
-0.245572357391616	0.0480976835287221	17.8895652270646	-5.10570030352854	7.52845836580099e-05	0.00133241763140764	WP_003039265	lmer	mixed	0.00133241763140764
-0.321411411374167	0.0632261172889336	17.8895652270646	-5.08352284081222	7.89558716611574e-05	0.00137097850117512	WP_003039703	lmer	mixed	0.00137097850117512
-0.317801599667295	0.0625857497026338	17.8895652270646	-5.07785879656756	7.99225135214198e-05	0.00137097850117512	WP_003038662	lmer	mixed	0.00137097850117512
0.488219265686721	0.0905745409829212	14.5860289586763	5.39024830143804	8.2670866980269e-05	0.00139663661640909	WP_003041406	lmer	mixed	0.00139663661640909
-0.322856854154236	0.0635340496500884	17.5505028390347	-5.08163505919044	8.39552267444643e-05	0.00139716534059817	WP_003039175	lmer	mixed	0.00139716534059817
-0.620806167369817	0.122215943725846	17.3826144657373	-5.07958412334815	8.67897142373425e-05	0.00142309604962701	WP_003035420	lmer	mixed	0.00142309604962701
-0.500403310206541	0.0952176705597358	15.2449596291902	-5.25536181745391	9.19283693073933e-05	0.00148550915619918	WP_003033944	lmer	mixed	0.00148550915619918
-0.405756403068225	0.0813583246108691	17.4153866219833	-4.9872757951805	0.000104946075148492	0.00167164105415098	WP_003038430	lmer	mixed	0.00167164105415098
-0.330858904249634	0.0635376515419087	14.9747540153484	-5.20728884717124	0.000106840376806562	0.00167550250993952	WP_003014346	lmer	mixed	0.00167550250993952
-0.308537348871979	0.059940307266793	15.4685894561565	-5.14741019759352	0.000108193884049906	0.00167550250993952	WP_003032890	lmer	mixed	0.00167550250993952
-1.10023473621292	0.220471029462899	16.8895652270646	-4.9903823595021	0.000113942385105478	0.00174035286839189	WP_003040628	lmer	mixed	0.00174035286839189
-0.509244686947989	0.0972739479380112	14.3705867399039	-5.23516005819472	0.000115877011382577	0.00174598469853477	WP_003018840	lmer	mixed	0.00174598469853477
0.474595598443593	0.0919897898585026	14.2636848450725	5.15922037840949	0.000136666474207561	0.00203177491655241	WP_003033757	lmer	mixed	0.00203177491655241
-0.591048149453965	0.116829148883684	14.4355387878551	-5.05908118908251	0.0001587792845866	0.00232945924097446	WP_003039621	lmer	mixed	0.00232945924097446
-0.371993036395946	0.0749918812249096	14.5422606705791	-4.96044412168157	0.000187230301084868	0.00271119202220296	WP_003035357	lmer	mixed	0.00271119202220296
-0.321106759511315	0.0661439343257017	15.1333764861944	-4.85466676249014	0.000205018179477108	0.00292989268199223	WP_003032887	lmer	mixed	0.00292989268199223
-0.212243132471325	0.0445754497226873	16.0729166376681	-4.76143558375139	0.000209858366074274	0.00292989268199223	WP_003038961	lmer	mixed	0.00292989268199223
-0.568318815870025	0.115713729223009	14.4300275381026	-4.91142079411108	0.000210216515299891	0.00292989268199223	WP_003014378	lmer	mixed	0.00292989268199223
0.452900059446791	0.090116610063729	12.8895652270646	5.02571123266296	0.00023827541585652	0.00326558003049829	WP_003038889	lmer	mixed	0.00326558003049829
-0.385601629728714	0.0827797875747544	16.5734879347252	-4.65816162406187	0.000240159248879695	0.00326558003049829	WP_003038915	lmer	mixed	0.00326558003049829
-0.394327999271727	0.0827530433755746	14.981158311749	-4.76511779128255	0.000251310931705737	0.00335563410851177	WP_003033974	lmer	mixed	0.00335563410851177
-0.371850413342196	0.0784727147345456	15.2446415890619	-4.73859499572656	0.000252801134632277	0.00335563410851177	WP_003039248	lmer	mixed	0.00335563410851177
-0.48368308246536	0.105086574151616	16.8895652270646	-4.60271054004971	0.000257639996753528	0.00337963054564922	WP_011733603	lmer	mixed	0.00337963054564922
-0.676525885596694	0.10859422181111	7.8895652270646	-6.22985159167538	0.000265981858107144	0.00344848571848215	WP_003041097	lmer	mixed	0.00344848571848215
-0.385376741649158	0.0824101362672974	15.2846773377731	-4.67632695569375	0.000284237001538648	0.00364280754845508	WP_003023073	lmer	mixed	0.00364280754845508
-0.241694113804241	0.0531466264265281	15.9281584959007	-4.54768496243817	0.000333012758531536	0.00421942302003025	WP_003039888	lmer	mixed	0.00421942302003025
-0.414988618801753	0.0894128008043509	14.5327478178296	-4.64126629597268	0.000346573809945428	0.00432453546779456	WP_003014349	lmer	mixed	0.00432453546779456
-0.320798925927747	0.0710236434314592	16.0402014946876	-4.51679061265466	0.000349065643140368	0.00432453546779456	WP_003035017	lmer	mixed	0.00432453546779456
-0.502905958669744	0.109196685327986	14.7001446901185	-4.60550571804632	0.000360996129262915	0.00442319433107858	WP_003015534	lmer	mixed	0.00442319433107858
-0.330787855777638	0.074641829678492	16.9874121188322	-4.43166863945398	0.000366100773659433	0.00443698220250291	WP_003016252	lmer	mixed	0.00443698220250291
-0.399943811002307	0.088242094338074	15.2837509894846	-4.53234722047777	0.000379384243111479	0.00454853151687418	WP_003038456	lmer	mixed	0.00454853151687418
-0.269034376795193	0.059952769148067	15.5963782368635	-4.48743870580442	0.000396031134760769	0.00461572161850216	WP_011733731	lmer	mixed	0.00461572161850216
-0.542417417431255	0.117486161163437	14.0454276829975	-4.61686220793861	0.000396173658684718	0.00461572161850216	WP_003035026	lmer	mixed	0.00461572161850216
-0.824529214247911	0.178075921677248	13.8895652270646	-4.63021168994606	0.000397407421862069	0.00461572161850216	WP_003034549	lmer	mixed	0.00461572161850216
-0.479100962738936	0.105772401197466	14.6026116221754	-4.52954605657959	0.000425841269411555	0.00488150939583398	WP_003018210	lmer	mixed	0.00488150939583398
-0.30958116928788	0.0702063130995926	16.1555746768338	-4.40959161106663	0.00042904746259348	0.00488150939583398	WP_003037763	lmer	mixed	0.00488150939583398
0.109333072295719	0.0255840596203022	17.8895652270646	4.27348411152694	0.000462911624801103	0.0052136006227599	WP_003041244	lmer	mixed	0.0052136006227599
-0.268162515317357	0.0617273858488006	16.4725009138501	-4.34430377424719	0.000471614894097043	0.00525850606918203	WP_003039707	lmer	mixed	0.00525850606918203
-1.25826865487849	0.273664543659402	12.8895652270646	-4.59785048531719	0.00051062329147782	0.005637078910869	WP_003040853	lmer	mixed	0.005637078910869
-0.256824180127148	0.0613154200811429	17.8895652270646	-4.1885740942046	0.000558617857828925	0.00610645991646325	WP_003040218	lmer	mixed	0.00610645991646325
0.340643737900852	0.081342129254471	17.5992701490515	4.1877897840021	0.000577504048269843	0.00625162149340656	WP_003041126	lmer	mixed	0.00625162149340656
0.442514210414364	0.101068964957162	14.4788954074581	4.37833919247042	0.000584411167931017	0.00626556204079888	WP_003034298	lmer	mixed	0.00626556204079888
0.259026267858401	0.0607251109631623	15.5691505813146	4.265554459267	0.000626257238606006	0.00665025543853045	WP_003039917	lmer	mixed	0.00665025543853045
-0.569639947173998	0.131861973321397	14.51593616121	-4.31997135205591	0.000651875882742636	0.00685699631375508	WP_003027197	lmer	mixed	0.00685699631375508
-0.423978640286283	0.103592107600893	17.8895652270646	-4.09276971098741	0.000690796921490553	0.00719849128469127	WP_003039201	lmer	mixed	0.00719849128469127
-0.133221821625505	0.0326130403225716	17.8895652270646	-4.08492493517392	0.000702924587166518	0.00722449661259823	WP_003038463	lmer	mixed	0.00722449661259823
-0.429713417308132	0.103223501075094	16.3094312375433	-4.16294170254428	0.000706251238361621	0.00722449661259823	WP_003039882	lmer	mixed	0.00722449661259823
0.397205326018313	0.0994707733683442	17.311774527371	3.99318626535099	0.000911768756121846	0.00923650825061812	WP_003017689	lmer	mixed	0.00923650825061812
-0.654435636804074	0.165328959522241	17.8895652270646	-3.95838477841527	0.00093093539959232	0.00923650825061812	WP_003038556	lmer	mixed	0.00923650825061812
-0.353420140168089	0.0854197777284509	14.5437137914426	-4.13745094598127	0.000932313744390862	0.00923650825061812	WP_003025265	lmer	mixed	0.00923650825061812
-0.391673707093652	0.0955208580559017	15.0781539627775	-4.10039979817217	0.000936076620914662	0.00923650825061812	WP_003015976	lmer	mixed	0.00923650825061812
0.899773743936019	0.222207938146902	15.8446590851654	4.04924212626993	0.000947434038155228	0.00926656975914982	WP_003039068	lmer	mixed	0.00926656975914982
-0.707788018647032	0.172598896467626	14.8177390073608	-4.10076792570797	0.000967354513539372	0.00937913289214261	WP_003033046	lmer	mixed	0.00937913289214261
0.491790195890206	0.119839582104659	14.3267314092883	4.1037375736233	0.00102675934649155	0.00986928164946622	WP_003040393	lmer	mixed	0.00986928164946622
-0.766785043405751	0.196364376468494	17.5867472089621	-3.9049091143514	0.00107784716392174	0.010271791348485	WP_003035087	lmer	mixed	0.010271791348485
-0.57508775400135	0.140514315853551	13.919980542551	-4.09273425634957	0.00110997315843685	0.0104883056920092	WP_003041134	lmer	mixed	0.0104883056920092
-0.324607016339004	0.0816800702241536	15.3684083319653	-3.97412753745423	0.00117016185082998	0.010964121543491	WP_003033975	lmer	mixed	0.010964121543491
-0.289671980293229	0.075387682951543	17.8895652270646	-3.84243113665426	0.0012045246220386	0.0111920412797753	WP_003038592	lmer	mixed	0.0111920412797753
0.292301906300433	0.073432849342861	14.8869998203096	3.98053335688587	0.00122269534974694	0.0112669860741144	WP_003040965	lmer	mixed	0.0112669860741144
-1.49692819502774	0.374161723875295	14.2132176518958	-4.00075181267514	0.00127782307039421	0.0116784649466356	WP_003017457	lmer	mixed	0.0116784649466356
0.292048614600914	0.0747702495241141	15.7479322154182	3.90594676973395	0.00129212873365848	0.0117131994961724	WP_003040101	lmer	mixed	0.0117131994961724
-0.472983230037864	0.123152430440454	16.7874232808905	-3.8406325262623	0.00133646843625749	0.0120174379550573	WP_003039159	lmer	mixed	0.0120174379550573
-0.289002383791513	0.073646404122068	14.9789165829575	-3.92418865845093	0.00135614737111763	0.0120968345503692	WP_003041168	lmer	mixed	0.0120968345503692
-1.27772798375622	0.323527819752091	14.088215512605	-3.94936047458085	0.00143723547822829	0.0126743536576396	WP_003022320	lmer	mixed	0.0126743536576396
-0.233272406406871	0.0604295030859119	15.6025424407788	-3.86024035437178	0.00144362593230513	0.0126743536576396	WP_003033724	lmer	mixed	0.0126743536576396
-0.296548141035392	0.0791775561994234	17.8895652270646	-3.74535607399249	0.00149451838381127	0.0129774295689699	WP_003016618	lmer	mixed	0.0129774295689699
0.198769199256913	0.0531002609261401	17.8895652270646	3.74328102706296	0.00150142458690324	0.0129774295689699	WP_004339068	lmer	mixed	0.0129774295689699
-0.200046762240494	0.0531431662318782	16.8895652270646	-3.76429890096566	0.00156143944820844	0.013392346036557	WP_003041589	lmer	mixed	0.013392346036557
-0.308189198353427	0.0828893323323713	17.8895652270646	-3.71808035704334	0.00158788234409179	0.013515181783682	WP_003032666	lmer	mixed	0.013515181783682
-0.327184431030585	0.0854642908615129	15.1340241733466	-3.82831739118689	0.00162139154191687	0.0136958452214948	WP_003034277	lmer	mixed	0.0136958452214948
-0.413954802999814	0.110489447015603	16.2487297987028	-3.74655511617644	0.00171974787110216	0.0144174351599918	WP_003038954	lmer	mixed	0.0144174351599918
-0.376340919451058	0.097925272313373	14.1983673768832	-3.84314396641881	0.00174953148360888	0.014557668688238	WP_003039615	lmer	mixed	0.014557668688238
-0.269165234338504	0.0719898203960064	15.8895652270646	-3.73893465573134	0.00180797228582768	0.0149325118422064	WP_011733696	lmer	mixed	0.0149325118422064
-0.231463292341819	0.0616166273962917	15.3848426685559	-3.75650700342858	0.00183149945550772	0.0150156021536111	WP_003040510	lmer	mixed	0.0150156021536111
-0.438461335380354	0.116055974681485	14.8026923178051	-3.77801605288919	0.00186227299355317	0.0151168585927508	WP_003017219	lmer	mixed	0.0151168585927508
0.336120302995643	0.0902903490184965	15.8895652270646	3.72266035793911	0.00187096545811624	0.0151168585927508	WP_003038351	lmer	mixed	0.0151168585927508
-0.315100090653471	0.0838226968054831	14.7001369424983	-3.75912613960255	0.0019565363480719	0.015694518187771	WP_003027195	lmer	mixed	0.015694518187771
0.258886893690898	0.0692770851729286	15.0080230874923	3.7369772854136	0.00198146903307984	0.0157809855134573	WP_003040134	lmer	mixed	0.0157809855134573
-4.30237139433101	0.765851239292519	5.31252980200065	-5.61776383401229	0.00203325343755643	0.0160785644175561	WP_011733698	lmer	mixed	0.0160785644175561
-0.678029164576065	0.174419737000019	12.1208902313595	-3.88734197309328	0.0021202091865701	0.0165496449201362	WP_003040533	lmer	mixed	0.0165496449201362
0.126812921046597	0.0353498827708019	17.8895652270646	3.58736468431351	0.00212251051442106	0.0165496449201362	WP_003033337	lmer	mixed	0.0165496449201362
-0.595257792401269	0.159831338187718	14.1729348146012	-3.72428710884066	0.00222250683854442	0.0171687673908251	WP_003015897	lmer	mixed	0.0171687673908251
-1.00804828184782	0.270775345134136	14.1578894183241	-3.72282151961973	0.00223270966069026	0.0171687673908251	WP_003038438	lmer	mixed	0.0171687673908251
-0.275600045322027	0.0758204830505743	15.4671288681012	-3.63490226167768	0.00233871380332609	0.017860725278826	WP_011457527	lmer	mixed	0.017860725278826
-0.870050686556245	0.236034764067483	14.2051147942057	-3.6861124673461	0.00238979408756751	0.0180635296104438	WP_003038436	lmer	mixed	0.0180635296104438
-0.316835197060727	0.0855870885581801	13.8895652270646	-3.70190413528729	0.00239767029806787	0.0180635296104438	WP_003039778	lmer	mixed	0.0180635296104438
0.256948497167327	0.0706852495616623	15.0640805719475	3.63510773125556	0.002428270188052	0.0181712836219999	WP_003013909	lmer	mixed	0.0181712836219999
-0.241179525382364	0.0663618110012571	14.9018548263385	-3.6343119897345	0.00247069133541734	0.0183654722599355	WP_003041587	lmer	mixed	0.0183654722599355
0.240579622169627	0.0663303530830126	14.8629052576978	3.62699142982913	0.00251743554958555	0.0185890108462774	WP_011733645	lmer	mixed	0.0185890108462774
0.213810352348464	0.0611016523096704	17.4098275860478	3.49925647288306	0.00266811985317636	0.0195720633966555	WP_003041142	lmer	mixed	0.0195720633966555
0.366163722459138	0.104242598486888	15.3550923213818	3.51261123354668	0.00304525410687177	0.0221925380990982	WP_003041213	lmer	mixed	0.0221925380990982
-0.529947668437876	0.150141724246711	14.4109912048011	-3.52964954343452	0.00320287597985707	0.0231896540100041	WP_003034103	lmer	mixed	0.0231896540100041
-1.24184183381267	0.350604487240799	13.9431591637462	-3.54200211065683	0.00327070008150604	0.0235279392959951	WP_003034100	lmer	mixed	0.0235279392959951
-0.519911690493501	0.148448991142193	14.421583043157	-3.50229184107757	0.00338098150144768	0.0241070387773127	WP_003027191	lmer	mixed	0.0241070387773127
-0.265893228155037	0.0787774608486726	17.8895652270646	-3.37524496588947	0.00339444402514628	0.0241070387773127	WP_003039507	lmer	mixed	0.0241070387773127
-0.252512290571348	0.0724694868167663	14.6349810904188	-3.48439462818063	0.00343774820125295	0.024260058508842	WP_003040814	lmer	mixed	0.024260058508842
-0.457843106651807	0.136084186442328	17.8895652270646	-3.36441080055866	0.00347659832376532	0.0243799190628826	WP_003041148	lmer	mixed	0.0243799190628826
-0.249596820486069	0.0718679686403164	14.5350381708885	-3.47299116989444	0.00354993131109491	0.0247385838241927	WP_003025459	lmer	mixed	0.0247385838241927
-0.301434276958349	0.0870345934767216	14.2508719499682	-3.46338467173941	0.00371422461631692	0.0257227356968532	WP_003026287	lmer	mixed	0.0257227356968532
-0.397683907237062	0.115499064769125	14.6343709706752	-3.44317859224234	0.0037378489761856	0.0257265531385614	WP_003038428	lmer	mixed	0.0257265531385614
0.663650894212901	0.193767075362245	14.0018878613209	3.42499309014297	0.00410301955527004	0.028066667509976	WP_003040402	lmer	mixed	0.028066667509976
0.203515193317782	0.0622512878467442	17.8895652270646	3.26925273929776	0.00428759840069051	0.029150440346158	WP_003033794	lmer	mixed	0.029150440346158
-0.237217607038588	0.0709941221739783	15.2560745737982	-3.3413696764538	0.00437605316755944	0.0295715107989623	WP_003033129	lmer	mixed	0.0295715107989623
-0.378231907694752	0.112531764621109	14.5405731243183	-3.36111238429653	0.0044496475254252	0.0298876927159584	WP_003038333	lmer	mixed	0.0298876927159584
0.223528993134158	0.0667752237961313	14.6978297161192	3.34748399820576	0.00451571083065584	0.0301498058453967	WP_003041408	lmer	mixed	0.0301498058453967
0.332991818060285	0.0987949809581945	13.8895652270646	3.37053375415085	0.00461831761226143	0.0306513341528065	WP_003015278	lmer	mixed	0.0306513341528065
-0.448935073477131	0.109195064423958	6.8895652270646	-4.11131286789763	0.00466525460882292	0.0307796383954885	WP_003016697	lmer	mixed	0.0307796383954885
-0.340179750854906	0.105153689458328	17.3433321631422	-3.23507194666447	0.00476810244817356	0.0312731425277266	WP_003041231	lmer	mixed	0.0312731425277266
-0.415132514581843	0.124999471525253	14.181852845312	-3.32107415748534	0.00496938668725036	0.0322536453044975	WP_003024803	lmer	mixed	0.0322536453044975
-0.130383439480269	0.0407302535863613	17.8895652270646	-3.20114480023588	0.00497951332307898	0.0322536453044975	WP_011733557	lmer	mixed	0.0322536453044975
0.163060719521527	0.0509744133097707	17.8895652270646	3.1988738846411	0.00500437725352293	0.0322536453044975	WP_003039904	lmer	mixed	0.0322536453044975
-0.328436518675996	0.10042283447594	14.6136998551001	-3.27053623202284	0.00531444538419632	0.0338617514752971	WP_003024580	lmer	mixed	0.0338617514752971
0.583332769029263	0.181169580456321	16.1031460222444	3.2198163044811	0.00531462467101075	0.0338617514752971	WP_003037623	lmer	mixed	0.0338617514752971
-0.329134979938227	0.100465073047019	14.23576470317	-3.27611347860354	0.00541365100650022	0.0341427080228698	WP_003027200	lmer	mixed	0.0341427080228698
0.778181801946759	0.236930634715526	14.0176283884181	3.28442880711097	0.00541996351573807	0.0341427080228698	WP_003039892	lmer	mixed	0.0341427080228698
-0.50558046902218	0.15450190871054	14.2450894576677	-3.27232506861379	0.0054508411365022	0.0341443138606739	WP_003020861	lmer	mixed	0.0341443138606739
1.52448720138338	0.383314737334945	6.8895652270646	3.97711606911493	0.00551880675337571	0.0343769247486811	WP_003040906	lmer	mixed	0.0343769247486811
-0.529781807309958	0.163222115654099	14.5311487499841	-3.2457722116081	0.00562311199979767	0.0346918942981908	WP_003016134	lmer	mixed	0.0346918942981908
-0.476660900776243	0.148349363591786	15.4392301847324	-3.21309703820417	0.00563159898472873	0.0346918942981908	WP_003035548	lmer	mixed	0.0346918942981908
0.121416810691576	0.0386722293669723	17.8895652270646	3.13963825409224	0.00569763241844738	0.0349058249811474	WP_003040487	lmer	mixed	0.0349058249811474
-0.356440280513301	0.108747863825725	13.5161977566957	-3.27767615816821	0.00573069349102621	0.0349165204507881	WP_003038772	lmer	mixed	0.0349165204507881
0.26275734015735	0.0843274072180367	17.8895652270646	3.11591864170525	0.00600082303264392	0.0363636830510759	WP_003040128	lmer	mixed	0.0363636830510759
-0.823225284515337	0.197694629432769	5.8895652270646	-4.16412568655688	0.0061621808817246	0.0370908310335313	WP_003039842	lmer	mixed	0.0370908310335313
-0.419643445346455	0.130911857867781	14.3388641183934	-3.20554189804783	0.00618750214905026	0.0370908310335313	WP_003021588	lmer	mixed	0.0370908310335313
-1.4276208135705	0.447385833315712	14.6183893103625	-3.19102820710698	0.00624125287444859	0.0370908310335313	WP_003018894	lmer	mixed	0.0370908310335313
-0.118787872553221	0.0383557809672521	17.8895652270646	-3.09700049269343	0.00625388003076581	0.0370908310335313	WP_003035698	lmer	mixed	0.0370908310335313
-0.209488374081245	0.0672057424639743	16.2170891656009	-3.11712015076005	0.00655299528479929	0.0386592049870434	WP_003021049	lmer	mixed	0.0386592049870434
-0.27083675746969	0.0858984165612205	14.705447420556	-3.15298894103202	0.00670004397799854	0.0393186791340441	WP_003028678	lmer	mixed	0.0393186791340441
-0.24946588635496	0.0817913606072346	17.8895652270646	-3.05002734399915	0.00692805191360562	0.0404438632652893	WP_003038628	lmer	mixed	0.0404438632652893
-0.817928345740375	0.26091291498646	14.6285626249226	-3.13487105758189	0.00698773790694639	0.0405798321158606	WP_003040839	lmer	mixed	0.0405798321158606
-0.83857465182126	0.198273644759081	5.33320427572612	-4.22938032354325	0.00715703274804609	0.0413476244252404	WP_003039112	lmer	mixed	0.0413476244252404
-0.149665502027849	0.0490222966041574	15.7438350740436	-3.05300878162359	0.0077027023634473	0.044270686264143	WP_003040172	lmer	mixed	0.044270686264143
-0.208106592033457	0.0676889842273816	14.565053111191	-3.07445287307582	0.00792906833074396	0.0453120926304594	WP_003043247	lmer	mixed	0.0453120926304594
-0.461789807770226	0.149655979131479	14.1659411359841	-3.08567563053745	0.00796517502741708	0.0453120926304594	WP_003023081	lmer	mixed	0.0453120926304594
0.291543263795435	0.0961381863201018	15.7769189065682	3.03254383044748	0.00802216293031809	0.0454046277528156	WP_003038268	lmer	mixed	0.0454046277528156
-0.277916987117632	0.091782912182635	15.4548124961995	-3.02798179430847	0.00824933406845639	0.0464545832642872	WP_003025408	lmer	mixed	0.0464545832642872
-0.464779033444439	0.154585840313257	15.0722837851073	-3.00660805997884	0.00881480704758656	0.0493894967741659	WP_003021745	lmer	mixed	0.0493894967741659
-0.573956834386907	0.188891474337342	13.9627581237127	-3.03855341486654	0.00887098173791913	0.0494557231888992	WP_003025872	lmer	mixed	0.0494557231888992
-0.388593909483347	0.128880788054991	14.434731578044	-3.0151422515941	0.00901010302341576	0.049764914536332	WP_003039477	lmer	mixed	0.049764914536332
0.397743877879435	0.132387726260572	14.7725937890275	3.00438635147021	0.00901570648999019	0.049764914536332	WP_003038472	lmer	mixed	0.049764914536332
-0.121251084643768	0.0415732840891846	17.8895652270646	-2.91656257859388	0.00925233692710042	0.0508194860774235	WP_003033621	lmer	mixed	0.0508194860774235
0.222774367167928	0.0760308210458206	16.8895652270646	2.9300534191742	0.00939512734986624	0.0513508186034356	WP_003035113	lmer	mixed	0.0513508186034356
-0.648672470140508	0.220963244299383	15.8895652270646	-2.93565779321027	0.00975036299071314	0.0530324621202202	WP_011733661	lmer	mixed	0.0530324621202202
-0.304492426842969	0.102406232304464	14.3399233794847	-2.97337788912771	0.00985493705232154	0.0533191849509827	WP_003040897	lmer	mixed	0.0533191849509827
0.556013595221911	0.186537979950949	14.030104263476	2.98069913359261	0.00990460929316772	0.0533191849509827	WP_003040399	lmer	mixed	0.0533191849509827
-0.324559768643948	0.10946289221472	14.4616948617291	-2.96502094981465	0.00994653853794117	0.0533191849509827	WP_003033846	lmer	mixed	0.0533191849509827
-0.712843212637431	0.201786509834976	6.77252102537187	-3.53266040044206	0.0100954214482866	0.0538583488748307	WP_011733675	lmer	mixed	0.0538583488748307
-0.304485413562052	0.105956584346114	17.8895652270646	-2.87368090846936	0.0101479490435396	0.0538807770645078	WP_011733625	lmer	mixed	0.0538807770645078
-0.162319270180894	0.056914980148073	17.8895652270646	-2.85196041110082	0.0106329683480072	0.0561884346352039	WP_003034347	lmer	mixed	0.0561884346352039
-0.356707947823823	0.10757039427379	7.8895652270646	-3.31604202282577	0.0108129071224082	0.0568697709504017	WP_003034657	lmer	mixed	0.0568697709504017
-0.732324570205543	0.246518218841131	12.8895652270646	-2.97067118871847	0.0109193571468406	0.0571600151113957	WP_003040790	lmer	mixed	0.0571600151113957
0.33365341629239	0.115916632323825	15.6871285257011	2.87839121620006	0.0110880847774292	0.0575049651947945	WP_003017470	lmer	mixed	0.0575049651947945
-0.336318689879353	0.116658219278758	15.5005849323884	-2.88294037024266	0.0110884013604312	0.0575049651947945	WP_003039032	lmer	mixed	0.0575049651947945
-0.296769242792063	0.104249738804258	16.8213958658926	-2.84671449728316	0.01123709419026	0.0580062963987959	WP_011733617	lmer	mixed	0.0580062963987959
0.317039577833403	0.109844469716328	15.0221236602979	2.88625889543782	0.0112918712288434	0.0580204443325362	WP_003038634	lmer	mixed	0.0580204443325362
-0.227183882800385	0.0795935426562974	16.2070927335715	-2.85430042712655	0.0113680229332369	0.0581437870209136	WP_003034461	lmer	mixed	0.0581437870209136
0.543731287873041	0.182064573561333	11.4575407594247	2.98647494807589	0.0118786536983316	0.0604780770485835	WP_003018498	lmer	mixed	0.0604780770485835
-0.849291399303984	0.229610127217516	5.35837035346203	-3.69884120354773	0.0123784211469114	0.0627360889945738	WP_003018803	lmer	mixed	0.0627360889945738
0.0990431512922848	0.0356652576953533	17.8895652270646	2.77702048694825	0.0124837068798177	0.0629834080135598	WP_003040233	lmer	mixed	0.0629834080135598
0.148074308374967	0.0534695590139926	17.7123151634125	2.76931979813443	0.0127731991667292	0.0641536804995631	WP_003034128	lmer	mixed	0.0641536804995631
0.252731494582487	0.0914801342188586	17.8895652270646	2.76269265169472	0.0128711674396113	0.0643558371980567	WP_003039815	lmer	mixed	0.0643558371980567
-0.572464801943153	0.201184649474682	13.8895652270646	-2.84546958944397	0.0130481571837524	0.0647126131991193	WP_003038599	lmer	mixed	0.0647126131991193
-0.979671377561713	0.34926921504192	15.384925950616	-2.80491762620456	0.013079214128117	0.0647126131991193	WP_003038424	lmer	mixed	0.0647126131991193
-0.257367469717115	0.091183608320549	14.6188912628594	-2.82251903009101	0.0131166372941713	0.0647126131991193	WP_003035617	lmer	mixed	0.0647126131991193
-0.418435418958424	0.147809719206873	14.1677751053625	-2.83090598645132	0.0132179171332191	0.064925011469336	WP_003032698	lmer	mixed	0.064925011469336
0.511011566999378	0.180767425465512	14.1815531368157	2.82690072994856	0.0133129710255606	0.0651050995328951	WP_003039766	lmer	mixed	0.0651050995328951
-0.571390140480298	0.17307759960341	6.8895652270646	-3.30135235171727	0.0133990726904103	0.0652400264183732	WP_003033154	lmer	mixed	0.0652400264183732
-0.121565965580626	0.0443795315488684	17.8895652270646	-2.73923498824598	0.0135305345135958	0.0654208515255347	WP_003038742	lmer	mixed	0.0654208515255347
-0.567684057884902	0.201171238957491	14.0373420164547	-2.82189472424961	0.0135535575806265	0.0654208515255347	WP_003032892	lmer	mixed	0.0654208515255347
0.966704104261698	0.351033891803476	16.7831699823789	2.75387683877231	0.013673149262523	0.0657136268435912	WP_003040502	lmer	mixed	0.0657136268435912
-0.199119622372369	0.0713149986303599	14.6656327640957	-2.79211422837497	0.0139058602460252	0.0665452110485757	WP_003018613	lmer	mixed	0.0665452110485757
-0.295144743851018	0.108654763071334	17.8895652270646	-2.71635348058557	0.0142047976132861	0.0676852535846752	WP_003038295	lmer	mixed	0.0676852535846752
0.229769536189534	0.0848148954007485	17.8895652270646	2.70907056011657	0.0144260696847276	0.0684470965892397	WP_003034218	lmer	mixed	0.0684470965892397
0.459568722888408	0.165473168992182	14.2083064537583	2.77730054780133	0.0146643905900259	0.0692830318130462	WP_003034577	lmer	mixed	0.0692830318130462
-0.284905971844101	0.105424335585713	17.2756293041154	-2.70246874463311	0.0149464145710222	0.0703175200282269	WP_003035700	lmer	mixed	0.0703175200282269
-0.530980129679409	0.197510386900758	17.8486400512291	-2.68836559945684	0.0150939578724009	0.0707132900324663	WP_003033386	lmer	mixed	0.0707132900324663
0.201755904421399	0.0740154698364935	15.0216363908403	2.72586129449823	0.0156108031236521	0.0728286421877494	WP_003040140	lmer	mixed	0.0728286421877494
-0.178560570911115	0.0668832276076644	17.8895652270646	-2.66973615505741	0.0156792190869803	0.0728430386749293	WP_003015139	lmer	mixed	0.0728430386749293
-0.121507374936317	0.0458386686220846	17.8895652270646	-2.65076143327985	0.0163202351640111	0.075270165387248	WP_003039802	lmer	mixed	0.075270165387248
0.131501892551063	0.0490186637445933	16.006351957882	2.68269027561094	0.0163366636983982	0.075270165387248	WP_003033562	lmer	mixed	0.075270165387248
-0.121411251663924	0.0456703739342088	16.917726119799	-2.65842473369771	0.0165964381380035	0.0761523807566826	WP_003036833	lmer	mixed	0.0761523807566826
-0.132557855406388	0.0496002522779703	15.6923207773343	-2.6725238142642	0.0168905833587666	0.0771844280533802	WP_003041490	lmer	mixed	0.0771844280533802
0.375710301678082	0.138961682304473	14.0930706779647	2.70369713037065	0.0170527934417849	0.0776076109697557	WP_003040289	lmer	mixed	0.0776076109697557
0.359654435826385	0.131523197468098	12.8895652270646	2.73453233155788	0.0171436909004142	0.0777041274551293	WP_003019781	lmer	mixed	0.0777041274551293
-0.17342460362778	0.0656530118631573	16.3723220507808	-2.64153309507345	0.0175273702484402	0.0788887980446035	WP_003040479	lmer	mixed	0.0788887980446035
0.243906370073076	0.0921040393791729	15.8819789403053	2.6481614890848	0.0176149600190115	0.0788887980446035	WP_003040317	lmer	mixed	0.0788887980446035
-0.533478409386885	0.196737156921783	13.1789009182609	-2.71163016551561	0.0176173190252074	0.0788887980446035	WP_003018819	lmer	mixed	0.0788887980446035
-0.656775378293144	0.246512474189109	14.9165658436807	-2.66426833146507	0.0177439977343853	0.0791382298953585	WP_003027193	lmer	mixed	0.0791382298953585
-0.191245325385418	0.0720002517798959	15.1324962057973	-2.65617578630215	0.0178670278690939	0.0793694664304372	WP_011733728	lmer	mixed	0.0793694664304372
-0.186843125519906	0.0720284988658965	17.266140838572	-2.59401665259986	0.0187498801158742	0.0829607790841258	WP_003038617	lmer	mixed	0.0829607790841258
0.323592819053082	0.123571711627574	15.2575312638067	2.61866421360529	0.0191633338808859	0.0841625206283665	WP_003040742	lmer	mixed	0.0841625206283665
-0.340458079050902	0.128938064352125	14.2111426111214	-2.64047766469585	0.0191965951983572	0.0841625206283665	WP_003038964	lmer	mixed	0.0841625206283665
-0.17718642630124	0.0675342343749085	14.9074036192007	-2.62365343949278	0.0192479307266668	0.0841625206283665	WP_003039424	lmer	mixed	0.0841625206283665
-0.591137016715059	0.22430459554148	14.0321924616054	-2.63542088956328	0.019548896799233	0.0851446091060344	WP_003020646	lmer	mixed	0.0851446091060344
-0.231386938108472	0.0883876154374425	14.4524510853357	-2.61786605468771	0.0198528359085476	0.0861319534553721	WP_003039085	lmer	mixed	0.0861319534553721
-0.232474506972318	0.0910455982425131	16.9393522464768	-2.55338546244804	0.0206054359682653	0.0881084364029738	WP_003039700	lmer	mixed	0.0881084364029738
0.348139746822054	0.133632123318669	14.1660411570655	2.6052100211852	0.020611082709016	0.0881084364029738	WP_003038361	lmer	mixed	0.0881084364029738
0.427677330174583	0.166550798184651	16.0001275685149	2.56784917776513	0.0206439177500083	0.0881084364029738	WP_003040522	lmer	mixed	0.0881084364029738
-0.19632190227504	0.0771413726772524	17.2825533969301	-2.54496252090847	0.020744547071572	0.0881084364029738	WP_003022867	lmer	mixed	0.0881084364029738
-0.502903006108429	0.19421935559674	14.7093930367772	-2.58935575480238	0.0207733510870533	0.0881084364029738	WP_003023546	lmer	mixed	0.0881084364029738
-0.4675701117123	0.180089630632706	14.3100825945085	-2.59631890003657	0.0208403216477985	0.0881084364029738	WP_003040540	lmer	mixed	0.0881084364029738
0.18218191546364	0.0705812114376126	14.9260258800926	2.58116730717597	0.0209278265282499	0.0881084364029738	WP_003039676	lmer	mixed	0.0881084364029738
-0.264180117139732	0.104342104758518	17.8895652270646	-2.53186494321857	0.0209405700868054	0.0881084364029738	WP_003038700	lmer	mixed	0.0881084364029738
0.299120822640326	0.115623106254041	13.9173674868227	2.58703326983029	0.0215929831458143	0.0901761465566083	WP_011733685	lmer	mixed	0.0901761465566083
0.397259356743962	0.156026087208503	15.8895652270646	2.54610856332691	0.0216549994155232	0.0901761465566083	WP_003040524	lmer	mixed	0.0901761465566083
0.219791284175606	0.0856161314857267	14.6933502518808	2.56717140054673	0.0217177460340611	0.0901761465566083	WP_003014877	lmer	mixed	0.0901761465566083
-0.385697692703935	0.150113138086732	14.5442143632958	-2.56937998645454	0.0217555008284553	0.0901761465566083	WP_003041497	lmer	mixed	0.0901761465566083
0.444031727233957	0.173374546254807	14.1871057467352	2.56111255559607	0.0224432973352552	0.0926825056622576	WP_003036308	lmer	mixed	0.0926825056622576
0.23090080376478	0.0924116943317481	17.6403153356495	2.49861021848459	0.0225939700548653	0.0929604302995378	WP_003034781	lmer	mixed	0.0929604302995378
0.193710944230461	0.0773067348733661	16.8895652270646	2.50574473941724	0.0227547588535341	0.0932777798591562	WP_003039515	lmer	mixed	0.0932777798591562
0.18380721685443	0.0723584004026932	14.3076532348704	2.5402332808837	0.0232588569918225	0.0949949653695314	WP_003039743	lmer	mixed	0.0949949653695314
0.221469072533311	0.0894278142697113	17.8895652270646	2.47651219412975	0.023490912876515	0.0955775061652564	WP_003040125	lmer	mixed	0.0955775061652564
-0.842482697291225	0.323052097016532	11.5081203046481	-2.60788493580994	0.0235729275295475	0.0955775061652564	WP_003021682	lmer	mixed	0.0955775061652564
0.34176090683945	0.135941474645994	14.2171294960909	2.51402971557747	0.024566861903236	0.0992465616743049	WP_003032915	lmer	mixed	0.0992465616743049
-0.266630280122245	0.104013621635501	11.9076615563477	-2.56341694414418	0.024972803957767	0.100522297519531	WP_003041372	lmer	mixed	0.100522297519531
-0.305893527005263	0.122807311989631	14.3272325129621	-2.49084131921306	0.0255880913160932	0.102628495746201	WP_003027204	lmer	mixed	0.102628495746201
0.0821448881996531	0.0338908828913164	17.7543608325539	2.42380490538063	0.0262777509244738	0.104611629427792	WP_003038501	lmer	mixed	0.104611629427792
-0.360000355615362	0.144876102671822	13.8895652270646	-2.48488431822911	0.0263376617453854	0.104611629427792	WP_003040880	lmer	mixed	0.104611629427792
-0.180961676577343	0.073717809797468	15.3152929215649	-2.45478910828355	0.0265022582504467	0.104611629427792	WP_003040992	lmer	mixed	0.104611629427792
0.489759261899335	0.174233433008001	6.8895652270646	2.81093733529801	0.0265440576270206	0.104611629427792	WP_003039016	lmer	mixed	0.104611629427792
-0.206512034760763	0.0843373447708997	15.6301728200516	-2.44864283220853	0.0265516512359329	0.104611629427792	WP_003041349	lmer	mixed	0.104611629427792
0.143810815631208	0.05845679891303	14.7521499335473	2.46012129136878	0.0267416359100897	0.104833861461002	WP_003039354	lmer	mixed	0.104833861461002
0.188856779571738	0.077613523723273	16.3300345583625	2.43329732386712	0.0267960991178345	0.104833861461002	WP_003038537	lmer	mixed	0.104833861461002
-0.255719364778158	0.103993336036462	14.2073758281856	-2.45899761008242	0.0273436401433724	0.106601953705805	WP_003027202	lmer	mixed	0.106601953705805
-0.307839857061635	0.125805697527145	14.5469728029949	-2.44694686419279	0.0276409396223977	0.107246182120959	WP_003019409	lmer	mixed	0.107246182120959
-0.411279446810428	0.168127665419036	14.5250551417494	-2.44623302051669	0.0277012560097186	0.107246182120959	WP_003042802	lmer	mixed	0.107246182120959
0.169113779222675	0.0702314926041485	15.7894810501755	2.40794795827371	0.0286445825069795	0.11051456572762	WP_003038524	lmer	mixed	0.11051456572762
-0.352481097873292	0.143262128618645	12.7828327386769	-2.46039271698646	0.0289255023530408	0.111213569391864	WP_003016535	lmer	mixed	0.111213569391864
0.309467215223522	0.127671533588967	14.3440788091811	2.42393277909419	0.0291147931526281	0.111556681667286	WP_003034797	lmer	mixed	0.111556681667286
-0.175431538369243	0.0739757064210544	16.8895652270646	-2.37147499978876	0.0298786094666652	0.113678762810539	WP_003040194	lmer	mixed	0.113678762810539
0.0755491751818656	0.0320217127531733	17.8895652270646	2.3593108764733	0.0298846885149	0.113678762810539	WP_003033478	lmer	mixed	0.113678762810539
0.16408232932977	0.0695901461880017	17.8895652270646	2.3578385492465	0.0299744899249314	0.113678762810539	WP_003033196	lmer	mixed	0.113678762810539
0.394286982183869	0.164500121177883	14.8429695324481	2.39687958501565	0.0301617730721416	0.11400127788284	WP_003040230	lmer	mixed	0.11400127788284
-0.158085925437058	0.0672159240397476	17.8895652270646	-2.35191180803488	0.030338528685004	0.114189634214709	WP_011733667	lmer	mixed	0.114189634214709
-0.324368373690408	0.134844250900942	14.1160761248102	-2.40550391672755	0.0304164317145906	0.114189634214709	WP_003014382	lmer	mixed	0.114189634214709
-0.406040585786635	0.169296802493349	14.1615835004282	-2.39839488877875	0.0307843936346218	0.115183217793971	WP_003016753	lmer	mixed	0.115183217793971
-0.249114138507399	0.107165132653342	17.8895652270646	-2.32458200106216	0.0320710977671817	0.119596234148521	WP_003024407	lmer	mixed	0.119596234148521
0.238227354927193	0.100898927501699	14.8972190836735	2.3610494266471	0.0322826342019023	0.119983790450404	WP_003035111	lmer	mixed	0.119983790450404
0.251066847448645	0.106285242044678	14.6209490505392	2.36219857638474	0.0324964132842665	0.120377079109492	WP_003038450	lmer	mixed	0.120377079109492
-0.106223248265317	0.0456937671134609	16.9501893159868	-2.32467697402925	0.0327708866045806	0.120711274471504	WP_003038572	lmer	mixed	0.120711274471504
-0.585497724982351	0.234230033982354	9.38779307191342	-2.49966972649827	0.0328768184922517	0.120711274471504	WP_003022248	lmer	mixed	0.120711274471504
0.262005920881308	0.112383660755175	16.2539483934625	2.33135243255763	0.0329114147438003	0.120711274471504	WP_003037537	lmer	mixed	0.120711274471504
-0.406901848282768	0.125823737045246	3.8895652270646	-3.23390369606051	0.0331681713168835	0.121254134486312	WP_003038832	lmer	mixed	0.121254134486312
-0.41434886616546	0.177361415975914	15.2526394729778	-2.33618379671557	0.0335194003630283	0.122137684329335	WP_003038978	lmer	mixed	0.122137684329335
-1.35533720468654	0.460627278908452	4.73384761763049	-2.94237286141256	0.0343807488611438	0.124868192117835	WP_003038464	lmer	mixed	0.124868192117835
-0.142288766410379	0.0620588047559929	17.3576041928336	-2.29280546039904	0.0346007689353054	0.125259277152161	WP_003026207	lmer	mixed	0.125259277152161
0.31825781238669	0.138723518713623	16.8895652270646	2.29418785897216	0.0348781423275496	0.125854785421417	WP_003034027	lmer	mixed	0.125854785421417
0.119329055277588	0.0517706110480443	15.6266067095219	2.30495744326541	0.0352523751762299	0.12660333543169	WP_003041240	lmer	mixed	0.12660333543169
-0.315923112073644	0.135880996708828	14.2626540259478	-2.32499848930766	0.0353126792100947	0.12660333543169	WP_003036989	lmer	mixed	0.12660333543169
0.284824199980618	0.12460792039086	16.8895652270646	2.28576320900955	0.0354678834175125	0.1267522115722	WP_003040215	lmer	mixed	0.1267522115722
-0.477490907971367	0.208197649909136	15.8157866278136	-2.2934500374032	0.0358734999324251	0.12779218027046	WP_003021600	lmer	mixed	0.12779218027046
-0.372813393309235	0.161101355442505	13.4797847939653	-2.31415429302386	0.0370092098039316	0.131418053921604	WP_011733702	lmer	mixed	0.131418053921604
0.169908252093968	0.0752795147446103	15.7060213225609	2.25703171268294	0.0386259822103896	0.136723714808205	WP_003035976	lmer	mixed	0.136723714808205
0.259117225844322	0.102084409971199	6.8895652270646	2.53826442174105	0.0392767680817046	0.138587330414875	WP_003034895	lmer	mixed	0.138587330414875
-1.07761674744763	0.47620960973576	14.5252364297844	-2.26290424514024	0.0394385822759079	0.138719303588761	WP_003034338	lmer	mixed	0.138719303588761
0.454471188658668	0.201136718220642	14.1355028110654	2.25951379081428	0.0401566103685603	0.140706441071147	WP_003039007	lmer	mixed	0.140706441071147
1.04031982972645	0.424383092030311	7.8895652270646	2.45136964516991	0.0402559234992787	0.140706441071147	WP_003041552	lmer	mixed	0.140706441071147
-0.285758964264432	0.127211037431053	14.3274407481204	-2.24633781812612	0.0409368856340845	0.142639460881263	WP_003032781	lmer	mixed	0.142639460881263
0.451980646129793	0.200306630413132	13.5839177061116	2.25644375923845	0.0410935506017554	0.142657758647063	WP_003038958	lmer	mixed	0.142657758647063
-0.210069870975889	0.0943830715686815	15.4457070345538	-2.22571555983981	0.0413129492462456	0.142657758647063	WP_003014561	lmer	mixed	0.142657758647063
-0.736375349663585	0.299937714044623	7.55466196988371	-2.45509422517647	0.0413259695452926	0.142657758647063	WP_003041521	lmer	mixed	0.142657758647063
-0.197521620590599	0.0888522372974227	14.1830549492286	-2.22303485650472	0.0429615410840098	0.147846044162565	WP_003041281	lmer	mixed	0.147846044162565
-0.240212778532933	0.111194132719918	17.8895652270646	-2.16030084193377	0.0445691335011637	0.152906411857838	WP_003014122	lmer	mixed	0.152906411857838
0.130512238040867	0.0602438667309856	16.8359677046163	2.16639875763053	0.0449284766997627	0.153666415706244	WP_003038551	lmer	mixed	0.153666415706244
-0.198805590605164	0.0907559246567509	14.5928820822412	-2.19055220204157	0.0451663708345111	0.154007655903608	WP_003039430	lmer	mixed	0.154007655903608
-0.292802637812721	0.133877161503841	14.492752142448	-2.18709923726849	0.0455831697213755	0.154954982436993	WP_003032777	lmer	mixed	0.154954982436993
0.342754247915187	0.156699816270823	13.7733171329978	2.18733024755312	0.0464839695675739	0.157536857349073	WP_003034424	lmer	mixed	0.157536857349073
-0.141670896598794	0.0656897085538351	15.2680861801682	-2.15666806441514	0.0473649546208306	0.1600361345522	WP_003019684	lmer	mixed	0.1600361345522
0.429902768391638	0.198265255589234	13.9928862331744	2.16832125787238	0.0478632097302404	0.160550592400382	WP_003038704	lmer	mixed	0.160550592400382
-0.238285866059666	0.110382560853619	14.6514205569892	-2.15872746760843	0.0478934263534289	0.160550592400382	WP_003040499	lmer	mixed	0.160550592400382
-0.199461226171653	0.0933802256086725	16.5361348947978	-2.13601139718309	0.0479491903760782	0.160550592400382	WP_003038934	lmer	mixed	0.160550592400382
-0.261058040709416	0.121271035940748	14.9192875599304	-2.15268253201834	0.0481237365658964	0.160652593625672	WP_003015169	lmer	mixed	0.160652593625672
-0.529070239043083	0.242607713115725	12.8895652270646	-2.18076429742658	0.0483377440985565	0.160885327372807	WP_003034442	lmer	mixed	0.160885327372807
-0.104120458129246	0.0487600103422016	15.8812890623777	-2.13536579255254	0.0486611825889996	0.161479817222424	WP_003034542	lmer	mixed	0.161479817222424
-0.324233419359835	0.150615083921457	14.3183174360949	-2.15272873684363	0.0488518130915315	0.161600857569573	WP_003040261	lmer	mixed	0.161600857569573
-0.243313695719137	0.115189277237382	17.8895652270646	-2.11229466452607	0.0489875245367854	0.161600857569573	WP_003016871	lmer	mixed	0.161600857569573
-0.24883427420613	0.116192437105117	14.5274537155175	-2.14157031563952	0.0496197185588917	0.16320349909488	WP_003016126	lmer	mixed	0.16320349909488
0.109331349808593	0.0519588326058633	17.8895652270646	2.10419180580773	0.0497715063353396	0.163221263423246	WP_003018618	lmer	mixed	0.163221263423246
-0.324102252750336	0.151129329952046	14.0282330491088	-2.14453576187478	0.0499856662010027	0.163442867490082	WP_003032840	lmer	mixed	0.163442867490082
-0.144459871419274	0.0681815193576272	15.9178414111197	-2.11875406679558	0.0501956531425703	0.163649570918029	WP_003039550	lmer	mixed	0.163649570918029
-0.311926117025841	0.14674115831905	14.4741576385206	-2.12568934714035	0.0511873242149167	0.166301357515123	WP_003040297	lmer	mixed	0.166301357515123
0.474807479283319	0.223620555795165	14.5633317583602	2.12327295938858	0.0513073246504056	0.166301357515123	WP_003040115	lmer	mixed	0.166301357515123
-0.406841092420549	0.195095008673802	17.8895652270646	-2.08534854472256	0.0516389639142756	0.166818464587866	WP_003033964	lmer	mixed	0.166818464587866
-0.489234989167534	0.232049530837595	15.4026348985241	-2.10832138897939	0.051766088562692	0.166818464587866	WP_003034447	lmer	mixed	0.166818464587866
0.187535231515774	0.0884898261808394	14.2513212731013	2.11928579374225	0.0520913645559435	0.167382914927599	WP_003036943	lmer	mixed	0.167382914927599
-0.314969368180765	0.149187279013534	14.0792648397571	-2.11123475314669	0.0531072170583106	0.170156744310392	WP_003024794	lmer	mixed	0.170156744310392
-0.34792436626125	0.165190298632402	14.0545622516229	-2.10620338568117	0.0536386091731829	0.171366903232375	WP_003017693	lmer	mixed	0.171366903232375
-1.71571314186607	0.740793094197764	6.91877315925897	-2.31604904973376	0.0541303117617415	0.171782891444485	WP_003034763	lmer	mixed	0.171782891444485
-0.149074622951494	0.0717751164715913	15.9629080650216	-2.07696803961994	0.0543111910524027	0.171782891444485	WP_011733672	lmer	mixed	0.171782891444485
-0.184200578650369	0.0879648363260968	14.4661433123793	-2.09402513940359	0.0543166463127195	0.171782891444485	WP_003040816	lmer	mixed	0.171782891444485
-0.1936729116108	0.0937041726948227	16.8895652270646	-2.06685471992327	0.0544308992333986	0.171782891444485	WP_003038567	lmer	mixed	0.171782891444485
-0.439085851834855	0.207899015112799	13.043410974933	-2.11201506460539	0.0545391422164553	0.171782891444485	WP_003016538	lmer	mixed	0.171782891444485
0.222155891068684	0.106110479777442	14.1586125754194	2.0936281838951	0.0547613820378997	0.171933343393699	WP_003021312	lmer	mixed	0.171933343393699
-0.211829797512878	0.101451869848058	14.4837493312965	-2.08798317695011	0.0549086976588888	0.171933343393699	WP_003039205	lmer	mixed	0.171933343393699
0.38463315801244	0.183936331236087	14.0382590710266	2.09112117996283	0.0551798763889946	0.171933343393699	WP_011733568	lmer	mixed	0.171933343393699
-0.606052926320145	0.282717258551841	11.0218265104853	-2.14367148798952	0.0552037102555553	0.171933343393699	WP_003038817	lmer	mixed	0.171933343393699
-0.298385343393517	0.142881105650322	14.0878063746525	-2.08834710534621	0.0553958377371915	0.172051139490163	WP_003016773	lmer	mixed	0.172051139490163
0.230999575638175	0.116055256601406	17.8895652270646	1.99042751188383	0.0620468526964181	0.191691437638626	WP_003018461	lmer	mixed	0.191691437638626
0.155964624284453	0.0777185224679228	15.9210226445332	2.00678833477341	0.0620633264462279	0.191691437638626	WP_003034563	lmer	mixed	0.191691437638626
-0.325188635446527	0.161853363896287	15.1271200740812	-2.00915586564455	0.0627119626677563	0.193159774515327	WP_003039835	lmer	mixed	0.193159774515327
0.288456514995383	0.143129148509661	14.0852895118044	2.01535828305379	0.0633620537169992	0.194624490067367	WP_003040413	lmer	mixed	0.194624490067367
-0.329973092609281	0.164476759791823	14.6362786188554	-2.00619888807954	0.06368041902294	0.19506501980928	WP_003038706	lmer	mixed	0.19506501980928
-0.460095997534849	0.224603930890928	11.5225355836114	-2.0484770489537	0.0639998380651027	0.195506354637231	WP_003039122	lmer	mixed	0.195506354637231
0.108971434726621	0.0554278677304367	17.8895652270646	1.96600445206703	0.065013429773766	0.198060038791664	WP_003040822	lmer	mixed	0.198060038791664
0.179344927320439	0.0910841564112903	16.8573518797649	1.96900245209065	0.0656172592374343	0.199354888418908	WP_003014894	lmer	mixed	0.199354888418908
0.303607575213675	0.152500677226285	14.2016518129482	1.99086050459417	0.0660966469447957	0.199511163556188	WP_003037539	lmer	mixed	0.199511163556188
-0.160469435080897	0.0812473296593839	15.6409846953009	-1.97507334399344	0.0661814136701202	0.199511163556188	WP_003039212	lmer	mixed	0.199511163556188
0.261644235615622	0.131366010037081	14.0519507373867	1.99171943748437	0.0662054982204391	0.199511163556188	WP_003025725	lmer	mixed	0.199511163556188
0.232626784891898	0.11590194804907	12.5885259779512	2.00709987025765	0.0667047221631762	0.200473760679088	WP_003023340	lmer	mixed	0.200473760679088
0.154106973077849	0.0780385537736382	14.9344287464963	1.97475434417786	0.067082190531496	0.20097789351982	WP_003040921	lmer	mixed	0.20097789351982
-0.403299349459211	0.203753012162423	14.3927179777603	-1.97935404821264	0.067232963482415	0.20097789351982	WP_003024808	lmer	mixed	0.20097789351982
-0.585236627783454	0.294093217338648	13.2735606596088	-1.98996982344396	0.067600704854929	0.201458909427637	WP_003039935	lmer	mixed	0.201458909427637
0.228990901273883	0.115834975441081	14.2370377531249	1.97687184204877	0.0677552385967388	0.201458909427637	WP_003041398	lmer	mixed	0.201458909427637
-2.26321471774802	1.13534557724126	11.8895652270646	-1.99341483607778	0.0696723851814288	0.206608269886418	WP_003040469	lmer	mixed	0.206608269886418
-0.146543028753877	0.0751392546076584	14.9914584004212	-1.9502858994151	0.0700950654738674	0.207310339531465	WP_003041472	lmer	mixed	0.207310339531465
-0.0954018958703165	0.0496480179070234	17.8895652270646	-1.92156504714805	0.0707382859560061	0.208659229737955	WP_003036264	lmer	mixed	0.208659229737955
-0.348213636088323	0.181676960798981	17.8895652270646	-1.91666370109311	0.0713964144472473	0.209870016817227	WP_003041289	lmer	mixed	0.209870016817227
-2.52529336560781	1.29574423068431	13.9259249058228	-1.9489134551455	0.0717426861780708	0.209870016817227	WP_003017534	lmer	mixed	0.209870016817227
-0.211155212889055	0.109247243673021	15.3781187935318	-1.93281959150427	0.0718895054059157	0.209870016817227	WP_011733599	lmer	mixed	0.209870016817227
-0.314895167105144	0.160061866631692	12.4120919833421	-1.96733409232149	0.0719016559858122	0.209870016817227	WP_003026946	lmer	mixed	0.209870016817227
-0.287397693126904	0.147961202236095	14.1889366901219	-1.94238549554577	0.0722082527666898	0.209969214672203	WP_003032894	lmer	mixed	0.209969214672203
0.241555004203537	0.124480536343687	14.2888030823514	1.94050420490325	0.0723122676539247	0.209969214672203	WP_003040123	lmer	mixed	0.209969214672203
-0.226476376467792	0.11897731430225	17.8895652270646	-1.9035257082073	0.0731874437713906	0.21164203406823	WP_011733584	lmer	mixed	0.21164203406823
0.246170769519745	0.12778255129975	14.8148166544248	1.92648187890913	0.073450474276925	0.21164203406823	WP_003039746	lmer	mixed	0.21164203406823
0.187734246543702	0.0963626008985292	12.8895652270646	1.94820651158418	0.0735006138567135	0.21164203406823	WP_003033373	lmer	mixed	0.21164203406823
-0.396482972714812	0.200991622444232	11.2368280689338	-1.97263432123805	0.0736476315860748	0.21164203406823	WP_003017929	lmer	mixed	0.21164203406823
-0.108791166379873	0.0575929204866438	17.8895652270646	-1.88896769708183	0.0752185278569618	0.215600664679981	WP_003039133	lmer	mixed	0.215600664679981
0.200045963927888	0.106230820920789	17.8895652270646	1.88312546390893	0.0760475567507819	0.217418014813133	WP_011733734	lmer	mixed	0.217418014813133
-0.298320800178922	0.143487579986698	6.8895652270646	-2.07907053841578	0.0768284112195752	0.219088691840988	WP_003039335	lmer	mixed	0.219088691840988
-0.237163941098398	0.124864177466495	14.6143626363563	-1.89937535256689	0.0774345862970023	0.219771648346926	WP_003033853	lmer	mixed	0.219771648346926
-0.400232232843882	0.212379261539151	16.2940138908945	-1.88451654810044	0.0774621146191409	0.219771648346926	WP_003018506	lmer	mixed	0.219771648346926
0.539468698723921	0.261352029830103	6.8895652270646	2.06414581541461	0.0785289486234741	0.222232938363385	WP_003038444	lmer	mixed	0.222232938363385
0.182292208268442	0.0966508086331329	14.7343200466697	1.88609087545648	0.0791518791811678	0.222906205503465	WP_003040148	lmer	mixed	0.222906205503465
-0.557435478339679	0.2957953134989	14.8895652270646	-1.88453113656837	0.0791666882326208	0.222906205503465	WP_011733635	lmer	mixed	0.222906205503465
0.217939204551941	0.11561998363293	14.4127323863978	1.88496138560143	0.0797602439807969	0.224011768359165	WP_011733592	lmer	mixed	0.224011768359165
0.401086975571309	0.212725830537722	14.1265509452118	1.88546437711609	0.0801025734269491	0.224294410725078	WP_003039773	lmer	mixed	0.224294410725078
-0.379603199976318	0.204719387969922	17.8895652270646	-1.85426111195727	0.0802632016854763	0.224294410725078	WP_011733650	lmer	mixed	0.224294410725078
0.264683160329698	0.140945447658631	14.2201801962843	1.87791209100105	0.0810554514320845	0.225942070866936	WP_003040118	lmer	mixed	0.225942070866936
-0.142444538031359	0.076687232903577	16.1792177450379	-1.85747395802457	0.0815408716327949	0.226728358779467	WP_003040596	lmer	mixed	0.226728358779467
-0.275698580993038	0.148319269712716	15.422229956448	-1.85881835534281	0.0822421816877435	0.228109533785657	WP_003040989	lmer	mixed	0.228109533785657
0.117043038074629	0.0630788889687835	15.526496072954	1.85550253005488	0.0826089186096701	0.228558174317077	WP_003019812	lmer	mixed	0.228558174317077
-0.457566808451748	0.24648225665455	14.295080102968	-1.8563884259346	0.0841268370660338	0.232181740912445	WP_003038426	lmer	mixed	0.232181740912445
-0.340797797391481	0.18412615636657	14.6979270183081	-1.85089291014688	0.0843851663576196	0.232319655527767	WP_003040058	lmer	mixed	0.232319655527767
-0.326266715720803	0.178948266633304	17.8895652270646	-1.82324602444671	0.085021246530407	0.233494310052719	WP_003021081	lmer	mixed	0.233494310052719
-0.195344013726579	0.10576352375923	14.3026913873474	-1.84698851535316	0.0855394336792919	0.23434021757349	WP_003033387	lmer	mixed	0.23434021757349
0.163740674432642	0.089160122255135	14.9630448298938	1.83647880118526	0.0862333260834352	0.23566215338978	WP_003039053	lmer	mixed	0.23566215338978
0.123314765873833	0.0681652502674535	17.0762739940798	1.80905615970006	0.0880823076615055	0.239269217215263	WP_003038744	lmer	mixed	0.239269217215263
-0.219125325963181	0.119735153820669	14.2535179066327	-1.83008347148717	0.0882264146374592	0.239269217215263	WP_003039327	lmer	mixed	0.239269217215263
0.288140207808448	0.157312756124116	14.0325884454014	1.83163918112981	0.0883137714829512	0.239269217215263	WP_003026826	lmer	mixed	0.239269217215263
0.131891153549605	0.073188981586067	17.8895652270646	1.8020629702916	0.0884115851952364	0.239269217215263	WP_003016128	lmer	mixed	0.239269217215263
0.14522145412607	0.0807716885221968	17.8895652270646	1.79792519858194	0.0890874731757941	0.240514606757894	WP_003035149	lmer	mixed	0.240514606757894
0.0811938980515302	0.0452651940745687	17.8895652270646	1.79373798591857	0.089776030136976	0.241788100489682	WP_003040724	lmer	mixed	0.241788100489682
-0.30954186900515	0.170314154006337	14.2653371448381	-1.8174758921894	0.090205351280402	0.242358955849755	WP_011733690	lmer	mixed	0.242358955849755
0.236059322918153	0.129856276001612	14.0607554453918	1.81785070530763	0.0904521102543987	0.24243774743667	WP_003040112	lmer	mixed	0.24243774743667
-0.186653447371325	0.103833654187608	14.6321550307035	-1.79761994154686	0.09290006486843	0.248401852106234	WP_003041342	lmer	mixed	0.248401852106234
0.190886652083713	0.106706843978981	14.4540436660644	1.78888855640143	0.0946046560766742	0.252354525180602	WP_011733644	lmer	mixed	0.252354525180602
-1.56475945677663	0.878611650682289	14.2720186761055	-1.78094549003705	0.0962087685398858	0.255961713634418	WP_003032885	lmer	mixed	0.255961713634418
-0.0852665433567495	0.0482577094608698	15.8555217516977	-1.76689992768697	0.0964846010261359	0.255961713634418	WP_003033328	lmer	mixed	0.255961713634418
-0.211234486733369	0.119126137401963	14.8895652270646	-1.77320016698441	0.0966456335785561	0.255961713634418	WP_003036703	lmer	mixed	0.255961713634418
-0.288073361253921	0.163020050612343	14.4123561432083	-1.76710386343182	0.0983709840463542	0.25991385595186	WP_011733653	lmer	mixed	0.25991385595186
-0.167042670837451	0.0948474682200314	14.8895652270646	-1.76117163665284	0.0987248470152163	0.260232161754057	WP_003016046	lmer	mixed	0.260232161754057
-0.343040342046021	0.193955774647596	13.7782965089531	-1.76865237794183	0.0990739719199179	0.26053650634601	WP_003039650	lmer	mixed	0.26053650634601
-0.279934911082225	0.159049709597863	14.3680339893747	-1.7600466658506	0.099663835832011	0.260909131530927	WP_003016899	lmer	mixed	0.260909131530927
-0.182980326316354	0.104311313942648	14.7941979815836	-1.75417526057586	0.100084276798869	0.260909131530927	WP_003033849	lmer	mixed	0.260909131530927
-0.22037798535576	0.125991795386861	15.3893329232898	-1.74914552712804	0.10017699732975	0.260909131530927	WP_003041313	lmer	mixed	0.260909131530927
-0.272496668342648	0.155147770762651	14.3672483556834	-1.75636857044837	0.100310223633229	0.260909131530927	WP_003034557	lmer	mixed	0.260909131530927
-0.188414409780927	0.108064593306555	16.0286237250917	-1.74353508411805	0.100385665853603	0.260909131530927	WP_003015772	lmer	mixed	0.260909131530927
-0.229838821218988	0.130994580266298	14.2631700978381	-1.75456740845118	0.10078234803294	0.261330972224949	WP_003040900	lmer	mixed	0.261330972224949
-0.173430897406301	0.0994617080750036	15.3668709069549	-1.74369514422091	0.101178399244064	0.26152574396536	WP_003035085	lmer	mixed	0.26152574396536
-0.418122441183054	0.23897708284123	14.4406201199792	-1.74963404947429	0.101393276553347	0.26152574396536	WP_003038377	lmer	mixed	0.26152574396536
-0.547508572964871	0.282170383627729	5.85827388419902	-1.94034740969558	0.101561118508521	0.26152574396536	WP_003026091	lmer	mixed	0.26152574396536
0.166482675404082	0.0957036896681522	14.5775059438001	1.73956381390678	0.102998428203164	0.264615777526561	WP_003035107	lmer	mixed	0.264615777526561
0.182333654949097	0.104871194782536	14.3364966906427	1.73864382233071	0.10351710744637	0.265336953569431	WP_003038937	lmer	mixed	0.265336953569431
-0.339752924558977	0.195888583629498	14.1276875309934	-1.734419220681	0.104598693279293	0.267494364693605	WP_003038681	lmer	mixed	0.267494364693605
0.167306046017562	0.0970027781201466	14.9497572683133	1.72475520041642	0.105178512250801	0.268231552067484	WP_003035703	lmer	mixed	0.268231552067484
-0.124992649562573	0.0731161021808818	17.1684194670651	-1.70950920295716	0.105368089511711	0.268231552067484	WP_003038692	lmer	mixed	0.268231552067484
0.294795062544551	0.170588618131297	14.0931233276619	1.72810510908563	0.105806746165023	0.268734674200458	WP_003029937	lmer	mixed	0.268734674200458
0.1175337785134	0.0690864063324562	17.7066214800018	1.70125766779366	0.106388472883504	0.269598061966153	WP_003039245	lmer	mixed	0.269598061966153
0.275251991271296	0.161905343463936	16.5924383650245	1.70007972178267	0.107782001556148	0.272510049285952	WP_003023263	lmer	mixed	0.272510049285952
0.187146208117584	0.109793500338438	14.8895652270646	1.70452902531303	0.109053066490729	0.275099930174576	WP_003019199	lmer	mixed	0.275099930174576
-0.366817148996343	0.217190490404126	16.8895652270646	-1.68891901442741	0.109609620689871	0.275879745077214	WP_003038471	lmer	mixed	0.275879745077214
-0.222827200692879	0.132545456315742	17.8895652270646	-1.68113798003059	0.110111210468429	0.276518017279951	WP_003039875	lmer	mixed	0.276518017279951
-0.144612728968959	0.0851465191437304	14.3351289039973	-1.69839860070906	0.111024097312202	0.278183974164281	WP_003018097	lmer	mixed	0.278183974164281
-0.74237750717433	0.436010583455666	13.0542154381671	-1.70265937420718	0.112308221997153	0.280770554992881	WP_003039874	lmer	mixed	0.280770554992881
0.0991037493764677	0.0591999424145746	16.7170997460595	1.67405144894312	0.112725705474084	0.28118380671947	WP_003038530	lmer	mixed	0.28118380671947
-0.178185091301779	0.105862911344173	14.6948951495933	-1.68316825070565	0.113460195037282	0.282384190773593	WP_003040916	lmer	mixed	0.282384190773593
-0.23578976310053	0.140423991154911	14.8744610058563	-1.67912734256651	0.114004225962491	0.283106262690819	WP_003026086	lmer	mixed	0.283106262690819
0.208136443000381	0.125082289192581	17.1382950869733	1.66399611283038	0.114289032755623	0.283182825605598	WP_003041448	lmer	mixed	0.283182825605598
-0.141284978076336	0.0845533261068395	15.5754922645103	-1.67095707030865	0.114697253921351	0.283564164351013	WP_003040223	lmer	mixed	0.283564164351013
0.0815948987565224	0.0488000210006657	15.1814643765837	1.67202589432102	0.11499749343665	0.283677445092621	WP_003038496	lmer	mixed	0.283677445092621
-0.171563259757835	0.102663780625954	14.3564896135634	-1.67111768835894	0.11634601994095	0.286370446433022	WP_003033374	lmer	mixed	0.286370446433022
-0.482152085099824	0.289457483329568	14.4685880826899	-1.66570951821224	0.11726729724044	0.287481446158431	WP_003039451	lmer	mixed	0.287481446158431
-0.238478067750565	0.143591874991523	15.1419226023571	-1.66080474793329	0.117313056504113	0.287481446158431	WP_003034373	lmer	mixed	0.287481446158431
0.166882005258166	0.100237957288705	13.8895652270646	1.66485840067064	0.118327109722054	0.289330542412479	WP_003040336	lmer	mixed	0.289330542412479
0.132620082812454	0.0800959551950322	14.8819030487294	1.6557650444336	0.118697871780667	0.289602028523948	WP_003039908	lmer	mixed	0.289602028523948
-0.101014470741078	0.0612652393402903	15.4100694438036	-1.64880561683609	0.119419843499615	0.290423652687077	WP_004338933	lmer	mixed	0.290423652687077
-0.623111606409925	0.377960640474891	15.3364303802032	-1.64861506644452	0.119555566442483	0.290423652687077	WP_003017327	lmer	mixed	0.290423652687077
0.104791044119788	0.0641532630195506	16.624691405686	1.63344838886611	0.12116811390066	0.292917171134936	WP_003041114	lmer	mixed	0.292917171134936
-0.578073690038453	0.338427394537396	9.14759956287163	-1.70811730778661	0.121247361594966	0.292917171134936	WP_003041579	lmer	mixed	0.292917171134936
0.212635166020516	0.117605770626864	5.8895652270646	1.80803343991647	0.121526302417122	0.292917171134936	WP_003020516	lmer	mixed	0.292917171134936
0.32651888774969	0.198637497607748	14.4732965851794	1.64379279683875	0.12175859639921	0.292917171134936	WP_003039877	lmer	mixed	0.292917171134936
-0.213435098347281	0.129848129775774	14.3898823943444	-1.64372870611111	0.121895576149426	0.292917171134936	WP_003022051	lmer	mixed	0.292917171134936
-0.226051564490589	0.138564483850466	15.1809702516873	-1.63138170914371	0.123376378255296	0.295837982268076	WP_003039781	lmer	mixed	0.295837982268076
-0.20609786605618	0.125998107051518	14.3191349499008	-1.63572192375804	0.123681909248777	0.29591789272053	WP_011733709	lmer	mixed	0.29591789272053
0.288969814585674	0.17576029354468	12.9925175190035	1.64411317686048	0.124119034417299	0.29591789272053	WP_011733701	lmer	mixed	0.29591789272053
0.383969885351603	0.23476537586585	14.0026181641524	1.63554733714656	0.124205895778662	0.29591789272053	WP_003038698	lmer	mixed	0.29591789272053
-0.314178677138416	0.190713228798103	12.35139827558	-1.64738796106807	0.124666388152059	0.296381711704787	WP_011733590	lmer	mixed	0.296381711704787
0.196273574441043	0.12046085788875	14.2501886396506	1.62935560879293	0.125136542307577	0.296866478027549	WP_003038526	lmer	mixed	0.296866478027549
0.103321586570421	0.0641090073110459	16.5910906941787	1.61165475654805	0.125895582126756	0.298033065968861	WP_003040477	lmer	mixed	0.298033065968861
-0.131635710596026	0.0821518658234834	16.9184702903227	-1.60234596349724	0.127583824230838	0.30113961798716	WP_003040444	lmer	mixed	0.30113961798716
0.209388031725136	0.129746970845996	14.7521955009832	1.61381826766246	0.127748017316526	0.30113961798716	WP_003037729	lmer	mixed	0.30113961798716
-0.380578510972094	0.236457242129341	15.0601211365571	-1.60950245188058	0.128263473511358	0.301716820601612	WP_003038932	lmer	mixed	0.301716820601612
0.160091174649927	0.0980613673929493	11.5004470388415	1.63256110847825	0.129618439727355	0.304262232202106	WP_003040889	lmer	mixed	0.304262232202106
0.267092095844143	0.166330766121453	14.0736298751551	1.6057888872412	0.130518124414748	0.305336388582525	WP_003026382	lmer	mixed	0.305336388582525
-0.14791685617322	0.0929226478016866	15.8616220283767	-1.59182782316859	0.131153732610635	0.305336388582525	WP_003041254	lmer	mixed	0.305336388582525
-0.366785771351342	0.229574897580616	14.7548753343228	-1.59767367955612	0.131305681404045	0.305336388582525	WP_003035781	lmer	mixed	0.305336388582525
-0.0832987635800349	0.0523442382555289	15.7504176853691	-1.59136451988078	0.13139583327299	0.305336388582525	WP_003041364	lmer	mixed	0.305336388582525
0.21542476364063	0.134989318980294	14.9436707247227	1.59586525265809	0.131445261452567	0.305336388582525	WP_003038723	lmer	mixed	0.305336388582525
-1.73142698151878	1.05105016185695	9.59856426861544	-1.64733049320859	0.131785702784675	0.305490766330379	WP_003038275	lmer	mixed	0.305490766330379
-0.109547035735937	0.0689150011076857	14.9485238830642	-1.58959637198235	0.132847913907142	0.307314157689759	WP_003039079	lmer	mixed	0.307314157689759
-0.370659637919642	0.232880929914624	13.9710769051625	-1.59162726658438	0.13383501921456	0.308956617855559	WP_003033755	lmer	mixed	0.308956617855559
-0.598383184391837	0.322253199839347	4.04476294958047	-1.85687274692741	0.136103369381941	0.312579019041606	WP_003016239	lmer	mixed	0.312579019041606
0.357357045738103	0.226223950357345	14.2230004270183	1.5796605318474	0.136161580059039	0.312579019041606	WP_003038864	lmer	mixed	0.312579019041606
-0.0645723718896514	0.0413891723640716	17.8895652270646	-1.56012715890169	0.136245204712306	0.312579019041606	WP_003033959	lmer	mixed	0.312579019041606
-0.133884141415733	0.0852117513444707	15.0943292192506	-1.57119340118363	0.136860363119837	0.313345595233302	WP_003018370	lmer	mixed	0.313345595233302
0.316322006687597	0.201860429561496	14.1800340505105	1.56703325844865	0.13914619915957	0.317926254227297	WP_003038804	lmer	mixed	0.317926254227297
0.208535312673868	0.133966504705301	15.0658428537187	1.55662277770554	0.140314144799666	0.319422461490218	WP_003040306	lmer	mixed	0.319422461490218
0.149550681013896	0.0960132882858147	14.8540155779582	1.55760399090498	0.140373996529333	0.319422461490218	WP_011733726	lmer	mixed	0.319422461490218
-0.0789865484350935	0.0513468675068683	17.8895652270646	-1.5382934202272	0.141476740932924	0.320994349890577	WP_003036870	lmer	mixed	0.320994349890577
0.214708329612605	0.138409556182886	15.0292070068481	1.55125365281066	0.1416405561849	0.320994349890577	WP_003040604	lmer	mixed	0.320994349890577
-0.303523661669145	0.193567827145732	11.8895652270646	-1.56804809014377	0.143086138289541	0.323067345393695	WP_003014901	lmer	mixed	0.323067345393695
-0.193676761543219	0.124980901688992	14.2142195400245	-1.54965085805808	0.143199187493253	0.323067345393695	WP_003041582	lmer	mixed	0.323067345393695
0.230347285992976	0.150307258459488	17.3533988948293	1.53250939677714	0.143424516564914	0.323067345393695	WP_003035266	lmer	mixed	0.323067345393695
-0.253757147613928	0.162186567559889	11.8895652270646	-1.56460027135247	0.143890207829986	0.323462866392004	WP_011733652	lmer	mixed	0.323462866392004
0.342843641995349	0.221939692093973	14.0539042227222	1.54476037504	0.144619561517903	0.324353796659834	WP_011733717	lmer	mixed	0.324353796659834
0.126172554973582	0.0819861604446538	14.8370907682507	1.53894943109035	0.14486833249919	0.324353796659834	WP_003033338	lmer	mixed	0.324353796659834
0.0465574400858297	0.0311419343449972	17.8895652270646	1.49500797124726	0.152343634294547	0.340407118714268	WP_003037755	lmer	mixed	0.340407118714268
0.17700321629907	0.117398485612396	14.3964052794995	1.50771294344857	0.153256263475029	0.341761467549315	WP_003018795	lmer	mixed	0.341761467549315
-0.172372219661313	0.114546030440317	14.2747602169494	-1.50482927255279	0.154170591270433	0.34311419015276	WP_003014822	lmer	mixed	0.34311419015276
0.269537648009544	0.179237487751174	14.112751642468	1.50380175147137	0.154678752525524	0.343156387272999	WP_003038655	lmer	mixed	0.343156387272999
0.129944982365607	0.0870600649047393	16.1640137114436	1.49259000102736	0.154805078742887	0.343156387272999	WP_003034258	lmer	mixed	0.343156387272999
-0.116675297344332	0.0781409822513301	14.8227814342677	-1.49313835048888	0.156379364873646	0.345958317131181	WP_003041286	lmer	mixed	0.345958317131181
-0.364789327672782	0.239864615793186	9.8895652270646	-1.520813424133	0.159614056060847	0.35241519308484	WP_003032709	lmer	mixed	0.35241519308484
0.109944500211295	0.0745910124550635	14.9670884712881	1.47396444414172	0.161212010755022	0.355239905122231	WP_003041311	lmer	mixed	0.355239905122231
-0.0970002385250222	0.0660135457360048	15.3451717392027	-1.46939900657566	0.161927480087609	0.356112702756774	WP_003014814	lmer	mixed	0.356112702756774
-0.245745474433216	0.164122842462672	9.8895652270646	-1.49732645831496	0.16552670949835	0.363311576950118	WP_003039410	lmer	mixed	0.363311576950118
-0.0906227705311383	0.0627624455373335	17.8895652270646	-1.44390120167055	0.166052024270767	0.363489566531084	WP_003022001	lmer	mixed	0.363489566531084
0.10023688449055	0.0691708657240735	16.3089977726971	1.44911999353023	0.166259801731707	0.363489566531084	WP_003033564	lmer	mixed	0.363489566531084
-0.670572324074017	0.460673182051783	14.3889579277948	-1.45563568751141	0.166963573971226	0.364313864927431	WP_003017394	lmer	mixed	0.364313864927431
0.191007565137607	0.133611833677779	17.8895652270646	1.42957071899967	0.170071944289957	0.370276625760118	WP_003038516	lmer	mixed	0.370276625760118
-0.276942345778797	0.190325351537357	12.4643079123605	-1.45509961516839	0.170360456515642	0.370276625760118	WP_003026299	lmer	mixed	0.370276625760118
-0.43046688489431	0.299557205548478	15.2760200769941	-1.43701061740825	0.170881078576449	0.370685608195994	WP_003025780	lmer	mixed	0.370685608195994
-0.549659250844663	0.373314239327889	9.92754721639255	-1.47237686897308	0.171899290191708	0.372170307890785	WP_003039257	lmer	mixed	0.372170307890785
-0.146279340195365	0.102078861524736	14.3799372581668	-1.43300324876682	0.173239045393283	0.373459098492636	WP_003035267	lmer	mixed	0.373459098492636
-1.15459604413644	0.783731703216654	9.3869099812374	-1.47320318853717	0.173419292600078	0.373459098492636	WP_003039164	lmer	mixed	0.373459098492636
-0.359257709532969	0.252684429613658	16.7022941387684	-1.42176433301512	0.173499383873709	0.373459098492636	WP_003040911	lmer	mixed	0.373459098492636
0.235359291130769	0.164894676076495	14.569356111	1.42733104992174	0.174565717352825	0.375030394698266	WP_011733727	lmer	mixed	0.375030394698266
-0.151485991889671	0.106533594905837	14.3573158171406	-1.42195513090088	0.176398869622428	0.378239883901936	WP_003038346	lmer	mixed	0.378239883901936
-0.306823339976588	0.21322561607949	10.9538861747889	-1.43896097297337	0.178117386159814	0.38119171894087	WP_003038904	lmer	mixed	0.38119171894087
-0.341042622191782	0.241337125617982	14.07032357464	-1.41313783081857	0.179354406296278	0.383103760575382	WP_003014363	lmer	mixed	0.383103760575382
-0.465785429399099	0.332851244412072	16.3299517888199	-1.39938016522015	0.180407672733845	0.384176770349328	WP_003039866	lmer	mixed	0.384176770349328
0.123207310097245	0.0886097064472407	17.8895652270646	1.39044936539321	0.181449914438289	0.384176770349328	WP_003041209	lmer	mixed	0.384176770349328
-0.227305701755511	0.161656862401974	14.0067859299425	-1.40609992287426	0.181489889538767	0.384176770349328	WP_011733608	lmer	mixed	0.384176770349328
0.117072795877932	0.0835371407183179	14.9303117942804	1.4014460498797	0.181525024121935	0.384176770349328	WP_003039996	lmer	mixed	0.384176770349328
-0.464032325793346	0.330766306713521	14.5815582182058	-1.4029008286967	0.181579513878113	0.384176770349328	WP_003038553	lmer	mixed	0.384176770349328
0.20885496690091	0.149694803756215	14.1086539397605	1.39520518855845	0.184529278005152	0.389678304878303	WP_003033116	lmer	mixed	0.389678304878303
-0.135478157269333	0.0983340503634796	17.8895652270646	-1.37773392602618	0.185277523233453	0.390518787155578	WP_011733616	lmer	mixed	0.390518787155578
-0.398179937404568	0.28765852005904	14.8895652270646	-1.38421047748853	0.186690952153998	0.392755493682467	WP_003040924	lmer	mixed	0.392755493682467
-0.276329304313015	0.19977553779324	14.4110782380873	-1.38319890095355	0.187659353134702	0.394049300838405	WP_003036556	lmer	mixed	0.394049300838405
-0.082041804055756	0.060140067545045	17.8895652270646	-1.36417878138076	0.189428997427737	0.396689117677864	WP_003038597	lmer	mixed	0.396689117677864
0.223900593064113	0.162514497562325	14.190464028074	1.3777268885088	0.189628071499822	0.396689117677864	WP_003036879	lmer	mixed	0.396689117677864
0.398200192278785	0.286903417666508	11.3319257304404	1.38792418548895	0.191843711707727	0.40057254410883	WP_011733703	lmer	mixed	0.40057254410883
0.165051474001897	0.12244038082866	17.8895652270646	1.34801503298872	0.194476283503316	0.405310385245228	WP_003040411	lmer	mixed	0.405310385245228
0.165006950365365	0.121477166556643	14.4795772696084	1.3583371677378	0.195144863543707	0.405945005319465	WP_003039338	lmer	mixed	0.405945005319465
0.114566824082801	0.0845504340075242	14.8635232406778	1.35501166170957	0.195651036241021	0.406240047316086	WP_003018080	lmer	mixed	0.406240047316086
0.170414085770609	0.125639071378297	14.0421380407753	1.35637810675546	0.196387768026719	0.406972971589795	WP_003040366	lmer	mixed	0.406972971589795
-0.22410965033023	0.165528683960823	14.3314197419431	-1.35390220575469	0.196734019450134	0.406972971589795	WP_003033484	lmer	mixed	0.406972971589795
-0.280989833711493	0.208637557891008	15.4318054442757	-1.34678452217257	0.197496958192986	0.40779464515774	WP_003019697	lmer	mixed	0.40779464515774
1.05731558437536	0.765926443883831	8.8895652270646	1.38044010990659	0.201169166091617	0.414609279467936	WP_003040472	lmer	mixed	0.414609279467936
0.250725282698711	0.188326761707377	15.9704278153196	1.33133114181769	0.201773006122568	0.415086534735541	WP_003039971	lmer	mixed	0.415086534735541
-0.0798897646692232	0.0604329412612933	17.8895652270646	-1.3219572471875	0.202837862884206	0.416508687137919	WP_003016117	lmer	mixed	0.416508687137919
-0.255348304705066	0.193318965017292	15.8865596682501	-1.32086525852353	0.205257867893636	0.420703166730523	WP_003041399	lmer	mixed	0.420703166730523
-0.110486886115649	0.0837427151389816	14.9829877826985	-1.31936116392074	0.206855857710725	0.423200516233869	WP_003041161	lmer	mixed	0.423200516233869
-0.222800405029919	0.169378608678769	15.4437203402699	-1.31539871987298	0.207571294594757	0.423886434932517	WP_003041045	lmer	mixed	0.423886434932517
-0.227902681736429	0.174627194929427	17.8895652270646	-1.30508127229858	0.208403123523778	0.424807098224886	WP_003038519	lmer	mixed	0.424807098224886
-0.0706426655957677	0.0541123887956712	14.8710054195228	-1.30548044852566	0.211566422686434	0.430468177546303	WP_003033367	lmer	mixed	0.430468177546303
-0.900486755253078	0.696764574549871	17.8895652270646	-1.29238309200036	0.212669330131998	0.431924049357336	WP_003035153	lmer	mixed	0.431924049357336
0.28787222936815	0.213963125967615	8.40240008727185	1.34542916246102	0.21366577986523	0.432441476963097	WP_003015509	lmer	mixed	0.432441476963097
0.387418148496233	0.283540497886208	7.06884439015423	1.36635913170934	0.213699779198804	0.432441476963097	WP_003033346	lmer	mixed	0.432441476963097
0.710190704047684	0.486258695268324	4.14533087533722	1.46052031759718	0.215518928334718	0.434621944078862	WP_003039821	lmer	mixed	0.434621944078862
0.449585937249	0.332020545987543	7.40882037716753	1.35409071119914	0.215556892444494	0.434621944078862	WP_003040570	lmer	mixed	0.434621944078862
-0.0669516540620412	0.0520600858874421	15.013451785716	-1.2860457857637	0.217907956121194	0.438569261868467	WP_003040482	lmer	mixed	0.438569261868467
-0.301579528233718	0.236572965111168	17.8895652270646	-1.27478441203966	0.218694745168353	0.439359713266151	WP_003038299	lmer	mixed	0.439359713266151
-0.470982765228231	0.369797058564779	16.8895652270646	-1.27362496353044	0.220045795352649	0.441045444929126	WP_003039965	lmer	mixed	0.441045444929126
0.630544036508952	0.488653950278845	12.4761973588264	1.29036926059666	0.220324944238137	0.441045444929126	WP_003040227	lmer	mixed	0.441045444929126
-0.15774055493686	0.123590333705801	15.0979475074512	-1.27631789806759	0.221127569442661	0.441858852918579	WP_011733712	lmer	mixed	0.441858852918579
-0.124361445845372	0.097617384114302	14.2605671940235	-1.27396822782871	0.223046342233644	0.444895655796982	WP_003037711	lmer	mixed	0.444895655796982
-0.21933623204697	0.17163533923216	12.6054414617732	-1.27791999612788	0.224309773361501	0.446317476657921	WP_003039832	lmer	mixed	0.446317476657921
-0.569650654128437	0.415767621946251	5.43316155919678	-1.37011788330665	0.224559734892461	0.446317476657921	WP_003038749	lmer	mixed	0.446317476657921
0.198183758435612	0.15665662717431	15.0650483449418	1.26508378234835	0.225060199472556	0.446516232049644	WP_003038504	lmer	mixed	0.446516232049644
0.110654892865897	0.0883344105253037	17.8895652270588	1.25268162438464	0.226449820026292	0.448475220833599	WP_011733710	lmer	mixed	0.448475220833599
-0.41939283263465	0.322178771342033	8.34311463969352	-1.30173949974318	0.227796369220061	0.450342112908453	WP_003033977	lmer	mixed	0.450342112908453
-0.100836706164938	0.0802442037064072	14.4206333834597	-1.25662292735651	0.228865053444421	0.450453644493712	WP_011733582	lmer	mixed	0.450453644493712
-0.35301580446295	0.280709261494991	13.9635255743938	-1.257585170446	0.229167867674937	0.450453644493712	WP_003038261	lmer	mixed	0.450453644493712
-0.323987869742164	0.256892183736563	13.1434179576226	-1.261182279	0.229169579586178	0.450453644493712	WP_003021424	lmer	mixed	0.450453644493712
0.0488032323843627	0.0392234557632187	17.8895652270646	1.24423591534041	0.229468762396797	0.450453644493712	WP_003034992	lmer	mixed	0.450453644493712
-0.0702455924902959	0.0562997747128943	14.8430229754687	-1.247706457948	0.231464827349789	0.453573431449938	WP_003037455	lmer	mixed	0.453573431449938
-0.239571923516369	0.192282762976229	14.5320273391631	-1.24593551605032	0.232501366077746	0.45480530381875	WP_003040486	lmer	mixed	0.45480530381875
0.219319199934567	0.176499984240188	14.3512880635209	1.24260181029879	0.233935538082704	0.456588428340926	WP_003034837	lmer	mixed	0.456588428340926
-0.21897959208162	0.176227120628068	14.1375546930038	-1.24259870615365	0.234231911220636	0.456588428340926	WP_003015654	lmer	mixed	0.456588428340926
-0.385866175470984	0.312723923651658	16.2270749491728	-1.23388761232351	0.234817915298251	0.456931894515795	WP_011733615	lmer	mixed	0.456931894515795
0.103955094244804	0.0843435035595116	15.309677256583	1.23252046521229	0.236347671941633	0.458310086551434	WP_003041536	lmer	mixed	0.458310086551434
-0.168641125913847	0.136430060710934	14.2950772787519	-1.23609947129732	0.236348250912174	0.458310086551434	WP_011733708	lmer	mixed	0.458310086551434
-0.170960328390575	0.140251275999663	17.8895652270646	-1.21895738325394	0.238690364125457	0.460962786220753	WP_003038824	lmer	mixed	0.460962786220753
-0.161914747627995	0.131753773477971	14.342538733446	-1.22891924347857	0.238884439489054	0.460962786220753	WP_003038264	lmer	mixed	0.460962786220753
-0.181106226295673	0.147715638082713	15.1018740824378	-1.22604640000447	0.238956493664211	0.460962786220753	WP_003040762	lmer	mixed	0.460962786220753
-0.130104932734683	0.106468473343643	14.2994798694406	-1.22200430464284	0.241468464588155	0.465004038023822	WP_003028608	lmer	mixed	0.465004038023822
0.155504859902561	0.128752998002065	17.8895652270646	1.20777661348179	0.242858596336973	0.46687471537194	WP_003021125	lmer	mixed	0.46687471537194
0.0712373368459582	0.0593325357471464	17.8895652270646	1.20064541231721	0.245546007785847	0.467933930210891	WP_003040329	lmer	mixed	0.467933930210891
0.218842772913913	0.180837308249527	14.4590809660763	1.21016384855687	0.245628855805531	0.467933930210891	WP_003038477	lmer	mixed	0.467933930210891
-0.108312079394936	0.0896884589573773	15.1046259558036	-1.20764790313109	0.245753038183913	0.467933930210891	WP_003041352	lmer	mixed	0.467933930210891
-0.10887651851564	0.0904230884360909	16.1791994432322	-1.204078741378	0.245879690509637	0.467933930210891	WP_003017865	lmer	mixed	0.467933930210891
0.0868121818188185	0.0720550954802695	15.4778268424907	1.20480281429354	0.246378790163065	0.467933930210891	WP_003037796	lmer	mixed	0.467933930210891
-0.310812805294713	0.25830126641231	15.8895652270646	-1.20329570819286	0.246484251570758	0.467933930210891	WP_003040026	lmer	mixed	0.467933930210891
-0.102961800925005	0.0860040140580115	17.8895652270646	-1.197174365089	0.246862245723835	0.467933930210891	WP_003038269	lmer	mixed	0.467933930210891
-0.146845448612534	0.12173616464203	14.4953994798974	-1.20625985749049	0.247036967011815	0.467933930210891	WP_003038948	lmer	mixed	0.467933930210891
-0.122820852961166	0.0956205665177222	5.8895652270646	-1.28446062844025	0.247186623223511	0.467933930210891	WP_003032999	lmer	mixed	0.467933930210891
-0.117942427798943	0.0989055561619289	15.7834825840664	-1.19247524988229	0.250694978817965	0.473771019291578	WP_011733676	lmer	mixed	0.473771019291578
-0.314440150244054	0.265926870618208	17.8895652270646	-1.18243090483134	0.252512849832626	0.476399031410116	WP_003015446	lmer	mixed	0.476399031410116
-0.170871431893012	0.144420544265622	16.8895652270646	-1.18315183453914	0.253136169721218	0.476768292633714	WP_003041555	lmer	mixed	0.476768292633714
0.235012788584278	0.195015050477174	10.8895652270646	1.20510077560288	0.253699974077892	0.477024403198735	WP_003039398	lmer	mixed	0.477024403198735
0.143713007786615	0.121519934436001	14.5876064142143	1.18262907607395	0.25587392088147	0.479523757391243	WP_003040969	lmer	mixed	0.479523757391243
-0.0939722642394762	0.0793000950424076	13.8895652270646	-1.18502082739273	0.255889359325372	0.479523757391243	WP_003039759	lmer	mixed	0.479523757391243
-1.4681395684734	1.10485134100179	3.8895652270646	-1.32881186272735	0.256502060181959	0.479865431380677	WP_003038495	lmer	mixed	0.479865431380677
-0.174189011601357	0.148012092283828	14.6400260030109	-1.17685662646625	0.258033139934883	0.481921191000661	WP_011733606	lmer	mixed	0.481921191000661
-0.104934290876658	0.0895020558354995	15.6462639960335	-1.17242324656231	0.258569607009886	0.482115571598701	WP_003039694	lmer	mixed	0.482115571598701
-0.156686806700398	0.133684837921633	15.140905430022	-1.17206116367699	0.259285391000623	0.482643090092979	WP_003037453	lmer	mixed	0.482643090092979
0.102094410896299	0.0878224457136034	17.8895652270646	1.16250931144913	0.260302710140069	0.483729203010294	WP_003017136	lmer	mixed	0.483729203010294
-0.160648798635155	0.137376884992043	14.2172555684278	-1.169401960486	0.261474213350465	0.484611084229501	WP_003035141	lmer	mixed	0.484611084229501
0.0724097237987596	0.0622012682395001	15.8063593715514	1.16411973337831	0.261646522606421	0.484611084229501	WP_003020909	lmer	mixed	0.484611084229501
-0.202225196098749	0.173414747403143	14.3644188224696	-1.16613609353897	0.262556819813171	0.485384007937771	WP_003033045	lmer	mixed	0.485384007937771
0.330301856881383	0.282252743616203	12.9866294268976	1.17023435325935	0.262934476048801	0.485384007937771	WP_003032819	lmer	mixed	0.485384007937771
-0.111970383732775	0.0972790528778298	16.599065842875	-1.15102255234121	0.266034223504616	0.490294478029169	WP_003036913	lmer	mixed	0.490294478029169
0.214486232483595	0.182370797045	10.0012349171768	1.17609966046631	0.266790773893258	0.490877414011523	WP_003035930	lmer	mixed	0.490877414011523
0.0643483911884495	0.0559313946341011	15.1743588705326	1.15048787196192	0.267751218694509	0.491832963499798	WP_003038650	lmer	mixed	0.491832963499798
-0.117322600794311	0.102743968096491	17.8895652270646	-1.14189283291189	0.2685529198996	0.492494252776404	WP_003033135	lmer	mixed	0.492494252776404
0.0563105286159028	0.0490897339100715	15.1487035015664	1.147093783785	0.269137865593678	0.492665631392641	WP_011733579	lmer	mixed	0.492665631392641
-0.152271959775912	0.13295964473947	15.3581183866082	-1.14524944823886	0.269639472363047	0.492665631392641	WP_003016495	lmer	mixed	0.492665631392641
0.0847831314876099	0.074114297911323	15.5289881431552	1.14395108470233	0.269971928951483	0.492665631392641	WP_003035603	lmer	mixed	0.492665631392641
-0.0714073062266391	0.0626033932030753	15.5744977763202	-1.14062996545579	0.271260920229519	0.494209029503126	WP_003040779	lmer	mixed	0.494209029503126
-0.541198135732873	0.474574284652174	13.6280226729349	-1.14038655956576	0.273771047068468	0.497968544015239	WP_003025094	lmer	mixed	0.497968544015239
-0.387707123105533	0.333136633476891	8.77748096214812	-1.16380813199406	0.275160203175696	0.49884229739003	WP_003033506	lmer	mixed	0.49884229739003
0.115439640983718	0.10217472968815	15.9117598217181	1.12982575374611	0.275294388623157	0.49884229739003	WP_003032990	lmer	mixed	0.49884229739003
0.326114916378661	0.289487362090766	16.8895652270646	1.12652557273437	0.275695302410364	0.49884229739003	WP_003041481	lmer	mixed	0.49884229739003
-0.144757102667823	0.128834931208094	17.8895652270646	-1.12358582653343	0.276040984295649	0.49884229739003	WP_011733665	lmer	mixed	0.49884229739003
-0.129468879985771	0.114646088679883	14.446618882234	-1.12929173141943	0.277178195745617	0.500086874201235	WP_003032783	lmer	mixed	0.500086874201235
0.288246697605595	0.25615681936368	14.2002122691067	1.12527434686935	0.279133253027287	0.502800609249476	WP_003038729	lmer	mixed	0.502800609249476
0.555123651855377	0.493018278520121	11.9758711356816	1.1259697176374	0.282236630224587	0.507570714032926	WP_011733633	lmer	mixed	0.507570714032926
-0.264682288789751	0.238343415640595	15.4917995516538	-1.11050807960592	0.283719932450629	0.509416625897667	WP_011733587	lmer	mixed	0.509416625897667
-3.22403495857886	2.75743494840676	6.06518189326872	-1.16921523767648	0.286206329101799	0.513054753936504	WP_003039401	lmer	mixed	0.513054753936504
-0.250816352516394	0.227769343717589	14.9403820273655	-1.1011857365115	0.288241059698976	0.515872843602501	WP_011733668	lmer	mixed	0.515872843602501
-0.112335794500955	0.102756639419644	17.8895652270646	-1.09322176294801	0.288799502421283	0.516043982691876	WP_003039333	lmer	mixed	0.516043982691876
-0.0886573731144096	0.0815666474722859	17.8895652270646	-1.08693167933049	0.291495658877641	0.519274493041744	WP_003035692	lmer	mixed	0.519274493041744
0.0960790463577718	0.0881624444696977	15.9619167677788	1.08979562596855	0.291982850737994	0.519274493041744	WP_003017665	lmer	mixed	0.519274493041744
-0.112323845329421	0.102645995532043	14.2328343186424	-1.09428375405407	0.292004580392084	0.519274493041744	WP_003038445	lmer	mixed	0.519274493041744
0.0669330142006666	0.0617107307408729	17.8895652270646	1.08462520856741	0.292488884113812	0.519307493291243	WP_003041347	lmer	mixed	0.519307493291243
0.172786187830483	0.158412338114638	13.9870722927951	1.09073693303765	0.293822666180343	0.520846220653549	WP_003035135	lmer	mixed	0.520846220653549
-1.50139305344375	1.33665635980476	7.8929626590265	-1.12324535953508	0.294334166566441	0.520924755113622	WP_003039109	lmer	mixed	0.520924755113622
-0.0842914184809248	0.078045284102331	16.2942035423825	-1.08003218196251	0.295855564071759	0.522095809345642	WP_003038767	lmer	mixed	0.522095809345642
0.265017931223822	0.243272816688613	12.8895652270646	1.08938571448796	0.295932333189637	0.522095809345642	WP_003040744	lmer	mixed	0.522095809345642
0.147842575545913	0.136834820285788	14.5166523609732	1.08044557106981	0.297567687485966	0.524151613818091	WP_003036474	lmer	mixed	0.524151613818091
0.323454292761298	0.278117277689979	4.8942384358226	1.16301401857477	0.298373582859012	0.524277807313348	WP_003039419	lmer	mixed	0.524277807313348
-0.274971757628558	0.254853109892732	14.0560411074773	-1.07894213158432	0.298780978797927	0.524277807313348	WP_003034840	lmer	mixed	0.524277807313348
0.105007669417019	0.0978963242716986	16.3069781315918	1.07264159505707	0.29904994210878	0.524277807313348	WP_003039993	lmer	mixed	0.524277807313348
-0.0668746348018569	0.0608151344227186	8.8895652270646	-1.09963803314187	0.300375814338692	0.525006456321273	WP_003040353	lmer	mixed	0.525006456321273
-0.2268100948115	0.21137731021127	14.8385540700034	-1.07301060168097	0.300407281733607	0.525006456321273	WP_003041257	lmer	mixed	0.525006456321273
-0.236046833199979	0.219403671264839	13.1205540627114	-1.07585635116858	0.301377290192413	0.525877431243413	WP_003039282	lmer	mixed	0.525877431243413
0.222456970090797	0.208403227656571	13.9751469587532	1.06743533961664	0.303868498474388	0.529395899685849	WP_003033385	lmer	mixed	0.529395899685849
-0.0552882765670416	0.0522794664631924	17.6949588862399	-1.05755242559653	0.304484196824786	0.529640997596937	WP_003034368	lmer	mixed	0.529640997596937
-0.296439649049292	0.280205465247753	14.5674734921342	-1.05793671364398	0.30731276954768	0.533728563934054	WP_003041384	lmer	mixed	0.533728563934054
0.157681067102379	0.149618336282292	14.6103075081675	1.05388865442853	0.309051635962371	0.535390470921954	WP_003039901	lmer	mixed	0.535390470921954
0.127888312072148	0.121543717537494	14.8081623016642	1.0522001026725	0.309575636129796	0.535390470921954	WP_011733570	lmer	mixed	0.535390470921954
-0.120312471746592	0.114229577749024	14.2899617251708	-1.05325147932291	0.309710182730637	0.535390470921954	WP_011733639	lmer	mixed	0.535390470921954
-0.118442855393962	0.113555348401612	15.9396003812552	-1.04304074674725	0.312491562779397	0.539362372289517	WP_003038756	lmer	mixed	0.539362372289517
-0.117289468569596	0.112164230460102	14.1455285278849	-1.04569405137868	0.313243121556067	0.539823926638354	WP_003034470	lmer	mixed	0.539823926638354
-0.133141229790934	0.128335605183167	15.3592460635007	-1.037445762623	0.31558608005921	0.541200904578588	WP_003038348	lmer	mixed	0.541200904578588
0.224978058852004	0.216268038670519	14.0161706074851	1.04027419046767	0.315825521960462	0.541200904578588	WP_003025263	lmer	mixed	0.541200904578588
-0.226511476655686	0.21782604418762	13.9833607281045	-1.03987325069625	0.316045876475784	0.541200904578588	WP_003019758	lmer	mixed	0.541200904578588
-0.130966908869298	0.126418989436722	15.1081765644497	-1.03597497063409	0.316511894634557	0.541200904578588	WP_003039065	lmer	mixed	0.541200904578588
-0.283139646727646	0.268304636625304	9.8228357697384	-1.05529166506004	0.316555921621166	0.541200904578588	WP_003039646	lmer	mixed	0.541200904578588
0.0558467436825058	0.0542453979459388	17.8895652270646	1.02952039799142	0.316954431111945	0.541200904578588	WP_003040829	lmer	mixed	0.541200904578588
-0.0610477375496522	0.0590990268087548	14.7163778887008	-1.03297365195544	0.318294187440612	0.541369902536312	WP_003039791	lmer	mixed	0.541369902536312
-0.0830965152651074	0.0804768270866507	14.8895652270646	-1.03255208080751	0.318294547071263	0.541369902536312	WP_003040447	lmer	mixed	0.541369902536312
-0.221137067139317	0.213852086230706	14.1053072686595	-1.03406551246244	0.318510005438404	0.541369902536312	WP_003032780	lmer	mixed	0.541369902536312
0.0652766928883884	0.0636946293076795	16.8895652270646	1.02483825713259	0.319894823504571	0.542896085551898	WP_003038404	lmer	mixed	0.542896085551898
-0.105780951660556	0.10469736168792	17.8895652270646	-1.01034973522892	0.325798889024044	0.551462619528758	WP_003040462	lmer	mixed	0.551462619528758
0.225841964774355	0.219786214271687	11.1522707670888	1.02755291328318	0.325931718627311	0.551462619528758	WP_003025316	lmer	mixed	0.551462619528758
-0.156927642510275	0.155867032137207	14.5958162148929	-1.00680458438533	0.330428959807338	0.558086532456408	WP_003014123	lmer	mixed	0.558086532456408
-0.186837286967164	0.185909364358836	14.9914798379307	-1.0049912634123	0.330847711169225	0.558086532456408	WP_003041344	lmer	mixed	0.558086532456408
0.427770481608134	0.424403095243721	12.8895652270646	1.00793440576224	0.332033587820891	0.558411001449562	WP_003033690	lmer	mixed	0.558411001449562
0.339973325466074	0.338296196609859	13.9416803809623	1.00495757526399	0.332041698619784	0.558411001449562	WP_003040395	lmer	mixed	0.558411001449562
0.250752806909606	0.250456013900335	14.0976217561822	1.00118501051202	0.333613194135543	0.559654641039703	WP_003039049	lmer	mixed	0.559654641039703
-0.30878292216215	0.310977661804458	17.8895652270646	-0.992942452427056	0.333979466418069	0.559654641039703	WP_003040573	lmer	mixed	0.559654641039703
-0.0945059851118309	0.0953329516678003	17.8895652270646	-0.991325490908421	0.334746601116023	0.559654641039703	WP_003027088	lmer	mixed	0.559654641039703
0.0812538757546473	0.0815635325348882	15.1584225608371	0.996203489836485	0.334788919796845	0.559654641039703	WP_003038514	lmer	mixed	0.559654641039703
-0.151555444918881	0.152143157612394	14.3299349633155	-0.996137107295938	0.335707820236631	0.560328396657245	WP_003021830	lmer	mixed	0.560328396657245
-0.378118039198366	0.381973822920221	16.8821166470046	-0.989905633605002	0.336197037994347	0.560328396657245	WP_003042287	lmer	mixed	0.560328396657245
0.0777133106514643	0.0783662805538904	14.6761155735272	0.991667718592602	0.337428976735631	0.5615422523287	WP_003035125	lmer	mixed	0.5615422523287
-0.138647893323166	0.139842094725058	14.1654174798287	-0.991460358168695	0.33809546488758	0.561812881296053	WP_003040252	lmer	mixed	0.561812881296053
-0.15974520506332	0.161347393105645	14.1928869002598	-0.990069947760012	0.33871971598462	0.562012623992339	WP_003014068	lmer	mixed	0.562012623992339
0.335366233227574	0.327389557283751	6.65610255330426	1.024364478849	0.341442524494704	0.565688580700736	WP_003040562	lmer	mixed	0.565688580700736
-0.0675951895612575	0.069631162536408	17.8895652270646	-0.970760606300578	0.344610703165357	0.569263874570701	WP_011733733	lmer	mixed	0.569263874570701
0.0727171355965453	0.0747082421838045	15.9879429243755	0.973348234022687	0.344877673795305	0.569263874570701	WP_003037945	lmer	mixed	0.569263874570701
0.0912562346347225	0.0935272742035077	14.5652292010031	0.97571788990831	0.345132178663492	0.569263874570701	WP_003039393	lmer	mixed	0.569263874570701
0.0628834497106289	0.0647809488324493	14.7033324504671	0.970708994603828	0.347391927558738	0.571294583303516	WP_011733683	lmer	mixed	0.571294583303516
-0.12384364595712	0.128367535527913	17.8895652270646	-0.964758304720981	0.347527357681542	0.571294583303516	WP_003018671	lmer	mixed	0.571294583303516
0.121235568506552	0.124873835031171	14.1672514248446	0.970864460727817	0.347900468218015	0.571294583303516	WP_011733711	lmer	mixed	0.571294583303516
0.278771899290074	0.288682809695063	13.8895652270646	0.965668512041095	0.350723866122074	0.57508398636193	WP_003015471	lmer	mixed	0.57508398636193
-0.11077719404071	0.115429309191084	14.5164687900558	-0.959697279807222	0.35292065163445	0.57783630921059	WP_003032711	lmer	mixed	0.57783630921059
-0.0983189709520282	0.103241157083183	17.8895652270646	-0.95232341180379	0.353623851433175	0.578087084150733	WP_011733664	lmer	mixed	0.578087084150733
0.0957653413177744	0.100443960957096	16.217344186073	0.953420597965865	0.354372889148885	0.578087084150733	WP_003040726	lmer	mixed	0.578087084150733
0.13469876090169	0.140757775065469	14.1738211034502	0.956954319852235	0.354629206779463	0.578087084150733	WP_003040369	lmer	mixed	0.578087084150733
-0.126922164427248	0.133240252612956	14.5263375708688	-0.952581235311367	0.356385021311177	0.580101166075857	WP_003013731	lmer	mixed	0.580101166075857
0.138228068288828	0.147740841934257	14.5431552948058	0.935611754198194	0.36475002294207	0.592851713674064	WP_003038515	lmer	mixed	0.592851713674064
-0.103132309689134	0.111657213655789	14.6048661780707	-0.923651113192427	0.370677079529377	0.601608360517111	WP_003025739	lmer	mixed	0.601608360517111
-0.264784424664194	0.273552790569136	5.62416589817722	-0.96794634817397	0.372831482387926	0.60412966003075	WP_011733647	lmer	mixed	0.60412966003075
-0.034774965355667	0.0380830442965917	17.8895652270646	-0.91313512346436	0.373314202476401	0.60412966003075	WP_003038670	lmer	mixed	0.60412966003075
0.170606245211459	0.185136405152329	12.2401462539878	0.921516462799875	0.374587370470945	0.605311475471165	WP_003038479	lmer	mixed	0.605311475471165
0.0974738292644872	0.107044671367691	15.2187718358816	0.910590205183327	0.376708612348727	0.607858325280507	WP_011733686	lmer	mixed	0.607858325280507
-0.107038936424734	0.117480435802125	14.1225216484276	-0.911121376882034	0.377521150227769	0.60828913656642	WP_003038739	lmer	mixed	0.60828913656642
0.16359629690616	0.18061484017654	14.0386207672802	0.905774391219764	0.380338529227894	0.610929396575198	WP_003041015	lmer	mixed	0.610929396575198
-0.0619421365900856	0.0684844507715872	14.4963559078969	-0.904470078860356	0.380532193736162	0.610929396575198	WP_003038527	lmer	mixed	0.610929396575198
0.210167800506214	0.232400464723466	14.2976724144753	0.904334682619043	0.380803525219518	0.610929396575198	WP_011733694	lmer	mixed	0.610929396575198
-0.129868583005938	0.138349820534919	6.50157908650796	-0.938697155542463	0.381437173262635	0.611066735902066	WP_003036963	lmer	mixed	0.611066735902066
0.979789230486119	1.05730919324791	7.54028956416812	0.926681841738591	0.382794482940545	0.612228789854302	WP_003041518	lmer	mixed	0.612228789854302
-0.057256303499976	0.0640576508817913	17.0346509139853	-0.893824589441062	0.383870411824413	0.612228789854302	WP_003038296	lmer	mixed	0.612228789854302
0.177971973228759	0.198355922088531	14.3653903855996	0.897235491407844	0.384383854390089	0.612228789854302	WP_003035545	lmer	mixed	0.612228789854302
0.154404444808686	0.16768651786381	7.8895652270646	0.920792242427555	0.384449667039062	0.612228789854302	WP_003039863	lmer	mixed	0.612228789854302
0.121682306250849	0.136095629707497	15.5423214224732	0.894094149182993	0.384907965639341	0.612228789854302	WP_003038547	lmer	mixed	0.612228789854302
0.295817547833286	0.30753143534955	4.43219932264039	0.961909950756906	0.385585644586626	0.612433039478758	WP_003040187	lmer	mixed	0.612433039478758
0.100059126749731	0.112074544852368	14.1170570964019	0.892790837397876	0.386935283206717	0.612466632574305	WP_003040990	lmer	mixed	0.612466632574305
-0.0509656024687592	0.0574743431066031	17.3742457805903	-0.88675397949705	0.387321479613125	0.612466632574305	WP_003018629	lmer	mixed	0.612466632574305
-0.127660312702565	0.143695072425637	15.820606801375	-0.888411206783935	0.387627867929987	0.612466632574305	WP_003040737	lmer	mixed	0.612466632574305
-0.184548232100581	0.207614541562165	14.9800850589107	-0.888898391759918	0.38810902980914	0.612466632574305	WP_003040120	lmer	mixed	0.612466632574305
0.599818009823245	0.644954682699138	5.93305304497133	0.930015745157481	0.388636938668735	0.612466632574305	WP_003041569	lmer	mixed	0.612466632574305
-0.138230231929578	0.156040235284907	15.8885143141804	-0.885862749932344	0.388902579248976	0.612466632574305	WP_003036243	lmer	mixed	0.612466632574305
-0.0627814896991806	0.0712636540924061	15.4996858417969	-0.880974888233672	0.391787765995262	0.61534406591552	WP_003020808	lmer	mixed	0.61534406591552
-0.0925870832794885	0.104825199204265	14.175468997868	-0.88325215675547	0.39183344107625	0.61534406591552	WP_003039225	lmer	mixed	0.61534406591552
0.0661237802874856	0.0754881599146946	17.8365611989655	0.875949027797324	0.392701838609545	0.615840436075447	WP_003039752	lmer	mixed	0.615840436075447
-0.105530870295396	0.120425121538157	15.4907742212776	-0.876319400366627	0.394242994068183	0.617388958407337	WP_003038988	lmer	mixed	0.617388958407337
0.115695067952871	0.1321084822713	14.5058501086993	0.875758058557347	0.39543218735005	0.6183827333735	WP_003040258	lmer	mixed	0.6183827333735
-0.0969880641451752	0.112728197072844	14.5323155881909	-0.860370933480845	0.40355605184843	0.628789845077261	WP_003017341	lmer	mixed	0.628789845077261
0.131958765291885	0.153451207428539	14.655149667054	0.859939569738064	0.403670948752245	0.628789845077261	WP_003040333	lmer	mixed	0.628789845077261
-0.039109601538116	0.0455698310748871	15.5733509576717	-0.858234507690961	0.403778949843335	0.628789845077261	WP_003038465	lmer	mixed	0.628789845077261
0.44391830588678	0.516695324260179	14.1976321388346	0.859149067242667	0.404531304477112	0.62908285145325	WP_003038674	lmer	mixed	0.62908285145325
-0.547071425142022	0.632991899693375	9.49722455210417	-0.864262916171639	0.408741320969245	0.634177533682788	WP_003016952	lmer	mixed	0.634177533682788
0.0693704643006389	0.0818380474056552	16.2459072784036	0.847655418228432	0.40894497463491	0.634177533682788	WP_003038549	lmer	mixed	0.634177533682788
0.0699544077363458	0.0834097692446472	17.8895652270646	0.838683626268816	0.412713554093612	0.638923719130408	WP_003039948	lmer	mixed	0.638923719130408
-0.376839571271245	0.449415147865169	16.8895652270646	-0.838511058341767	0.413454082480607	0.638923719130408	WP_003038974	lmer	mixed	0.638923719130408
0.0643794650147628	0.0765634968369562	14.8895652270646	0.840863697120057	0.413724596602829	0.638923719130408	WP_003038949	lmer	mixed	0.638923719130408
-0.210303914435499	0.251021301760805	13.9283829769269	-0.837793099471278	0.416292207090753	0.64199973845946	WP_003040064	lmer	mixed	0.64199973845946
-0.064390237164145	0.0772776299217725	15.3920508029523	-0.833232556812711	0.417456333722246	0.6429058178181	WP_003035182	lmer	mixed	0.6429058178181
-0.0889852332130506	0.108008597134732	16.2059737814712	-0.823871761819561	0.421972335707285	0.648964350777411	WP_003034398	lmer	mixed	0.648964350777411
0.0623044450368034	0.0754833610228677	14.4445746272605	0.825406343762678	0.422564147627461	0.648979372733635	WP_003034109	lmer	mixed	0.648979372733635
-0.263350414475527	0.319935922310333	14.4158070588442	-0.82313487205129	0.423839495942755	0.650042693227196	WP_003037818	lmer	mixed	0.650042693227196
0.0425538162245956	0.0523318067599521	17.8895652270646	0.81315396618717	0.426820057202402	0.652946549532844	WP_003039076	lmer	mixed	0.652946549532844
-0.0747905050547903	0.0917103523126832	15.8012302246456	-0.815507771683121	0.426904066914299	0.652946549532844	WP_003038522	lmer	mixed	0.652946549532844
0.0348531241753696	0.0428827146023866	15.8561485259265	0.812754614499845	0.428393891099324	0.654089263721368	WP_003018337	lmer	mixed	0.654089263721368
-0.0982193354340408	0.120607132148429	14.2567374647577	-0.814374189025274	0.428824441058583	0.654089263721368	WP_003041590	lmer	mixed	0.654089263721368
-0.154692107477471	0.190232303405859	14.0717870570101	-0.813174759007339	0.429662452137195	0.654472177777286	WP_011733680	lmer	mixed	0.654472177777286
0.156139848244322	0.192455390295807	14.2277270855113	0.811304105353105	0.430554921965353	0.654936886754937	WP_003038505	lmer	mixed	0.654936886754937
-0.135909414338532	0.167620257987829	13.6249447115743	-0.810817355670698	0.431406425531346	0.655338098729496	WP_003039974	lmer	mixed	0.655338098729496
0.0590692601898867	0.0733686237125551	14.8708572438526	0.805102470250898	0.433445185978887	0.657539295736679	WP_003040011	lmer	mixed	0.657539295736679
-0.0587522967929959	0.0734581720716264	17.8895652270646	-0.799806136418813	0.434315569229733	0.657964483276023	WP_003038779	lmer	mixed	0.657964483276023
-0.12378922278033	0.155802569568803	17.8895652270609	-0.794526195061655	0.437303195812923	0.661210720623179	WP_003018004	lmer	mixed	0.661210720623179
0.0521980068582805	0.0655211881500151	15.5499275094214	0.796658429617756	0.437644405219647	0.661210720623179	WP_003038273	lmer	mixed	0.661210720623179
0.108258457738453	0.137075511118994	16.861826308906	0.789772417076559	0.440626270861137	0.664539190672202	WP_003040773	lmer	mixed	0.664539190672202
-0.141629712321223	0.179079089789682	14.4402190028961	-0.790877999701464	0.441811811970202	0.664539190672202	WP_003039798	lmer	mixed	0.664539190672202
-0.17269890244946	0.218434801941693	14.361510454144	-0.790619905410302	0.442026740737851	0.664539190672202	WP_003038710	lmer	mixed	0.664539190672202
0.0684212054305089	0.0867540701024042	15.4527819041732	0.788680062500178	0.442231461415941	0.664539190672202	WP_003038819	lmer	mixed	0.664539190672202
0.0916218416448967	0.116647327611221	14.7526477120794	0.78546027175408	0.444616142063236	0.666745025800444	WP_011733678	lmer	mixed	0.666745025800444
-0.176948623787486	0.225064797484917	13.9485384465274	-0.786211907703356	0.444895335601372	0.666745025800444	WP_003034965	lmer	mixed	0.666745025800444
0.0836634950405817	0.106821681033223	14.6537747281993	0.783207062754997	0.445979768025297	0.667473075635177	WP_003032835	lmer	mixed	0.667473075635177
-0.0725466469253564	0.093203990342579	16.8725273538316	-0.778364173665796	0.44713323221803	0.668302351103355	WP_003038884	lmer	mixed	0.668302351103355
-0.154750473212081	0.197103995847511	10.3129771093831	-0.785120933478197	0.45004266576697	0.671750431499561	WP_003041055	lmer	mixed	0.671750431499561
0.138150991502672	0.178572889969923	14.3728978220601	0.773639221081886	0.451681873460583	0.673295840786832	WP_004339137	lmer	mixed	0.673295840786832
-1.28083513206702	1.65627115541045	13.628838302419	-0.773324541626523	0.452535385259436	0.673667496080469	WP_003034340	lmer	mixed	0.673667496080469
-0.313962027931609	0.407506278503079	10.4849875157309	-0.770447093686282	0.458043388125793	0.680957837013679	WP_003041158	lmer	mixed	0.680957837013679
0.175801127562783	0.231066134882557	14.5802942438149	0.760826019148745	0.458889528676377	0.681307356157338	WP_011733725	lmer	mixed	0.681307356157338
0.045159395515973	0.0596882285151574	15.1996198256061	0.756587967835317	0.460863911764168	0.683328805341818	WP_003027135	lmer	mixed	0.683328805341818
0.166990150924601	0.220248988127234	11.1884920716552	0.758188050462843	0.464009813046001	0.687079603647134	WP_003039445	lmer	mixed	0.687079603647134
-0.0856134419170946	0.114449917070677	15.7580484268164	-0.748042847984112	0.465452627120701	0.687636741523143	WP_003038326	lmer	mixed	0.687636741523143
0.426030524067555	0.55753540231237	8.43736353260047	0.764131788404107	0.465619497623294	0.687636741523143	WP_003038493	lmer	mixed	0.687636741523143
0.166162958794139	0.224128840221242	16.9030337243179	0.741372500879924	0.468643587473025	0.691187301630189	WP_003038642	lmer	mixed	0.691187301630189
0.0715709626188712	0.0964961580060762	14.4222225330553	0.741697535920182	0.47017729798616	0.692533272463102	WP_003037605	lmer	mixed	0.692533272463102
-0.110505018072857	0.150170105498506	14.182311711152	-0.735865621896073	0.473808157854051	0.696939479078805	WP_011733724	lmer	mixed	0.696939479078805
-0.078725161170566	0.107738026537573	17.8895652270646	-0.730709144213915	0.474418892036604	0.696939479078805	WP_003040437	lmer	mixed	0.696939479078805
0.0782344304772221	0.107873884361028	15.68191000442	0.725239764384403	0.478988326955051	0.700621774627693	WP_011733574	lmer	mixed	0.700621774627693
-0.211667040902317	0.288707912316648	10.7836067765647	-0.733152892152695	0.479100140478774	0.700621774627693	WP_011733714	lmer	mixed	0.700621774627693
0.0386541454311339	0.0533219216274716	15.3987590517079	0.724920337665009	0.479372530298005	0.700621774627693	WP_003040481	lmer	mixed	0.700621774627693
0.111956860198763	0.154174432183006	14.3168199345355	0.726170082895909	0.479438936359578	0.700621774627693	WP_003033745	lmer	mixed	0.700621774627693
-0.182531718566991	0.253092912010432	13.974425963197	-0.721204387420647	0.482676154641485	0.704429204745099	WP_011733656	lmer	mixed	0.704429204745099
-0.107885594726426	0.150580443841612	14.668166227827	-0.716464847453264	0.484956298860508	0.70683172971172	WP_003022431	lmer	mixed	0.70683172971172
0.0669821737838669	0.0942636134384959	15.6906176274852	0.710583557541752	0.48777085399826	0.707409403518761	WP_003039499	lmer	mixed	0.707409403518761
-0.0743328508924319	0.104380408822265	14.2445710553355	-0.712134122975157	0.487882503779993	0.707409403518761	WP_003035506	lmer	mixed	0.707409403518761
0.183473373012518	0.256141856394125	11.5651453143491	0.716295944736995	0.488020983255489	0.707409403518761	WP_003040422	lmer	mixed	0.707409403518761
0.0759485134380964	0.10680845779184	14.2931016760866	0.711072091183204	0.488482096369203	0.707409403518761	WP_003038972	lmer	mixed	0.707409403518761
-0.2502932552228	0.353176847515356	15.8895652270646	-0.708691005607091	0.488784139616603	0.707409403518761	WP_003022063	lmer	mixed	0.707409403518761
0.0492379697646272	0.0696292295762474	15.7549698853238	0.707145117995442	0.489804621501283	0.707409403518761	WP_003039002	lmer	mixed	0.707409403518761
0.0708321597820037	0.10030868475224	15.5625405289854	0.706141845613441	0.490537103631591	0.707409403518761	WP_003038473	lmer	mixed	0.707409403518761
0.0750087406320178	0.106077807022192	14.5004955567284	0.707110589270813	0.49070629563045	0.707409403518761	WP_003038637	lmer	mixed	0.707409403518761
-0.161850658158324	0.230505278508949	17.8895652270646	-0.702155973196254	0.491617455955196	0.707409403518761	WP_003038726	lmer	mixed	0.707409403518761
-0.0567205227141491	0.0804515744231848	14.8602932807852	-0.705026882578984	0.491697119037704	0.707409403518761	WP_003040622	lmer	mixed	0.707409403518761
-0.0839402561094119	0.120916003376829	17.8895652270646	-0.694203031569081	0.496471801893402	0.712626487742353	WP_003037531	lmer	mixed	0.712626487742353
0.0934485238695309	0.134176914418948	14.4361316068253	0.69645754095784	0.497203956139563	0.712626487742353	WP_003038470	lmer	mixed	0.712626487742353
0.129959848968057	0.186769427529205	14.1007523285496	0.695830418753815	0.497844119026811	0.712626487742353	WP_003040711	lmer	mixed	0.712626487742353
-0.0948061185094573	0.136512860339684	14.9805595177514	-0.694484887896658	0.498008255418951	0.712626487742353	WP_003021127	lmer	mixed	0.712626487742353
0.0744179964136847	0.107179445281026	14.4072809718438	0.694330859975618	0.498518977972229	0.712626487742353	WP_003038584	lmer	mixed	0.712626487742353
0.0732478802502242	0.108171385196177	14.2281338573303	0.677146549592426	0.509173834730489	0.726715164881327	WP_003041263	lmer	mixed	0.726715164881327
0.164344206193025	0.238006805226497	7.8895652270646	0.690502130964818	0.5096782591365	0.726715164881327	WP_003026380	lmer	mixed	0.726715164881327
0.063340886950682	0.0955455472046054	16.9072383382819	0.662939182451287	0.516306555777245	0.735225810589563	WP_011733619	lmer	mixed	0.735225810589563
0.236540314328199	0.356626444322395	14.7732716506962	0.663271942095139	0.517373135473047	0.735804905679142	WP_003039482	lmer	mixed	0.735804905679142
-0.118888694649176	0.179406007373988	13.9613628126555	-0.662679563462677	0.518327013499404	0.736222445925905	WP_003037043	lmer	mixed	0.736222445925905
0.053132103053922	0.0806729931664862	15.0814721755929	0.658610781234711	0.520074647787335	0.737764926568547	WP_003020229	lmer	mixed	0.737764926568547
0.162410748794482	0.247867498838292	16.1651039168369	0.655232128276884	0.521534398506092	0.738895621771655	WP_003041458	lmer	mixed	0.738895621771655
-0.243321041045433	0.372066773986681	16.1998083149669	-0.653971432165944	0.522306199193203	0.739050015355865	WP_003040513	lmer	mixed	0.739050015355865
0.0568701021224287	0.0873235064418849	14.5641841991204	0.651257656038773	0.525023626391484	0.741953540464519	WP_011733677	lmer	mixed	0.741953540464519
0.137040326502821	0.211052172395918	11.8895652270646	0.649319667962209	0.528476279028469	0.74588740647689	WP_003041395	lmer	mixed	0.74588740647689
0.149124651629111	0.231379656688942	14.5820694077106	0.644502000578163	0.529258965235057	0.746047719642337	WP_003036658	lmer	mixed	0.746047719642337
-0.064361339908426	0.101059741271333	14.2572912324042	-0.636864285409394	0.534306163841485	0.750090048294019	WP_003038714	lmer	mixed	0.750090048294019
0.184911752790648	0.283506538988501	7.16783231726911	0.652230997741283	0.534601586160571	0.750090048294019	WP_011733594	lmer	mixed	0.750090048294019
0.0468453093339628	0.0737052551909429	14.7382739006195	0.635576245039842	0.534797538031003	0.750090048294019	WP_003037973	lmer	mixed	0.750090048294019
0.0507459225085792	0.0800943315876532	16.9419953406283	0.633576952359533	0.534817568066139	0.750090048294019	WP_003034932	lmer	mixed	0.750090048294019
-0.233628192153171	0.370125365319218	16.5556473798444	-0.631213675268315	0.536519013962575	0.751531030864662	WP_011733691	lmer	mixed	0.751531030864662
-0.122048039362034	0.193097105066758	13.2367148539113	-0.63205525178557	0.538115117977625	0.752821024523277	WP_003034440	lmer	mixed	0.752821024523277
0.083130312318043	0.133013702503447	14.4276424614196	0.624975553296013	0.541746096862851	0.755683866464117	WP_003038931	lmer	mixed	0.755683866464117
-0.0733493479559295	0.117491997164938	14.5958327921728	-0.62429228990771	0.542071391115417	0.755683866464117	WP_003039809	lmer	mixed	0.755683866464117
0.121671883620551	0.194841687697173	14.2455260759232	0.624465354712264	0.542194702395779	0.755683866464117	WP_003040378	lmer	mixed	0.755683866464117
-0.062949325997093	0.101383078374446	16.1190483430133	-0.620905648224621	0.543342531335332	0.756338230260794	WP_003040982	lmer	mixed	0.756338230260794
0.380291902416784	0.602840234356054	6.22976318435937	0.630833645041969	0.550577709676849	0.765454047742751	WP_011733692	lmer	mixed	0.765454047742751
-0.0780549357589063	0.128115088788635	14.5683010184071	-0.609256384216239	0.551738264479394	0.76611228504922	WP_003039688	lmer	mixed	0.76611228504922
-0.0880968203615296	0.14539615481425	15.1308787212945	-0.605908873409184	0.553556734521671	0.767195054203267	WP_003034079	lmer	mixed	0.767195054203267
0.139386572609333	0.229971688436892	14.3798126657111	0.606103184077737	0.553894187115363	0.767195054203267	WP_003034389	lmer	mixed	0.767195054203267
-0.0911620504577655	0.150875939607849	14.6641215745578	-0.604218609638557	0.554931941521829	0.767678802477469	WP_003017803	lmer	mixed	0.767678802477469
-0.104599335756242	0.173325257719206	12.5239058213603	-0.60348582273968	0.556958045094337	0.768727257166432	WP_003039457	lmer	mixed	0.768727257166432
0.185815555606938	0.309476128390806	15.2084505723728	0.600419672344779	0.55706872088832	0.768727257166432	WP_003041366	lmer	mixed	0.768727257166432
0.133259125226678	0.221568090452406	10.6921018658331	0.601436447615649	0.560084640124602	0.770595351318467	WP_003032993	lmer	mixed	0.770595351318467
0.124532142514765	0.209624706697668	16.5695560656679	0.594071874811835	0.56048821261442	0.770595351318467	WP_003039968	lmer	mixed	0.770595351318467
-0.0407197765320449	0.0687587109125428	17.8895652270646	-0.59221262283172	0.561119342421119	0.770595351318467	WP_003022558	lmer	mixed	0.770595351318467
-0.0573565451018197	0.0964316704785732	14.4439593836858	-0.594789500349515	0.561186928493807	0.770595351318467	WP_003040146	lmer	mixed	0.770595351318467
0.104010403068729	0.175173728671696	12.0003419376844	0.593755718151442	0.563700482445485	0.773094757597436	WP_003039286	lmer	mixed	0.773094757597436
0.0560095122879204	0.0955447028102518	17.8895652270646	0.586212638069043	0.56505652003475	0.773120540267346	WP_011733649	lmer	mixed	0.773120540267346
-0.0913647079356611	0.155222638175937	14.6270884820819	-0.5886042719626	0.56510604512815	0.773120540267346	WP_003039932	lmer	mixed	0.773120540267346
0.095747829707329	0.163398980085525	15.012450165187	0.585975687591277	0.566598106589474	0.773867966568118	WP_003040040	lmer	mixed	0.773867966568118
-0.0606912827672111	0.103615729673401	14.5316043639626	-0.585734260218131	0.567040474157984	0.773867966568118	WP_011733562	lmer	mixed	0.773867966568118
-0.0598731295676457	0.102835576268677	14.4737224809271	-0.582221948279999	0.569376256641616	0.77610577769609	WP_003040767	lmer	mixed	0.77610577769609
-0.047778840577463	0.0831170456049748	17.8895652270646	-0.574838051926659	0.572559877315757	0.779492384868216	WP_003032611	lmer	mixed	0.779492384868216
-0.0428985533913742	0.0746056916282667	14.4673979016411	-0.575003762516166	0.574122871060181	0.780667074673295	WP_003041303	lmer	mixed	0.780667074673295
0.172302411927662	0.299727088394768	12.7044058267388	0.574864330249403	0.575422418307267	0.781259724632516	WP_003039284	lmer	mixed	0.781259724632516
0.0487168050902934	0.0851925627290138	14.8895652270646	0.571843404279961	0.575960083989173	0.781259724632516	WP_003015034	lmer	mixed	0.781259724632516
0.0941175508187942	0.167228988515559	14.2799513714965	0.56280643478291	0.582295640709499	0.788468739357064	WP_003041030	lmer	mixed	0.788468739357064
0.0586050628139811	0.104236617716424	14.2604218287002	0.562231047954919	0.582689005587642	0.788468739357064	WP_003039351	lmer	mixed	0.788468739357064
0.153959827209667	0.273181507303495	11.3705662175872	0.563580707674412	0.583983142659794	0.789262065534146	WP_003016724	lmer	mixed	0.789262065534146
-0.0746033099368037	0.133940401027643	14.0571508636382	-0.556988849999091	0.58629454222047	0.790682972293532	WP_003035232	lmer	mixed	0.790682972293532
-0.0886105000476562	0.157387851970143	9.17910422781258	-0.563007239367279	0.58691666085106	0.790682972293532	WP_011733577	lmer	mixed	0.790682972293532
-0.0727259225532693	0.131348350316959	15.3094504275622	-0.553687369333326	0.587789061176953	0.790682972293532	WP_003039788	lmer	mixed	0.790682972293532
-0.0322646282810713	0.0582450773617996	14.8315577275854	-0.553946011276693	0.587871017068464	0.790682972293532	WP_003038452	lmer	mixed	0.790682972293532
-0.163613252944493	0.294426963726269	11.0963406100486	-0.555700642610319	0.58944403588808	0.791843493994228	WP_003024743	lmer	mixed	0.791843493994228
-0.0795734646030539	0.144674956068377	14.2890781660587	-0.550015474450502	0.59080318538532	0.792714261979099	WP_003037645	lmer	mixed	0.792714261979099
-0.0674082239234285	0.124460525606106	14.508291434666	-0.541603240024573	0.596311831459485	0.797386235773512	WP_011733589	lmer	mixed	0.797386235773512
-0.0446041351639109	0.0827044960815134	17.8895652270646	-0.5393193511505	0.596315716426391	0.797386235773512	WP_003040267	lmer	mixed	0.797386235773512
0.0691581609288222	0.127770687003297	13.5757800216445	0.541267817766664	0.597093857354756	0.797386235773512	WP_003021790	lmer	mixed	0.797386235773512
0.0927921752427059	0.171761502300194	13.5148161389888	0.540238493492735	0.597823130984392	0.797386235773512	WP_003039215	lmer	mixed	0.797386235773512
0.129075305198141	0.237744830232334	11.1633158572476	0.542915297346334	0.597860890678615	0.797386235773512	WP_011733600	lmer	mixed	0.797386235773512
-0.0601041224789886	0.11206714657596	16.2455645811367	-0.536322413083388	0.599003622915167	0.797787947003398	WP_003039383	lmer	mixed	0.797787947003398
0.058608412658095	0.109252718920296	14.5013646736209	0.536448092434677	0.599782469221672	0.797787947003398	WP_003041123	lmer	mixed	0.797787947003398
-0.221941789861665	0.408540072951377	8.8895652270646	-0.543255862903024	0.600308598686862	0.797787947003398	WP_003038401	lmer	mixed	0.797787947003398
-0.0616744449922992	0.117027205739672	14.2554830778848	-0.527009464188134	0.606291581042635	0.804084943170325	WP_003039734	lmer	mixed	0.804084943170325
0.108014099423048	0.205342928523391	14.0221050763833	0.526018111262806	0.607095530180908	0.804084943170325	WP_003032557	lmer	mixed	0.804084943170325
0.076461140924334	0.143976439962571	9.78912545234319	0.531067033913405	0.60721033376629	0.804084943170325	WP_003034158	lmer	mixed	0.804084943170325
-0.103649459639682	0.191310093667132	4.8895652270646	-0.541787720934506	0.611728552750647	0.809107160518353	WP_003041109	lmer	mixed	0.809107160518353
-0.103993902861367	0.196940944558133	6.8895652270646	-0.528046126186167	0.614041300189992	0.810122116155861	WP_003032672	lmer	mixed	0.810122116155861
0.0273637000394388	0.0533567697224911	17.8895652270646	0.512844015515887	0.614334893896202	0.810122116155861	WP_003016007	lmer	mixed	0.810122116155861
-0.129284994555395	0.251433670950911	14.1371767466054	-0.514191253965488	0.615061631719848	0.810122116155861	WP_003040943	lmer	mixed	0.810122116155861
-0.0367196219220267	0.0717881547479258	15.7837660731344	-0.511499732107094	0.616082212251082	0.810122116155861	WP_003019771	lmer	mixed	0.810122116155861
0.0562936431156823	0.110313437148328	16.6076681492263	0.510306310553896	0.616552246813132	0.810122116155861	WP_003040775	lmer	mixed	0.810122116155861
-0.105626166340862	0.198094239712616	4.8895652270646	-0.533211700118581	0.617220804025115	0.810122116155861	WP_003040087	lmer	mixed	0.810122116155861
-0.0630157262177634	0.12344667721814	14.1704446325227	-0.510469197209818	0.617581882271284	0.810122116155861	WP_003038447	lmer	mixed	0.810122116155861
0.0827131935043469	0.163522470684178	14.8895652270646	0.50582157399087	0.620387749638637	0.81240617507905	WP_003039710	lmer	mixed	0.81240617507905
0.101893083399913	0.201915961381425	15.8057973043384	0.504631148042002	0.620780323916906	0.81240617507905	WP_003038489	lmer	mixed	0.81240617507905
0.185940343448813	0.367057552953412	11.1632117887157	0.506569996864805	0.622312189539932	0.813456144592057	WP_003041295	lmer	mixed	0.813456144592057
0.116838963554654	0.228575086867893	7.29671881494558	0.511162284375208	0.62433848910301	0.815149198301939	WP_003033798	lmer	mixed	0.815149198301939
0.0567168813633853	0.115391707267515	14.0846728538644	0.491516095102896	0.630632494292852	0.819453808137934	WP_003040388	lmer	mixed	0.819453808137934
0.0502648920147284	0.102348429464935	14.3566206612378	0.491115420896121	0.630767227974501	0.819453808137934	WP_003038544	lmer	mixed	0.819453808137934
-0.479028473428325	0.963332724691071	8.8895652270646	-0.497261705276278	0.63107074470756	0.819453808137934	WP_003038939	lmer	mixed	0.819453808137934
-0.0535809991610213	0.109243947527095	13.8681335510283	-0.490471100449132	0.631469663536722	0.819453808137934	WP_003039390	lmer	mixed	0.819453808137934
0.163185368531193	0.33309341433291	14.2998699360742	0.489908720825375	0.63162908648921	0.819453808137934	WP_003040927	lmer	mixed	0.819453808137934
0.102087002327669	0.208717176221426	14.560193408561	0.48911644061036	0.632045089684864	0.819453808137934	WP_003017997	lmer	mixed	0.819453808137934
0.0699839355099463	0.144152594547212	14.1631986826395	0.485485091196367	0.634756410110556	0.822013237251185	WP_003040830	lmer	mixed	0.822013237251185
0.0643818348273259	0.133698667531176	15.0836018697902	0.481544326627738	0.637041357687066	0.822413276599508	WP_003039534	lmer	mixed	0.822413276599508
-0.0500054168927234	0.103753487664762	14.2856490818198	-0.481963720143036	0.637132087028905	0.822413276599508	WP_011733571	lmer	mixed	0.822413276599508
0.052317423499116	0.109070958796023	17.8895652270646	0.479664101944462	0.637278090566793	0.822413276599508	WP_003033733	lmer	mixed	0.822413276599508
-0.305072488433278	0.636420311134087	14.1500865508439	-0.47935693298293	0.639008764733718	0.823113953050505	WP_011733659	lmer	mixed	0.823113953050505
-0.0643303716924556	0.134708651476809	15.1969732583471	-0.477551894308217	0.639765062084153	0.823113953050505	WP_003016296	lmer	mixed	0.823113953050505
0.11015851687666	0.231564759063755	17.8895652270646	0.475713650566018	0.640035692641065	0.823113953050505	WP_003032778	lmer	mixed	0.823113953050505
0.504956092262176	1.03151855879021	6.20680818022621	0.48952690958309	0.641288800744381	0.823775360403209	WP_003040554	lmer	mixed	0.823775360403209
-0.0993980838295555	0.21029590374407	15.0484640415055	-0.472658202370517	0.643239235505919	0.825329974210702	WP_003041277	lmer	mixed	0.825329974210702
0.0428229673276531	0.0908364318624137	14.3587652766912	0.471429430347014	0.644417203752369	0.825891014004473	WP_011733623	lmer	mixed	0.825891014004473
-0.0711386195936439	0.151480993925466	13.8895652270646	-0.469620760665505	0.645913509916449	0.826858281925191	WP_003039271	lmer	mixed	0.826858281925191
0.0361995822190206	0.077842338116235	17.8895652270646	0.46503719049352	0.647515334929457	0.82702297303659	WP_003038808	lmer	mixed	0.82702297303659
0.194803266301496	0.407673993057663	6.21436391666843	0.477840798331088	0.649108999567542	0.82702297303659	WP_003040944	lmer	mixed	0.82702297303659
0.0561371507012039	0.121287412446253	14.8895652270646	0.462843996495351	0.650168444726294	0.82702297303659	WP_003038926	lmer	mixed	0.82702297303659
0.038014768273434	0.0823550908681386	14.7947485710703	0.461595851242526	0.651085220627937	0.82702297303659	WP_003020335	lmer	mixed	0.82702297303659
0.129456641305687	0.280372954045916	14.0362113846465	0.461730132801916	0.651349718392167	0.82702297303659	WP_003038469	lmer	mixed	0.82702297303659
-0.0759053916637304	0.165383128761318	14.0841746633422	-0.458966958916816	0.65326112179274	0.82702297303659	WP_011733729	lmer	mixed	0.82702297303659
-0.0803351192416316	0.175416935859895	14.9351438571224	-0.45796672281287	0.653568727363159	0.82702297303659	WP_003038683	lmer	mixed	0.82702297303659
-0.0755869476716099	0.165061412762114	14.790718429207	-0.457932271430063	0.653656553319112	0.82702297303659	WP_003040954	lmer	mixed	0.82702297303659
0.0414725170673006	0.0904366486645344	12.4951559586886	0.458580870473636	0.654409382928242	0.82702297303659	WP_003040772	lmer	mixed	0.82702297303659
0.172680055281169	0.378085147273941	14.0061875972484	0.456722662940404	0.654873148226364	0.82702297303659	WP_003036417	lmer	mixed	0.82702297303659
0.0210893602705311	0.0464579992128159	17.7890708150569	0.453944651682577	0.655358159274594	0.82702297303659	WP_003039129	lmer	mixed	0.82702297303659
0.0756772826301901	0.166138967020784	14.0332564747933	0.455505917649788	0.655713630279634	0.82702297303659	WP_003038764	lmer	mixed	0.82702297303659
-0.143009857455769	0.314644918099946	14.2007696181389	-0.454511893341122	0.656330515023911	0.82702297303659	WP_003038431	lmer	mixed	0.82702297303659
-0.109619539374508	0.242312394869723	17.8895652270646	-0.45238931930595	0.656426305952809	0.82702297303659	WP_003032740	lmer	mixed	0.82702297303659
-0.144662205262669	0.317790324429232	10.8895652270646	-0.455212742938257	0.657898075751031	0.82734140072806	WP_003038806	lmer	mixed	0.82734140072806
0.0813193399987962	0.172873592055909	4.8895652270646	0.470397699450225	0.658304223059602	0.82734140072806	WP_003021609	lmer	mixed	0.82734140072806
0.0859131689027563	0.191044807188823	16.0402827815568	0.449701670340835	0.65894310327694	0.82734140072806	WP_003039983	lmer	mixed	0.82734140072806
0.0425776109316318	0.0949794945233202	16.8895652270646	0.448282138637596	0.659647089907843	0.82734140072806	WP_003039521	lmer	mixed	0.82734140072806
0.152008150637343	0.329540441777	5.88573822344252	0.461273128777944	0.661156307402007	0.827624748234652	WP_003040212	lmer	mixed	0.827624748234652
0.17791649792148	0.392085008569312	8.07546784113779	0.453770213175667	0.661940709532052	0.827624748234652	WP_003039417	lmer	mixed	0.827624748234652
-0.0499446739318979	0.112280745295461	15.2232598766243	-0.444819579710403	0.662709434967179	0.827624748234652	WP_003014812	lmer	mixed	0.827624748234652
0.094961835559528	0.214096601460408	17.3815773299259	0.443546674313225	0.662842062935914	0.827624748234652	WP_011733673	lmer	mixed	0.827624748234652
-0.0955042352407338	0.215573031007483	13.9855350119451	-0.443024968357098	0.664523331843009	0.828126398139713	WP_003040733	lmer	mixed	0.828126398139713
-0.118379892183694	0.268764087627803	16.8895652270646	-0.440460231233094	0.665189168119233	0.828126398139713	WP_003034767	lmer	mixed	0.828126398139713
-0.0574510839197694	0.130681408961642	17.8895652270646	-0.439627062305644	0.665471975545455	0.828126398139713	WP_011733643	lmer	mixed	0.828126398139713
-0.0811384237125385	0.187236737605148	14.3934225049807	-0.433346707223912	0.671186901590243	0.833817758076956	WP_003033493	lmer	mixed	0.833817758076956
0.131336802522241	0.303253655954933	14.0100178090965	0.433092231348926	0.671541118164221	0.833817758076956	WP_003016377	lmer	mixed	0.833817758076956
0.0413783392008286	0.0981913904285842	14.8953720760017	0.421404962494381	0.679477445893805	0.842733428444486	WP_004339561	lmer	mixed	0.842733428444486
-0.168028454483856	0.403498127469734	14.0382520723736	-0.416429329022002	0.683392732867431	0.846647663496873	WP_003039681	lmer	mixed	0.846647663496873
-0.0521691849789816	0.125780239274127	14.2284412810467	-0.414764555068808	0.684500149270403	0.847078431117091	WP_003038532	lmer	mixed	0.847078431117091
-0.0248689195785402	0.0612151922447354	16.5432584773725	-0.406254046856791	0.689762759711431	0.852644653080095	WP_003038844	lmer	mixed	0.852644653080095
-0.0439213725491337	0.109090114415074	14.3424667480452	-0.402615514564576	0.693168021588851	0.855055697959504	WP_003036696	lmer	mixed	0.855055697959504
-0.0871564166370673	0.213324145386528	8.26061175470862	-0.40856329919497	0.693246951529499	0.855055697959504	WP_003016775	lmer	mixed	0.855055697959504
-0.0378962884233212	0.0957614509099642	14.5929561682355	-0.395736364301243	0.698024816032084	0.859997425277098	WP_003034013	lmer	mixed	0.859997425277098
0.0990832912703976	0.252087991983386	14.4282147777561	0.393050420572701	0.700028524574672	0.860750006973525	WP_003041577	lmer	mixed	0.860750006973525
0.101887386611741	0.246726365352489	4.13034471650628	0.41295702818861	0.70017960208519	0.860750006973525	WP_011733611	lmer	mixed	0.860750006973525
0.0720027098892111	0.184649340378884	14.2593955582691	0.389942957507826	0.7023412770722	0.862456524158043	WP_003033335	lmer	mixed	0.862456524158043
-0.085270631889652	0.220034299386486	16.8895652270646	-0.387533362423081	0.703201676554582	0.862563112605455	WP_003035393	lmer	mixed	0.862563112605455
0.0888553677638202	0.232636352836397	17.8895652270646	0.381949625157287	0.706997916552417	0.864959627489085	WP_003040565	lmer	mixed	0.864959627489085
-0.0462474871084106	0.120618545736775	14.4070726951867	-0.38341937241837	0.707007335819869	0.864959627489085	WP_003039659	lmer	mixed	0.864959627489085
0.0759154387008761	0.199256244475983	13.8895652270646	0.380994025560019	0.708971738106044	0.864959627489085	WP_003040747	lmer	mixed	0.864959627489085
0.035941124263359	0.094773623786735	16.9441719929188	0.379231296929574	0.709226634369737	0.864959627489085	WP_003038355	lmer	mixed	0.864959627489085
0.104526281705716	0.274891106650941	14.1687848141327	0.380246138113316	0.709402205964313	0.864959627489085	WP_003040959	lmer	mixed	0.864959627489085
0.0430399436923655	0.113954507541076	17.449341328685	0.377694087062343	0.710212744325811	0.864959627489085	WP_003017431	lmer	mixed	0.864959627489085
-0.133057394732573	0.351604577131285	14.5246426505665	-0.378429074553519	0.710585667067266	0.864959627489085	WP_003041145	lmer	mixed	0.864959627489085
-0.0294291508840913	0.078128419432939	15.6787775538498	-0.376676644653635	0.711462929252197	0.865083060104907	WP_003019788	lmer	mixed	0.865083060104907
-0.026934688401279	0.0722684533147318	15.7795499231409	-0.372703263538483	0.714328015914082	0.867620629350982	WP_003025777	lmer	mixed	0.867620629350982
0.113747072928788	0.307680056778782	14.8394422488471	0.369692706507042	0.716834059888639	0.869717058515595	WP_003041079	lmer	mixed	0.869717058515595
0.0693847719494403	0.190761298214749	14.0517193596032	0.363725622538648	0.721477129747626	0.874398912683264	WP_003015040	lmer	mixed	0.874398912683264
0.0282612220131965	0.0787130030327903	14.6341895131578	0.359041339096457	0.724691713544363	0.876962056434281	WP_003038734	lmer	mixed	0.876962056434281
0.0582177080973493	0.162858668239538	16.8895652270646	0.357473806747092	0.725165036800365	0.876962056434281	WP_003040607	lmer	mixed	0.876962056434281
0.24260983306467	0.682838840789714	13.3097464500202	0.355295889120906	0.727935223229406	0.879315873474629	WP_011733629	lmer	mixed	0.879315873474629
-0.0550656018432227	0.15490856806212	10.6313892304453	-0.355471634216777	0.729188449670756	0.879315873474629	WP_003026450	lmer	mixed	0.879315873474629
0.143802082991818	0.408404050570028	12.4336490534024	0.352107386768342	0.730653733328964	0.879315873474629	WP_003035145	lmer	mixed	0.879315873474629
-0.0447854832129363	0.127675610151714	14.0500042377208	-0.350775556582174	0.730960560878287	0.879315873474629	WP_003039890	lmer	mixed	0.879315873474629
0.0586954090547389	0.167462191841159	14.3534112146393	0.350499467428521	0.731054542341687	0.879315873474629	WP_003036543	lmer	mixed	0.879315873474629
-0.0831371632249707	0.239107557405114	16.0673443428112	-0.347697764667946	0.732580331188609	0.880201583270796	WP_003040974	lmer	mixed	0.880201583270796
-0.0225167350282186	0.0650540618015549	16.399409592984	-0.346123430338679	0.73365071554483	0.880538802833676	WP_003020889	lmer	mixed	0.880538802833676
0.0500038980370767	0.145338776170865	14.4073034975433	0.344050633660837	0.735778145555709	0.881948439453611	WP_011733581	lmer	mixed	0.881948439453611
0.0392694685372957	0.112728172235253	7.8895652270646	0.348355408933127	0.736685931141648	0.881948439453611	WP_003041292	lmer	mixed	0.881948439453611
0.0855592710769263	0.250203981928961	14.7576867144467	0.341958071239724	0.737203448919424	0.881948439453611	WP_011733627	lmer	mixed	0.881948439453611
-0.0551508170932358	0.161905926573087	15.3721534146647	-0.3406349493225	0.737989142610062	0.881948439453611	WP_003040406	lmer	mixed	0.881948439453611
-0.0605756664466183	0.178608907859388	10.8895652270646	-0.339152549403119	0.7409449440198	0.883918606368233	WP_003040691	lmer	mixed	0.883918606368233
-0.0320220083855083	0.09523467651701	15.4073977642199	-0.336243158024365	0.741223225967981	0.883918606368233	WP_003034273	lmer	mixed	0.883918606368233
-0.035621760025172	0.10618928162379	14.1938995107136	-0.335455325438341	0.742188312503048	0.884123897906943	WP_003040471	lmer	mixed	0.884123897906943
-0.0967054626982587	0.288741799517667	13.0550796816929	-0.334920205040634	0.743005535697453	0.884152798615433	WP_003038448	lmer	mixed	0.884152798615433
-0.0192482104241247	0.0584085375016501	17.8895652270646	-0.329544468111034	0.745571358546345	0.886260196992724	WP_003038325	lmer	mixed	0.886260196992724
0.0226131587222041	0.0695596748245083	17.8895652270646	0.32509005798625	0.748883984353687	0.889104371237094	WP_003035078	lmer	mixed	0.889104371237094
0.0215431170122133	0.0662631889337083	15.0885328900113	0.32511440150829	0.749558842119164	0.889104371237094	WP_003038272	lmer	mixed	0.889104371237094
0.0598580352772567	0.18508399259739	14.9765062831249	0.323410114711891	0.750856529002281	0.889380172544369	WP_003041796	lmer	mixed	0.889380172544369
0.0860207832977682	0.266459768275105	14.6503232990876	0.322828409911985	0.751386656983673	0.889380172544369	WP_003014682	lmer	mixed	0.889380172544369
-0.0453909863142142	0.14222133950053	14.3456279294484	-0.319157353415626	0.754207196641513	0.891772029963189	WP_003040096	lmer	mixed	0.891772029963189
0.0401777890470595	0.127804094589001	14.2532645423673	0.314370123870173	0.757794444168152	0.891932424024366	WP_003023265	lmer	mixed	0.891932424024366
-0.0284167416237164	0.0908911806048682	14.8252684976701	-0.312645753246981	0.758904504118761	0.891932424024366	WP_003040892	lmer	mixed	0.891932424024366
-0.0126412066332723	0.0405905770855627	15.9062905908301	-0.311432050020511	0.759516797319258	0.891932424024366	WP_003035212	lmer	mixed	0.891932424024366
-0.0250621177752773	0.0807414885474033	17.8895652270646	-0.310399501249761	0.759844342879067	0.891932424024366	WP_003025404	lmer	mixed	0.891932424024366
-0.0400310509686708	0.128652318649953	14.4010932037284	-0.311156855847973	0.760139937168941	0.891932424024366	WP_003035158	lmer	mixed	0.891932424024366
0.0181274756768141	0.058473798704318	17.1845254709514	0.310010228144721	0.76028117306722	0.891932424024366	WP_011733610	lmer	mixed	0.891932424024366
0.0281197991686487	0.090628202972341	14.6336095008034	0.310276472956555	0.760725802198102	0.891932424024366	WP_003033415	lmer	mixed	0.891932424024366
-0.0862144534750097	0.277337044882151	13.2420243316752	-0.310865263281523	0.760742363450378	0.891932424024366	WP_003038998	lmer	mixed	0.891932424024366
0.0448864723590055	0.145789874966945	14.9105320533774	0.307884703030183	0.762429077026104	0.892971030340448	WP_003038510	lmer	mixed	0.892971030340448
-0.0614464112815633	0.202600866034183	13.0314137308999	-0.303287999130251	0.766458082520447	0.895479901903144	WP_003040855	lmer	mixed	0.895479901903144
-0.0223067204057301	0.0742073219854641	17.8895652270646	-0.300599992142279	0.767184970515293	0.895479901903144	WP_003039340	lmer	mixed	0.895479901903144
-0.0251478265300644	0.0836348311125579	15.6948766979598	-0.300686044265694	0.767600452511462	0.895479901903144	WP_003033940	lmer	mixed	0.895479901903144
-0.059382018277085	0.197237781257148	14.0125930390272	-0.301068172125026	0.767783664770767	0.895479901903144	WP_011733604	lmer	mixed	0.895479901903144
0.0323195050141435	0.110404811969121	14.3165027148707	0.292736380214868	0.77392363696966	0.901697863345006	WP_003037810	lmer	mixed	0.901697863345006
-0.0755398560184043	0.257662456862862	11.2247030924358	-0.293173700732853	0.774738579552558	0.901705131733927	WP_003039347	lmer	mixed	0.901705131733927
0.0440528408257356	0.15227560837109	14.5006710628993	0.289296764576902	0.776449360519211	0.902753948883129	WP_003040203	lmer	mixed	0.902753948883129
0.0337924342254444	0.117875180309281	16.5276686953821	0.286679809411785	0.77792020620902	0.903521906169852	WP_011733713	lmer	mixed	0.903521906169852
-0.0397320566134806	0.137739359565872	10.1844154416929	-0.288458264498313	0.778781681584757	0.903581243462023	WP_003014807	lmer	mixed	0.903581243462023
0.423458877570424	1.50266788323539	12.937428929638	0.281804703683876	0.782550546195854	0.907010248449456	WP_011648734	lmer	mixed	0.907010248449456
0.126845093160382	0.448830858825686	8.8895652270646	0.282612237251817	0.78394402834251	0.907681818901244	WP_003038341	lmer	mixed	0.907681818901244
0.0434728709265151	0.161484393201818	13.4352602404446	0.269207878634959	0.791859815298386	0.915895948192635	WP_003022912	lmer	mixed	0.915895948192635
0.0219615664609719	0.0826450073397906	16.414609236768	0.265733734775751	0.793752993739891	0.916651984757625	WP_003032762	lmer	mixed	0.916651984757625
0.0314218954676082	0.1189544563802	14.5424434323052	0.264150637342903	0.795370525447939	0.916651984757625	WP_003041151	lmer	mixed	0.916651984757625
-0.0639385308119728	0.244238082693561	14.4219529349326	-0.261787720026425	0.797187023502073	0.916651984757625	WP_003039691	lmer	mixed	0.916651984757625
-0.0505182053919885	0.193777670483647	15.7009873458234	-0.260701892358912	0.797710735034365	0.916651984757625	WP_003021612	lmer	mixed	0.916651984757625
-0.0440985104338137	0.169616032375212	14.1134258997503	-0.259990225076496	0.798625799414249	0.916651984757625	WP_003014930	lmer	mixed	0.916651984757625
0.0772438258610775	0.298070372210353	15.1915436456059	0.259146272366061	0.799001106938942	0.916651984757625	WP_003017378	lmer	mixed	0.916651984757625
0.0219134818327061	0.0848259503049762	14.0176626088289	0.258334645870989	0.799903049588585	0.916651984757625	WP_003041040	lmer	mixed	0.916651984757625
-0.049679036431208	0.192839754623957	13.4792211187745	-0.257618230888561	0.800592780782048	0.916651984757625	WP_003016231	lmer	mixed	0.916651984757625
-0.0278086638174713	0.108319612708588	14.169558367909	-0.256727873393389	0.801079020973466	0.916651984757625	WP_003039818	lmer	mixed	0.916651984757625
0.0185177415494677	0.0726031060070379	17.8895652270646	0.255054398742564	0.801590206976399	0.916651984757625	WP_003022891	lmer	mixed	0.916651984757625
0.211359906779777	0.800969487226465	5.09208382178983	0.263880097994317	0.802219446929007	0.916651984757625	WP_003017885	lmer	mixed	0.916651984757625
-0.260322243697468	0.994295117768351	5.8895652270646	-0.261815872415978	0.802378777689186	0.916651984757625	WP_003040552	lmer	mixed	0.916651984757625
-0.121416176273364	0.481339799030201	13.9043281154928	-0.252246285301968	0.804541216797183	0.918181634318177	WP_003040831	lmer	mixed	0.918181634318177
0.0388872778962302	0.157043078948728	14.0889494483156	0.247621723647728	0.807999407816862	0.921185418932312	WP_003034834	lmer	mixed	0.921185418932312
0.0870704253821604	0.358283310917211	12.653721572094	0.243021158756345	0.811883937331977	0.924668631384223	WP_003040474	lmer	mixed	0.924668631384223
-0.286444323764141	1.1967632642327	8.19655908611609	-0.239349194886755	0.816711574480578	0.927492785890872	WP_003015717	lmer	mixed	0.927492785890872
0.0518541324643255	0.218081149449765	9.87473860755327	0.237774482549993	0.816916837902436	0.927492785890872	WP_003040301	lmer	mixed	0.927492785890872
0.0348423730511031	0.148013862181999	14.1646689200308	0.235399391229049	0.817268058290895	0.927492785890872	WP_003039849	lmer	mixed	0.927492785890872
-0.00743300218212614	0.0318982841297389	17.8895652270646	-0.233022006823129	0.818389647444763	0.927492785890872	WP_003037673	lmer	mixed	0.927492785890872
-0.104142670765451	0.446615837261594	16.3029530964979	-0.23318176848362	0.818522781449882	0.927492785890872	WP_003040032	lmer	mixed	0.927492785890872
0.0345059113730585	0.148691966791785	14.2653779534541	0.232063050328586	0.819785119772579	0.927980110199416	WP_011733646	lmer	mixed	0.927980110199416
0.0549184631166005	0.240673142374491	17.8895652270646	0.22818692013065	0.822088806485674	0.929555247753492	WP_003039844	lmer	mixed	0.929555247753492
0.0555273633378784	0.243420584683082	14.0542854871083	0.228112850070471	0.822843972675064	0.929555247753492	WP_003041130	lmer	mixed	0.929555247753492
0.0296406523761355	0.131687120877392	16.2607968899334	0.225083912372361	0.824718287915578	0.930518549658098	WP_003024353	lmer	mixed	0.930518549658098
-0.0149770164069553	0.0676639564952374	14.9434879416502	-0.221344083064512	0.827820658307536	0.930518549658098	WP_003039540	lmer	mixed	0.930518549658098
0.0274622757112265	0.12448104845628	17.8895652270646	0.220614109953226	0.827891111621955	0.930518549658098	WP_003039119	lmer	mixed	0.930518549658098
-0.0792962590544602	0.353457337015736	6.8895652270646	-0.224344640074425	0.828996961675652	0.930518549658098	WP_003040599	lmer	mixed	0.930518549658098
-0.034710623563009	0.158866381650438	14.8296343966668	-0.218489419865963	0.830026092270321	0.930518549658098	WP_003038506	lmer	mixed	0.930518549658098
-0.159290417740409	0.722705465893264	8.88956522706459	-0.220408486247611	0.830531624553699	0.930518549658098	WP_003036211	lmer	mixed	0.930518549658098
-0.0812740788681828	0.369772034255891	8.8895652270646	-0.219795093568215	0.830994878545143	0.930518549658098	WP_003021998	lmer	mixed	0.930518549658098
0.0545273807776593	0.251279499524356	14.8895652270646	0.216998923035399	0.83115451502961	0.930518549658098	WP_003041504	lmer	mixed	0.930518549658098
-0.0329197054407805	0.152215634018799	14.5976215749355	-0.216270198872705	0.831770255133571	0.930518549658098	WP_003041523	lmer	mixed	0.930518549658098
0.0148234484702185	0.0683214173650338	9.67729411209724	0.216966348795407	0.832740150922583	0.930518549658098	WP_011733586	lmer	mixed	0.930518549658098
-0.0183667001032006	0.085717558015314	17.060010501981	-0.214269987718493	0.832876692877831	0.930518549658098	WP_003039415	lmer	mixed	0.930518549658098
-1.95277634286989	8.94712065488971	4.88970964797031	-0.218257517495606	0.836044042891475	0.933122230054049	WP_003040440	lmer	mixed	0.933122230054049
-0.0546369004664611	0.261060280573066	15.1064785864407	-0.209288446126409	0.837019220945243	0.933276431353946	WP_003038923	lmer	mixed	0.933276431353946
-0.0180456062193216	0.0873948507860255	11.598579908139	-0.206483632125007	0.839993322283052	0.935656897448154	WP_003034387	lmer	mixed	0.935656897448154
-0.0659343868017115	0.326385204333954	12.9894235395176	-0.202014018791882	0.843035254988941	0.938108093126416	WP_003019565	lmer	mixed	0.938108093126416
0.0467990701414608	0.232103731737742	10.5585989712946	0.20162997721355	0.844037832303284	0.938287321054997	WP_003040373	lmer	mixed	0.938287321054997
-0.0197487527235043	0.100523880373777	14.4049941564928	-0.196458320650503	0.846996178627403	0.939751365589504	WP_003040143	lmer	mixed	0.939751365589504
0.0234638389390162	0.119455334689134	14.3124004442027	0.196423533533078	0.847040468535831	0.939751365589504	WP_011733596	lmer	mixed	0.939751365589504
0.0343227876956451	0.179711594858913	14.1973247735099	0.190988164801448	0.851239161981026	0.940845430341715	WP_003022260	lmer	mixed	0.940845430341715
0.0551117601431947	0.286083269761488	9.04414780045342	0.192642373631783	0.85149544575033	0.940845430341715	WP_003040936	lmer	mixed	0.940845430341715
-0.0479534572329149	0.253537369483399	14.0169967388955	-0.189137630206638	0.852696251573017	0.940845430341715	WP_003039342	lmer	mixed	0.940845430341715
-0.0325968116782219	0.172187321165842	12.9705341528577	-0.189310173696392	0.85277997915013	0.940845430341715	WP_003040428	lmer	mixed	0.940845430341715
-0.0155787406993367	0.0833418400371178	15.1203976114089	-0.186925806922411	0.854203845037467	0.940845430341715	WP_011733612	lmer	mixed	0.940845430341715
0.0449860051185314	0.240801377424004	14.001815440521	0.186817889497866	0.854483267181571	0.940845430341715	WP_003040002	lmer	mixed	0.940845430341715
0.0643569626112412	0.345604346859222	13.4747350481359	0.186215720942469	0.855049836560285	0.940845430341715	WP_003041357	lmer	mixed	0.940845430341715
0.191939966549999	0.999903926962221	4.89742312120599	0.191958408577438	0.855479415650539	0.940845430341715	WP_003013860	lmer	mixed	0.940845430341715
-0.016650670805127	0.0902152826094937	14.5522696468339	-0.184565966247661	0.856116931634936	0.940845430341715	WP_003040109	lmer	mixed	0.940845430341715
-0.0394080145519487	0.213953242972255	14.2239858848376	-0.184189844493542	0.856464674257256	0.940845430341715	WP_003035764	lmer	mixed	0.940845430341715
0.0568342749058957	0.30900659621478	8.33126102120324	0.183925765993656	0.858469821253566	0.942119931789101	WP_003039668	lmer	mixed	0.942119931789101
0.037591204558291	0.208246943720911	13.9592900895684	0.18051263507939	0.859344567629531	0.942152598728542	WP_003036966	lmer	mixed	0.942152598728542
0.0208565926391193	0.117261244849072	14.3394908078968	0.17786432905402	0.861317730220888	0.942473295714721	WP_003034554	lmer	mixed	0.942473295714721
-0.066931972330965	0.376128003960821	13.9106416878139	-0.177949984117473	0.861327612854979	0.942473295714721	WP_003034978	lmer	mixed	0.942473295714721
-0.0367279948842774	0.208969811142821	14.860962211593	-0.175757420095362	0.862857023424571	0.943045074023899	WP_003039896	lmer	mixed	0.943045074023899
-0.0253354869456234	0.14487712024884	14.8345931266988	-0.174875693981958	0.863541722491839	0.943045074023899	WP_003040933	lmer	mixed	0.943045074023899
-0.0400772922421606	0.23452029244646	17.8895652270646	-0.170890509405748	0.866227840862881	0.944413702347225	WP_003041048	lmer	mixed	0.944413702347225
-0.0164093272206515	0.0966217254228009	14.1892374662907	-0.169830616756707	0.867540946229384	0.944413702347225	WP_003034371	lmer	mixed	0.944413702347225
-0.0252883380060389	0.148930558757127	14.075082950603	-0.169799524134457	0.86758418362744	0.944413702347225	WP_011733607	lmer	mixed	0.944413702347225
-0.0191566641212328	0.114620714072998	15.494970458188	-0.167130908895163	0.869428693575598	0.944413702347225	WP_011733575	lmer	mixed	0.944413702347225
-0.0101587044234975	0.061332027026638	17.8375109758324	-0.165634578147651	0.870307365357165	0.944413702347225	WP_003018791	lmer	mixed	0.944413702347225
-0.0324979246854338	0.193893343779267	8.75083519083757	-0.167607221846822	0.870701555216626	0.944413702347225	WP_003039029	lmer	mixed	0.944413702347225
0.023893960069193	0.144592046941323	14.7596670440779	0.165250859743963	0.870988620396892	0.944413702347225	WP_003039190	lmer	mixed	0.944413702347225
0.0113385643292328	0.0690482538428804	16.3993068325794	0.164212180586547	0.871571031134793	0.944413702347225	WP_003041562	lmer	mixed	0.944413702347225
-0.0163728802165135	0.10193369395598	14.7994368134319	-0.160622847864065	0.874562419979307	0.946143361408471	WP_003041540	lmer	mixed	0.946143361408471
-0.0525825802138712	0.329504299924956	12.8895652270646	-0.15958086199739	0.875684756609427	0.946143361408471	WP_003035895	lmer	mixed	0.946143361408471
-0.0272670694870543	0.172469990417341	14.5284238667624	-0.158097472035997	0.876556453693133	0.946143361408471	WP_003038484	lmer	mixed	0.946143361408471
-0.0468380006545957	0.29108851831339	7.24641439321459	-0.160906383137274	0.876561517789193	0.946143361408471	WP_003040705	lmer	mixed	0.946143361408471
0.0265782300189267	0.172872714972372	14.0775579370993	0.153744505159038	0.879993402715287	0.948905445993199	WP_003018147	lmer	mixed	0.948905445993199
-0.0209874678763516	0.137498760726264	14.262230077285	-0.15263750571639	0.88082254403853	0.948905445993199	WP_003038375	lmer	mixed	0.948905445993199
0.0158369939708885	0.106325860637659	17.8895652270646	0.148947714844823	0.883261091801632	0.949745514767875	WP_003032596	lmer	mixed	0.949745514767875
-0.0477639805498287	0.323146831085015	13.9465793182777	-0.147808909001068	0.884609245279851	0.949745514767875	WP_003041529	lmer	mixed	0.949745514767875
0.0252471880254612	0.172544060782611	13.9629064184787	0.146323135730938	0.885757848145925	0.949745514767875	WP_003036153	lmer	mixed	0.949745514767875
-0.0110589728792491	0.0764911055748548	17.8895652270646	-0.144578546696867	0.886659979432053	0.949745514767875	WP_003016875	lmer	mixed	0.949745514767875
-0.0135466189720079	0.0933708148448193	14.2954961628565	-0.145084082156958	0.886670229145285	0.949745514767875	WP_003039242	lmer	mixed	0.949745514767875
0.0202681208322857	0.14077442544803	14.3553670336619	0.143975873229674	0.887521190414637	0.949745514767875	WP_003040350	lmer	mixed	0.949745514767875
-0.0216117613672135	0.150755018373612	13.8895652270646	-0.143356828849661	0.888067387155226	0.949745514767875	WP_003039755	lmer	mixed	0.949745514767875
0.011361090149796	0.0796208228498636	15.1405446566185	0.14268993641549	0.888416656415152	0.949745514767875	WP_003036287	lmer	mixed	0.949745514767875
-0.00674734830515276	0.0491058605090527	15.5969271609342	-0.137404135376242	0.892469497771973	0.953164262467194	WP_011733722	lmer	mixed	0.953164262467194
0.0316925630959465	0.235480092331097	12.6422231263061	0.134587016601748	0.895057460112362	0.954249122180395	WP_003041024	lmer	mixed	0.954249122180395
0.0410855542383382	0.307213411676594	13.9491557806616	0.1337361999078	0.895521470920134	0.954249122180395	WP_003040769	lmer	mixed	0.954249122180395
-0.0341309938312277	0.256624321001444	14.2550694190323	-0.132999840771271	0.896052763159528	0.954249122180395	WP_003034294	lmer	mixed	0.954249122180395
0.0323410538077271	0.246415843201036	9.63429175180448	0.131245837879596	0.898280942221253	0.95570920856555	WP_003038539	lmer	mixed	0.95570920856555
-0.029828606280875	0.225032492081918	4.87812952275961	-0.132552441671475	0.899840822103264	0.95621994348468	WP_003039209	lmer	mixed	0.95621994348468
0.00700385097512948	0.0551885475343282	17.3079141393483	0.126907688062871	0.900476179963151	0.95621994348468	WP_003039501	lmer	mixed	0.95621994348468
-0.0163081392871098	0.133671377074948	9.95164548162581	-0.122001730243012	0.905326099145938	0.95737006694987	WP_003033344	lmer	mixed	0.95737006694987
-0.0216835202958197	0.179405254403862	14.5711273129295	-0.120863351343141	0.90545015623779	0.95737006694987	WP_003038879	lmer	mixed	0.95737006694987
-0.016795042025975	0.141183358255022	14.2452477128912	-0.118959077284717	0.906969072036385	0.95737006694987	WP_003033347	lmer	mixed	0.95737006694987
-0.0270671069471433	0.22857491767538	14.5618624130811	-0.11841678528168	0.907355457879469	0.95737006694987	WP_003035102	lmer	mixed	0.95737006694987
0.0487625581432119	0.419866198728319	15.8895652270646	0.116138327616995	0.908998067545905	0.95737006694987	WP_003040476	lmer	mixed	0.95737006694987
0.0123072277053293	0.106239984167856	17.8895652270646	0.115843651537864	0.909066921768445	0.95737006694987	WP_003039488	lmer	mixed	0.95737006694987
-0.0654145212347945	0.556844613639452	8.39275992945963	-0.117473563777972	0.909247721771146	0.95737006694987	WP_003033422	lmer	mixed	0.95737006694987
0.0194742404504265	0.168677104947865	15.490033736324	0.115452778588093	0.909569656886274	0.95737006694987	WP_003038558	lmer	mixed	0.95737006694987
0.051622434903432	0.438350626974102	6.16118259474365	0.117765167258405	0.909999469497259	0.95737006694987	WP_003040014	lmer	mixed	0.95737006694987
0.031745725873256	0.275983278496837	13.2698578931924	0.11502771488969	0.910145534499428	0.95737006694987	WP_003038372	lmer	mixed	0.95737006694987
0.0108357191779339	0.0960756794680698	14.7664995510952	0.112783164666924	0.911721425108773	0.958123835057758	WP_003032804	lmer	mixed	0.958123835057758
-0.134267224353436	1.20889978079745	10.8895652270646	-0.111065637107541	0.913584916546481	0.958788376334831	WP_003040860	lmer	mixed	0.958788376334831
-0.0255097372108975	0.231597440956615	12.2728033118528	-0.110146887226082	0.914073582102175	0.958788376334831	WP_003039858	lmer	mixed	0.958788376334831
-0.0447111785154154	0.420046201993832	13.1465760582424	-0.106443477653613	0.91683764460456	0.96057490378289	WP_011733707	lmer	mixed	0.96057490378289
0.0119770119878439	0.113617019993972	14.4057114921635	0.105415649772185	0.917499795989935	0.96057490378289	WP_011733605	lmer	mixed	0.96057490378289
0.024969114919986	0.259531102384584	14.3897363567523	0.0962085649487427	0.924682014197731	0.965355209770777	WP_003038813	lmer	mixed	0.965355209770777
-0.0179679893250749	0.186876279584392	11.6171951667635	-0.0961491172931912	0.925040829425904	0.965355209770777	WP_003017112	lmer	mixed	0.965355209770777
0.00622346071992957	0.0653234109211619	17.3635642566552	0.0952715210698443	0.925190048742591	0.965355209770777	WP_003026930	lmer	mixed	0.965355209770777
0.010266202911001	0.108791455115306	14.9905320010749	0.0943658939033405	0.926068307210508	0.965355209770777	WP_003039222	lmer	mixed	0.965355209770777
0.0681777012971754	0.705479411362613	5.01410441700853	0.0966402423643974	0.926756001559437	0.965355209770777	WP_003039737	lmer	mixed	0.965355209770777
0.0215278058397662	0.231080986082461	12.4278428411088	0.0931613033366751	0.927260475035428	0.965355209770777	WP_003038603	lmer	mixed	0.965355209770777
-0.0453926551608953	0.501865210303544	12.8625064246678	-0.0904479016057726	0.929324609206667	0.965664602359286	WP_003040632	lmer	mixed	0.965664602359286
0.0144232006180543	0.160121505213959	14.8538082645474	0.0900765990101179	0.929429745566959	0.965664602359286	WP_003038513	lmer	mixed	0.965664602359286
0.00682553925684033	0.0769683257456544	15.8895652270646	0.0886798457770233	0.930444440955987	0.965664602359286	WP_003040758	lmer	mixed	0.965664602359286
0.00533371934274092	0.0606672690457326	16.1680961465052	0.0879175777422949	0.931021926041464	0.965664602359286	WP_003015739	lmer	mixed	0.965664602359286
-0.306755117869177	3.38954837888454	3.89071992075644	-0.0905002919504357	0.932356418566022	0.966150006227801	WP_003040294	lmer	mixed	0.966150006227801
0.0519641176726029	0.623011343975134	14.4464791980149	0.0834079799270508	0.934671906047756	0.966214244617815	WP_011733622	lmer	mixed	0.966214244617815
0.0188060842537605	0.226273795544496	14.3683251483192	0.0831120731788951	0.934909240569939	0.966214244617815	WP_003022463	lmer	mixed	0.966214244617815
0.0373467704271359	0.450662397817578	15.1873128509324	0.0828708377002275	0.935036641525516	0.966214244617815	WP_011733699	lmer	mixed	0.966214244617815
0.0620837829627928	0.754161667829689	10.8895652270646	0.0823215838342146	0.935884649495283	0.966214244617815	WP_011733631	lmer	mixed	0.966214244617815
0.00727057985914096	0.0919308206619878	14.3664491454389	0.0790875117483559	0.938054091941283	0.967558105933886	WP_003014302	lmer	mixed	0.967558105933886
0.00371606429432867	0.0500407308312228	16.3389845091718	0.0742607918110189	0.941704461969606	0.969843790795877	WP_003041237	lmer	mixed	0.969843790795877
0.00484133494160602	0.0666532203748207	17.1263358101144	0.0726346741294874	0.942938381469756	0.969843790795877	WP_003034372	lmer	mixed	0.969843790795877
0.006908896447929	0.0951327378485929	13.8895652270646	0.0726237529179992	0.943140963450483	0.969843790795877	WP_003032934	lmer	mixed	0.969843790795877
0.0114499912465136	0.157833669165567	9.03329251205492	0.072544668745568	0.943749339025584	0.969843790795877	WP_003016659	lmer	mixed	0.969843790795877
0.0176060341781162	0.250709020936189	14.8102413302764	0.0702249728086062	0.944954057590044	0.970187637396776	WP_003032608	lmer	mixed	0.970187637396776
-0.0134737377105108	0.200093049223354	11.3328034824111	-0.0673373601072505	0.947486497161744	0.971892773077594	WP_003035180	lmer	mixed	0.971892773077594
-0.00439543229289772	0.0701797059179949	17.8895652270646	-0.0626311016183766	0.950754737418316	0.972505171717691	WP_003017606	lmer	mixed	0.972505171717691
-0.0202861735559646	0.327603539261883	15.2149877681434	-0.0619229377120619	0.951430338810658	0.972505171717691	WP_003034818	lmer	mixed	0.972505171717691
0.0136059125409603	0.218797230551796	8.78726805015017	0.0621850308920586	0.951806909833237	0.972505171717691	WP_003016458	lmer	mixed	0.972505171717691
0.00506434261233686	0.0829557879834561	15.1537145551847	0.0610486951597258	0.952118325269204	0.972505171717691	WP_003034620	lmer	mixed	0.972505171717691
-0.00757796643844225	0.122537849553251	6.8895652270646	-0.0618418428760583	0.952444526919927	0.972505171717691	WP_003022536	lmer	mixed	0.972505171717691
0.0126671899640687	0.215419813961615	14.1085655692475	0.058802343810054	0.953934308948593	0.972723511307129	WP_003014689	lmer	mixed	0.972723511307129
0.0045398216015533	0.0792778594029656	17.3101964957883	0.0572646844370204	0.954990190607696	0.972723511307129	WP_003039194	lmer	mixed	0.972723511307129
0.0115613368312462	0.202664905216034	14.7143139674361	0.0570465657037275	0.95527555594736	0.972723511307129	WP_003039827	lmer	mixed	0.972723511307129
-0.0121254227210657	0.229424932229769	14.030241108268	-0.0528513732279199	0.958595478539718	0.97521346585017	WP_003016165	lmer	mixed	0.97521346585017
-0.0077131447941727	0.158649636424942	17.8895652270646	-0.048617475387798	0.96176281639921	0.976677083232751	WP_003025860	lmer	mixed	0.976677083232751
-0.0074260127357503	0.160677037223247	14.1316833767102	-0.046217013109549	0.963784056843712	0.976677083232751	WP_003038468	lmer	mixed	0.976677083232751
-0.0045506165529339	0.0991943506446908	16.7494993204799	-0.0458757633207759	0.963951798758534	0.976677083232751	WP_003038609	lmer	mixed	0.976677083232751
0.00662342538740468	0.144443728641679	14.4346245456158	0.0458547106869237	0.964054415877858	0.976677083232751	WP_003038941	lmer	mixed	0.976677083232751
0.011841412852057	0.265268209875415	13.9668694034797	0.0446393966982262	0.965026685634839	0.976677083232751	WP_003015672	lmer	mixed	0.976677083232751
0.00776676565866532	0.175393135634263	14.3519951168862	0.0442820389211862	0.965289816791473	0.976677083232751	WP_003041095	lmer	mixed	0.976677083232751
-0.00228396785619814	0.0555895990015682	17.8895652270646	-0.0410862444993299	0.967682217418609	0.978210038460334	WP_003038581	lmer	mixed	0.978210038460334
0.00501458133617076	0.134040217820604	17.8895652270646	0.037411020495969	0.970571596172129	0.979910431486094	WP_003039149	lmer	mixed	0.979910431486094
-0.00983086942814698	0.26704641264837	14.9163118370061	-0.0368133364183838	0.97112199712299	0.979910431486094	WP_003021949	lmer	mixed	0.979910431486094
-0.00714364002458297	0.238833449670172	5.8895652270646	-0.0299105507810916	0.977126134529998	0.985077432188923	WP_003039715	lmer	mixed	0.985077432188923
0.0072010701703951	0.278076710172501	12.3672639549175	0.0258959844782686	0.979753479146329	0.986833901759852	WP_003034189	lmer	mixed	0.986833901759852
0.0028709718530874	0.138924181861575	14.9829687922227	0.0206657459818482	0.983784996142155	0.990000244312729	WP_003033759	lmer	mixed	0.990000244312729
-0.00198661696265961	0.110937566044338	14.2378719504424	-0.0179075225236654	0.985961158595291	0.991295484070108	WP_003035887	lmer	mixed	0.991295484070108
0.00117879259412855	0.0983836023247577	4.8895652270646	0.0119815961834518	0.990913745549684	0.995377320980088	WP_003039319	lmer	mixed	0.995377320980088
-0.000785711583905288	0.0804391244139272	15.6587173765716	-0.00976777892138829	0.992329927359584	0.995902672372579	WP_003039260	lmer	mixed	0.995902672372579
-0.00128684262758312	0.230387732219516	14.0455058065082	-0.0055855518659171	0.995621956317083	0.997829776277013	WP_003039034	lmer	mixed	0.997829776277013
0.000376581388221173	0.0878479675313115	17.8895652270646	0.00428673990763587	0.996627128182339	0.997829776277013	WP_003039427	lmer	mixed	0.997829776277013
0.000394989060369579	0.112499053078931	14.2555293101267	0.00351104342267174	0.997247259509556	0.997829776277013	WP_003039000	lmer	mixed	0.997829776277013
-0.000271928426628186	0.098369246362498	15.4330650132072	-0.00276436423662442	0.997829776277013	0.997829776277013	WP_003022662	lmer	mixed	0.997829776277013
NA	NA	NA	NA	NA	NA	WP_003014820	fitError	mixed	NA
NA	NA	NA	NA	NA	NA	WP_003016791	fitError	mixed	NA
NA	NA	NA	NA	NA	NA	WP_003018704	lmer	mixed	NA
NA	NA	NA	NA	NA	NA	WP_003019355	fitError	mixed	NA
NA	NA	NA	NA	NA	NA	WP_003032578	lmer	mixed	NA
NA	NA	NA	NA	NA	NA	WP_003032700	fitError	mixed	NA
NA	NA	NA	NA	NA	NA	WP_003033158	fitError	mixed	NA
NA	NA	NA	NA	NA	NA	WP_003033202	fitError	mixed	NA
NA	NA	NA	NA	NA	NA	WP_003033215	fitError	mixed	NA
NA	NA	NA	NA	NA	NA	WP_003033343	fitError	mixed	NA
NA	NA	NA	NA	NA	NA	WP_003033554	fitError	mixed	NA
NA	NA	NA	NA	NA	NA	WP_003033605	lmer	mixed	NA
NA	NA	NA	NA	NA	NA	WP_003033643	lmer	mixed	NA
NA	NA	NA	NA	NA	NA	WP_003034136	fitError	mixed	NA
NA	NA	NA	NA	NA	NA	WP_003034256	lmer	mixed	NA
NA	NA	NA	NA	NA	NA	WP_003034374	lmer	mixed	NA
NA	NA	NA	NA	NA	NA	WP_003034807	fitError	mixed	NA
NA	NA	NA	NA	NA	NA	WP_003035065	fitError	mixed	NA
NA	NA	NA	NA	NA	NA	WP_003035279	fitError	mixed	NA
NA	NA	NA	NA	NA	NA	WP_003035402	fitError	mixed	NA
NA	NA	NA	NA	NA	NA	WP_003037070	fitError	mixed	NA
NA	NA	NA	NA	NA	NA	WP_003037116	fitError	mixed	NA
NA	NA	NA	NA	NA	NA	WP_003037497	fitError	mixed	NA
NA	NA	NA	NA	NA	NA	WP_003038265	fitError	mixed	NA
NA	NA	NA	NA	NA	NA	WP_003038308	fitError	mixed	NA
NA	NA	NA	NA	NA	NA	WP_003038309	fitError	mixed	NA
NA	NA	NA	NA	NA	NA	WP_003038338	lmer	mixed	NA
NA	NA	NA	NA	NA	NA	WP_003038380	fitError	mixed	NA
NA	NA	NA	NA	NA	NA	WP_003038386	fitError	mixed	NA
NA	NA	NA	NA	NA	NA	WP_003038429	lmer	mixed	NA
NA	NA	NA	NA	NA	NA	WP_003038459	fitError	mixed	NA
NA	NA	NA	NA	NA	NA	WP_003038494	fitError	mixed	NA
NA	NA	NA	NA	NA	NA	WP_003038585	fitError	mixed	NA
NA	NA	NA	NA	NA	NA	WP_003038594	lmer	mixed	NA
NA	NA	NA	NA	NA	NA	WP_003038607	lmer	mixed	NA
NA	NA	NA	NA	NA	NA	WP_003038612	fitError	mixed	NA
NA	NA	NA	NA	NA	NA	WP_003038657	fitError	mixed	NA
NA	NA	NA	NA	NA	NA	WP_003038821	lmer	mixed	NA
NA	NA	NA	NA	NA	NA	WP_003039004	lmer	mixed	NA
NA	NA	NA	NA	NA	NA	WP_003039019	fitError	mixed	NA
NA	NA	NA	NA	NA	NA	WP_003039021	fitError	mixed	NA
NA	NA	NA	NA	NA	NA	WP_003039061	fitError	mixed	NA
NA	NA	NA	NA	NA	NA	WP_003039126	fitError	mixed	NA
NA	NA	NA	NA	NA	NA	WP_003039180	fitError	mixed	NA
NA	NA	NA	NA	NA	NA	WP_003039232	fitError	mixed	NA
NA	NA	NA	NA	NA	NA	WP_003039251	fitError	mixed	NA
NA	NA	NA	NA	NA	NA	WP_003039474	fitError	mixed	NA
NA	NA	NA	NA	NA	NA	WP_003039484	fitError	mixed	NA
NA	NA	NA	NA	NA	NA	WP_003039762	fitError	mixed	NA
NA	NA	NA	NA	NA	NA	WP_003039880	lmer	mixed	NA
NA	NA	NA	NA	NA	NA	WP_003039898	lmer	mixed	NA
NA	NA	NA	NA	NA	NA	WP_003039938	fitError	mixed	NA
NA	NA	NA	NA	NA	NA	WP_003040017	fitError	mixed	NA
NA	NA	NA	NA	NA	NA	WP_003040326	fitError	mixed	NA
NA	NA	NA	NA	NA	NA	WP_003040489	fitError	mixed	NA
NA	NA	NA	NA	NA	NA	WP_003040851	fitError	mixed	NA
NA	NA	NA	NA	NA	NA	WP_003040999	fitError	mixed	NA
NA	NA	NA	NA	NA	NA	WP_003041006	fitError	mixed	NA
NA	NA	NA	NA	NA	NA	WP_003041455	fitError	mixed	NA
NA	NA	NA	NA	NA	NA	WP_003041526	fitError	mixed	NA
NA	NA	NA	NA	NA	NA	WP_003041573	fitError	mixed	NA
NA	NA	NA	NA	NA	NA	WP_011733564	fitError	mixed	NA
NA	NA	NA	NA	NA	NA	WP_011733614	fitError	mixed	NA
NA	NA	NA	NA	NA	NA	WP_011733630	lmer	mixed	NA
NA	NA	NA	NA	NA	NA	WP_011733632	fitError	mixed	NA
