protein	description
A0Q3U7	Chromosomal replication initiator protein DnaA
A0Q3U8	Beta sliding clamp
A0Q3U9	Metabolite:H+ symporter (MHS) family protein
A0Q3V0	Aspartate/glutamate transporter
A0Q3V1	Divalent inorganic cation transporter
A0Q3V2	Uncharacterized protein
A0Q3V3	Uncharacterized protein
A0Q3V4	10 TMS drug/metabolite exporter protein
A0Q3V5	Uncharacterized protein
A0Q3V6	Phage terminase, small subunit
A0Q3V7	Uncharacterized protein
A0Q3V8	Uncharacterized protein
A0Q3V9	Uncharacterized protein
A0Q3W0	Uncharacterized protein
A0Q3W1	Regulatory protein, AlpA family
A0Q3W2	Uncharacterized protein
A0Q3W3	Phage integrase
A0Q3W4	Serine permease
A0Q3W5	Aspartate carbamoyltransferase
A0Q3W6	Carbamoyl phosphate synthase large chain
A0Q3W7	Carbamoyl phosphate synthase small chain
A0Q3W8	Histidine acid phosphatase
A0Q3W9	Thiopurine S-methyltransferase
A0Q3X0	Dihydroorotase
A0Q3X1	Uncharacterized protein
A0Q3X2	Uncharacterized protein
A0Q3X3	Uncharacterized protein
A0Q3X4	Conserved hypothetical membrane protein
A0Q3X5	Membrane fusion protein, HlyD family
A0Q3X6	Hypothetical membrane protein
A0Q3X7	Transcriptional regulator, LysR family
A0Q3X8	Uncharacterized protein
A0Q3X9	chorismate mutase
A0Q3Y0	Uncharacterized protein
A0Q3Y1	Orotidine 5'-phosphate decarboxylase
A0Q3Y2	Dihydroorotate oxidase
A0Q3Y3	Uncharacterized protein
A0Q3Y4	Uncharacterized protein
A0Q3Y5	Uncharacterized protein
A0Q3Y6	Uncharacterized protein
A0Q3Y7	Uncharacterized protein
A0Q3Y8	Uncharacterized protein
A0Q3Y9	Type VI secretion system contractile sheath large subunit
A0Q3Z0	Uncharacterized protein
A0Q3Z1	Uncharacterized protein
A0Q3Z2	Uncharacterized protein
A0Q3Z3	Uncharacterized protein
A0Q3Z4	Uncharacterized protein
A0Q3Z5	Uncharacterized protein
A0Q3Z6	Type VI secretion system baseplate subunit TssF
A0Q3Z7	Type IV / VI secretion system DotU domain-containing protein
A0Q3Z8	Uncharacterized protein
A0Q3Z9	Uncharacterized protein
A0Q400	Uncharacterized protein
A0Q401	Prephenate dehydrogenase
A0Q402	D-aminoacyl-tRNA deacylase
A0Q403	Major facilitator superfamily (MFS) transport protein
A0Q404	beta-fructofuranosidase
A0Q405	3-isopropylmalate dehydrogenase
A0Q406	3-isopropylmalate dehydratase small subunit
A0Q407	3-isopropylmalate dehydratase
A0Q408	2-isopropylmalate synthase
A0Q409	Branched-chain-amino-acid aminotransferase
A0Q410	Pyruvate, phosphate dikinase
A0Q411	Uncharacterized protein
A0Q412	Ferrous iron transport protein B
A0Q413	Uncharacterized protein
A0Q414	Oligoribonuclease
A0Q415	Elongation factor P
A0Q416	Type IV pili, pilus assembly protein
A0Q417	LPS fatty acid acyltransferase
A0Q418	LPS fatty acid acyltransferase
A0Q419	Membrane protein insertase YidC
A0Q420	Putative membrane protein insertion efficiency factor
A0Q421	Ribonuclease P protein component
A0Q422	Large ribosomal subunit protein bL34
A0Q423	Uncharacterized protein
A0Q424	shikimate dehydrogenase (NADP(+))
A0Q425	UDP-N-acetylmuramate--L-alanine ligase
A0Q426	Ribosomal RNA small subunit methyltransferase I
A0Q427	Uncharacterized protein
A0Q428	Predicted hydrolase of the HAD superfamily
A0Q429	Uncharacterized protein
A0Q430	DNA/RNA helicase
A0Q431	Universal stress protein
A0Q432	Metabolite:H+ symporter (MHS) family protein
A0Q433	Allophanate hydrolase subunit 1
A0Q434	Lactam utilization protein
A0Q435	Allophanate hydrolase subunit 2
A0Q436	Acid phosphatase
A0Q437	Uncharacterized protein
A0Q438	Inorganic phosphate transporter (PiT) family protein
A0Q439	Cytochrome b561 family protein
A0Q440	Transcriptional regulator, LysR family
A0Q441	Nitroreductase
A0Q442	Conserved hypothetical membrane protein
A0Q443	Hydroxy/aromatic amino acid permease (HAAAP) family protein
A0Q444	Ribosomal RNA small subunit methyltransferase G
A0Q445	Pyridoxal phosphate homeostasis protein
A0Q446	Hypothetical membrane protein
A0Q447	Transcriptional regulator, LysR family
A0Q448	Tetracycline resistance protein
A0Q449	Uncharacterized protein
A0Q450	Phosphoheptose isomerase
A0Q451	Outer membrane protein assembly factor BamE
A0Q452	Small ribosomal subunit protein bS20
A0Q453	Elongation factor 4
A0Q454	tRNA-specific 2-thiouridylase MnmA
A0Q455	Uncharacterized protein
A0Q456	Peptide deformylase
A0Q457	6,7-dimethyl-8-ribityllumazine synthase
A0Q458	3,4-dihydroxy-2-butanone 4-phosphate synthase
A0Q459	Riboflavin synthase
A0Q460	Riboflavin biosynthesis protein RibD
A0Q461	Na+/H+ antiporter
A0Q462	Indolepyruvate decarboxylase
A0Q463	Ferredoxin
A0Q464	Serine peptidase, S49 family
A0Q465	Uncharacterized protein
A0Q466	Rhodanese-related sulfurtransferase
A0Q467	Protein-export protein SecB 1
A0Q468	Protein RecA
A0Q469	Regulatory protein RecX
A0Q470	Single-stranded DNA-binding protein
A0Q471	Acetate kinase
A0Q472	Phosphate acetyltransferase
A0Q473	Succinate semialdehyde dehydrogenase (NAD(P)+ dependent)
A0Q474	Metabolite:H+ symporter (MHS) family protein
A0Q475	Aspartate--tRNA(Asp/Asn) ligase
A0Q476	Glycosyl transferase, group 1
A0Q477	Uncharacterized protein
A0Q478	Uncharacterized protein
A0Q479	Ribonuclease II family protein
A0Q480	Carboxylesterase/phospholipase family protein
A0Q481	Porphobilinogen deaminase
A0Q482	Fluoride-specific ion channel FluC
A0Q483	Uncharacterized protein
A0Q484	Hypothetical membrane protein
A0Q485	Uncharacterized protein
A0Q486	ABC-type anion transport system, duplicated permease component
A0Q487	ABC transporter, ATP-binding protein
A0Q488	Uncharacterized protein
A0Q489	Monovalent cation:proton antiporter
A0Q490	Carbonic anhydrases/acetyltransferases, isoleucine patch superfamily
A0Q491	Outer-membrane lipoprotein LolB
A0Q492	4-diphosphocytidyl-2-C-methyl-D-erythritol kinase
A0Q493	Hypothetical membrane protein
A0Q494	Peptidase M14 domain-containing protein
A0Q495	YggT family protein
A0Q496	ABC-type nitrate/sulfonate/bicarbonate transport system, ATPase component
A0Q497	ABC-type anion transport system, duplicated permease component
A0Q498	RimI-like acetyltransferase
A0Q499	Glutathione synthase/ribosomal protein S6 modification enzyme
A0Q4A0	Competence protein
A0Q4A1	1-acylglycerol-3-phosphate acyltransferase
A0Q4A2	Uncharacterized protein
A0Q4A3	L-threonylcarbamoyladenylate synthase
A0Q4A4	Small ribosomal subunit protein bS1
A0Q4A5	tRNA-specific adenosine deaminase
A0Q4A6	D-alanine--D-alanine ligase
A0Q4A7	Cell division protein FtsQ
A0Q4A8	Cell division protein FtsA
A0Q4A9	Cell division protein FtsZ
A0Q4B0	UDP-3-O-acyl-N-acetylglucosamine deacetylase
A0Q4B1	DNA polymerase III subunit gamma/tau
A0Q4B2	Peptide chain release factor 2
A0Q4B3	Lysine--tRNA ligase
A0Q4B4	UPF0114 protein FTN_0169
A0Q4B5	Conserved hypothetical membrane protein
A0Q4B6	Glutaminase
A0Q4B7	Glutamine synthetase
A0Q4B8	DNA polymerase III subunit delta
A0Q4B9	Outer membrane lipoprotein Blc
A0Q4C0	Uncharacterized protein
A0Q4C1	Serine permease
A0Q4C2	Bifunctional purine biosynthesis protein PurH
A0Q4C3	Adenylosuccinate synthetase
A0Q4C4	Hypoxanthine phosphoribosyltransferase
A0Q4C5	Dienelactone hydrolase family protein
A0Q4C6	Manganese/zinc/iron chelate uptake transporter (MZT) family protein
A0Q4C7	ATP-binding cassette (ABC) superfamily protein
A0Q4C8	Manganese/Zinc/Iron chelate uptake transporter family protein
A0Q4C9	Lysosomal dipeptide transporter MFSD1
A0Q4D0	Outer membrane protein
A0Q4D1	Trp repressor binding protein
A0Q4D2	tRNA processing ribonuclease BN
A0Q4D3	Nicotinamide riboside transporter PnuC
A0Q4D4	Replication restart protein PriA
A0Q4D5	Drug:H+ antiporter-1 (DHA1) family protein
A0Q4D6	Polar amino acid uptake transporter
A0Q4D7	Cytochrome bd-I terminal oxidase subunit II
A0Q4D8	Cytochrome bd-I terminal oxidase subunit I
A0Q4D9	Major facilitator superfamily (MFS) transport protein
A0Q4E0	Ubiquinol oxidase subunit 2
A0Q4E1	Cytochrome bo(3) ubiquinol oxidase subunit 1
A0Q4E2	Cytochrome bo(3) ubiquinol oxidase subunit 3
A0Q4E3	Cytochrome bo(3) ubiquinol oxidase subunit 4
A0Q4E4	Protoheme IX farnesyltransferase
A0Q4E5	UDP-3-O-acylglucosamine N-acyltransferase
A0Q4E6	Uncharacterized protein
A0Q4E7	pyridoxal kinase
A0Q4E8	Uncharacterized protein
A0Q4E9	MoxR-like ATPase
A0Q4F0	DUF58 domain-containing protein
A0Q4F1	Uncharacterized protein
A0Q4F2	von Willebrand factor type A domain protein
A0Q4F3	Hypothetical membrane protein with von Willebrand factor type A domain
A0Q4F4	TPR repeat protein
A0Q4F5	DUF7939 domain-containing protein
A0Q4F6	Pyrrolidone-carboxylate peptidase
A0Q4F7	Hypothetical membrane protein
A0Q4F8	DNA polymerase III, chi subunit
A0Q4F9	Valine--tRNA ligase
A0Q4G0	Uncharacterized protein
A0Q4G1	Hypothetical membrane protein
A0Q4G2	L-lactate dehydrogenase
A0Q4G3	Dihydropteridine reductase
A0Q4G4	MutT/nudix family protein
A0Q4G5	Fumarate hydratase class II
A0Q4G6	Glutamate--tRNA ligase
A0Q4G7	Uncharacterized protein
A0Q4G8	Amino acid-polyamine-organocation (APC) superfamily protein
A0Q4G9	Uncharacterized protein
A0Q4H0	Dihydrofolate reductase
A0Q4H1	Small ribosomal subunit protein uS2
A0Q4H2	Elongation factor Ts
A0Q4H3	Uridylate kinase
A0Q4H4	Ribosome-recycling factor
A0Q4H5	Ditrans,polycis-undecaprenyl-diphosphate synthase ((2E,6E)-farnesyl-diphosphate specific)
A0Q4H6	Phosphatidate cytidylyltransferase
A0Q4H7	Deoxyuridine 5'-triphosphate nucleotidohydrolase
A0Q4H8	CDP-diacylglycerol--glycerol-3-phosphate 3-phosphatidyltransferase
A0Q4H9	Small ribosomal subunit protein uS12
A0Q4I0	Small ribosomal subunit protein uS7
A0Q4I1	Elongation factor G
A0Q4I2	Small ribosomal subunit protein uS10
A0Q4I3	Large ribosomal subunit protein uL3
A0Q4I4	Large ribosomal subunit protein uL4
A0Q4I5	Large ribosomal subunit protein uL23
A0Q4I6	Large ribosomal subunit protein uL2
A0Q4I7	Small ribosomal subunit protein uS19
A0Q4I8	Large ribosomal subunit protein uL22
A0Q4I9	Small ribosomal subunit protein uS3
A0Q4J0	Large ribosomal subunit protein uL16
A0Q4J1	Large ribosomal subunit protein uL29
A0Q4J2	Small ribosomal subunit protein uS17
A0Q4J3	Large ribosomal subunit protein uL14
A0Q4J4	Large ribosomal subunit protein uL24
A0Q4J5	Large ribosomal subunit protein uL5
A0Q4J6	Small ribosomal subunit protein uS14
A0Q4J7	Small ribosomal subunit protein uS8
A0Q4J8	Large ribosomal subunit protein uL6
A0Q4J9	Large ribosomal subunit protein uL18
A0Q4K0	Small ribosomal subunit protein uS5
A0Q4K1	Large ribosomal subunit protein uL30
A0Q4K2	Large ribosomal subunit protein uL15
A0Q4K3	Protein translocase subunit SecY
A0Q4K4	Large ribosomal subunit protein bL36
A0Q4K5	Small ribosomal subunit protein uS13
A0Q4K6	Small ribosomal subunit protein uS11
A0Q4K7	Small ribosomal subunit protein uS4
A0Q4K8	DNA-directed RNA polymerase subunit alpha 1
A0Q4K9	Large ribosomal subunit protein bL17
A0Q4L0	Chaperone protein HtpG
A0Q4L1	Uncharacterized protein
A0Q4L2	C4-dicarboxylate anaerobic carrier
A0Q4L3	CTP synthase
A0Q4L4	Nucleoside diphosphate kinase
A0Q4L5	Acetyl-coenzyme A carboxylase carboxyl transferase subunit beta
A0Q4L6	Dihydrofolate synthase/folylpolyglutamate synthase
A0Q4L7	tRNA threonylcarbamoyladenosine biosynthesis protein TsaE
A0Q4L8	Uncharacterized protein
A0Q4L9	Probable lipid II flippase MurJ
A0Q4M0	Glutamate--cysteine ligase
A0Q4M1	Large ribosomal subunit protein bL31
A0Q4M2	ferredoxin--NADP(+) reductase
A0Q4M3	Uncharacterized protein
A0Q4M4	DUF4440 domain-containing protein
A0Q4M5	Uncharacterized protein
A0Q4M6	Prophage maintenance system killer protein (DOC)
A0Q4M7	Type I restriction-modification system, subunit S
A0Q4M8	Transposase
A0Q4M9	Type I restriction-modification system, subunit R (Restriction)
A0Q4N0	Activator of osmoprotectant transporter ProP
A0Q4N1	Uncharacterized protein
A0Q4N2	Trk system potassium uptake protein
A0Q4N3	Uncharacterized protein
A0Q4N4	Outer-membrane lipoprotein carrier protein
A0Q4N5	DNA translocase FtsK
A0Q4N6	Lipid A 4'-phosphatase
A0Q4N7	Lysine:H+ symporter
A0Q4N8	Alpha/beta hydrolase domain-containing protein
A0Q4N9	Fructose-1,6-bisphosphatase
A0Q4P0	Sodium/proline symporter
A0Q4P1	Glycosyl transferase, group 2
A0Q4P2	Transporter-associated protein, HlyC/CorC family
A0Q4P3	Uncharacterized protein
A0Q4P4	Pilus assembly protein
A0Q4P5	Pilus assembly protein
A0Q4P6	Pilus assembly protein
A0Q4P7	Pilus assembly protein
A0Q4P8	Pilus assembly protein
A0Q4P9	Uncharacterized protein
A0Q4Q0	Hypothetical membrane protein
A0Q4Q1	Cysteine--tRNA ligase
A0Q4Q2	Ribosomal protein uL3 glutamine methyltransferase
A0Q4Q3	Drug:H+ antiporter-1 (DHA1) family protein
A0Q4Q4	Acetyltransferase
A0Q4Q5	Uncharacterized protein
A0Q4Q6	TraT-like protein
A0Q4Q7	Alanine racemase
A0Q4Q8	Amino acid transporter
A0Q4Q9	Uncharacterized protein
A0Q4R0	Amino acid-polyamine-organocation family protein
A0Q4R1	Uncharacterized protein
A0Q4R2	Ubiquinone biosynthesis O-methyltransferase
A0Q4R3	VacJ like lipoprotein
A0Q4R4	BolA family protein
A0Q4R5	Uncharacterized protein
A0Q4R6	Uncharacterized protein
A0Q4R7	Uncharacterized protein
A0Q4R8	ABC-type transport system permease protein
A0Q4R9	ATP-binding cassette (ABC) superfamily protein
A0Q4S0	Cell division topological specificity factor
A0Q4S1	Septum site-determining protein MinD
A0Q4S2	Probable septum site-determining protein MinC
A0Q4S3	Large ribosomal subunit protein bL33
A0Q4S4	Large ribosomal subunit protein bL28
A0Q4S5	Uncharacterized protein
A0Q4S6	ATP-dependent DNA helicase
A0Q4S7	Uncharacterized protein
A0Q4S8	Fumarate hydratase class I
A0Q4S9	MutT/nudix family protein
A0Q4T0	Arsenate reductase
A0Q4T1	Uncharacterized protein
A0Q4T2	Uncharacterized protein
A0Q4T3	Permease
A0Q4T4	Aminotransferase
A0Q4T5	Aspartate:alanine exchanger (AAE) family protein
A0Q4T6	DNA uptake protein, SMF family
A0Q4T7	OmpA family protein
A0Q4T8	Peptidyl-prolyl cis-trans isomerase
A0Q4T9	4-hydroxy-3-methylbut-2-enyl diphosphate reductase
A0Q4U0	chorismate mutase
A0Q4U1	Phosphatidylserine synthase
A0Q4U2	Uncharacterized protein
A0Q4U3	Group A colicin translocation tolQ protein
A0Q4U4	Tol-Pal system protein TolR
A0Q4U5	Group A colicin translocation tolA protein
A0Q4U6	Tol-Pal system protein TolB
A0Q4U7	Uncharacterized protein
A0Q4U8	Peptidoglycan-associated lipoprotein, OmpA family
A0Q4U9	Ribosomal protein uS12 methylthiotransferase RimO
A0Q4V0	Short-chain alcohol dehydrogenase-like dehydrogenase
A0Q4V1	Uncharacterized protein
A0Q4V2	Deoxyribodipyrimidine photolyase
A0Q4V3	Deoxyribodipyrimidine photolyase-related protein
A0Q4V4	Sodium bile acid symporter family protein
A0Q4V5	Sensory box protein
A0Q4V6	Probable membrane transporter protein
A0Q4V7	Phage integrase
A0Q4V8	Uncharacterized protein
A0Q4V9	Uncharacterized protein
A0Q4W0	Uncharacterized protein
A0Q4W1	Uncharacterized protein
A0Q4W2	Regulatory protein, AlpA family
A0Q4W3	Phage integrase
A0Q4W4	Winged helix-turn-helix domain-containing protein
A0Q4W5	Uncharacterized protein
A0Q4W6	DUF3987 domain-containing protein
A0Q4W7	Uncharacterized protein
A0Q4W8	Uncharacterized protein
A0Q4W9	Uncharacterized protein
A0Q4X0	Arsenite-antimonite (ArsB) efflux family protein
A0Q4X1	Conserved hypothetical membrane protein
A0Q4X2	Uncharacterized protein
A0Q4X3	4-hydroxybenzoate octaprenyltransferase
A0Q4X4	Chorismate pyruvate lyase
A0Q4X5	Ribonuclease PH
A0Q4X6	Uncharacterized protein
A0Q4X7	Type IV pili, pilus assembly protein
A0Q4X8	Zn-dependent protease with chaperone function
A0Q4X9	LemA-like protein
A0Q4Y0	Transcriptional regulator, LysR family
A0Q4Y1	Uncharacterized protein
A0Q4Y2	P-type Zn(2+) transporter
A0Q4Y3	Transcriptional regulator, ArsR family
A0Q4Y4	Peptidase C39-like domain-containing protein
A0Q4Y5	Glycerol-3-phosphate dehydrogenase [NAD(P)+]
A0Q4Y6	Hypothetical membrane protein
A0Q4Y7	DNA repair protein RadA
A0Q4Y8	Uncharacterized protein
A0Q4Y9	Hypothetical membrane protein
A0Q4Z0	Chorismate synthase
A0Q4Z1	Hypothetical membrane protein
A0Q4Z2	peptide-methionine (R)-S-oxide reductase
A0Q4Z3	Superoxide dismutase [Cu-Zn]
A0Q4Z4	Sterol desaturase
A0Q4Z5	Amino acid transporter (AAT) family protein
A0Q4Z6	Mannose-6-phosphate isomerase
A0Q4Z7	S-(hydroxymethyl)glutathione dehydrogenase
A0Q4Z8	Aminotransferase
A0Q4Z9	Cation diffusion facilitator (CDF) family protein
A0Q500	DNA repair protein RecN
A0Q501	Type IV pili, pilus assembly protein
A0Q502	Type IV pili, pilus assembly protein
A0Q503	Type IV pili, pilus assembly protein
A0Q504	undecaprenyl-diphosphate phosphatase
A0Q505	Bifunctional protein FolD
A0Q506	Endonuclease
A0Q507	Phosphoribosylformylglycinamidine cyclo-ligase
A0Q508	Multifunctional fusion protein
A0Q509	Phosphoribosylglycinamide formyltransferase
A0Q510	N5-carboxyaminoimidazole ribonucleotide mutase
A0Q511	N5-carboxyaminoimidazole ribonucleotide synthase
A0Q512	UPF0102 protein FTN_0424
A0Q513	oligopeptidase A
A0Q514	Uncharacterized protein
A0Q515	Uncharacterized protein
A0Q516	Uncharacterized protein
A0Q517	Uncharacterized protein
A0Q518	Type IV secretion system outer membrane lipoprotein VirB7
A0Q519	Hypothetical membrane protein
A0Q520	DNA topoisomerase 1
A0Q521	Chromosome partition protein A, ATPase
A0Q522	Chromosome partition protein B
A0Q523	Glutamine amidotransferase, class I
A0Q524	Lipolytic enzyme
A0Q525	Hydrolase, HD superfamily
A0Q526	Ribosomal RNA large subunit methyltransferase E
A0Q527	Uncharacterized protein
A0Q528	Lipoprotein signal peptidase
A0Q529	Isoleucine--tRNA ligase
A0Q530	Riboflavin biosynthesis protein
A0Q531	NAD-dependent malic enzyme
A0Q532	Uncharacterized protein
A0Q533	Uncharacterized protein
A0Q534	GTPase Der
A0Q535	UDP-N-acetylglucosamine 1-carboxyvinyltransferase
A0Q536	UDP-N-acetylenolpyruvoylglucosamine reductase
A0Q537	Uncharacterized protein
A0Q538	Uncharacterized protein
A0Q539	Signal transduction protein with a PAS, a PAC, an EAL and a GGDEF domain
A0Q540	Uncharacterized protein
A0Q541	Glycosyl transferase
A0Q542	Uncharacterized protein
A0Q543	protein-glutamate O-methyltransferase
A0Q544	Signal transduction protein with a PAS, a PAC, an EAL and a GGDEF domain
A0Q545	Uncharacterized protein
A0Q546	Histidine triad (HIT) family protein
A0Q547	2-octaprenylphenol hydroxylase
A0Q548	Uncharacterized protein
A0Q549	Ubiquinone/menaquinone biosynthesis C-methyltransferase UbiE
A0Q550	Glucose kinase (Glucokinase)
A0Q551	Uncharacterized protein
A0Q552	Inner membrane-spanning protein YciB
A0Q553	Sua5/YciO/YrdC family protein
A0Q554	Uncharacterized protein
A0Q555	Sugar transporter, MFS superfamily
A0Q556	Methionine--tRNA ligase
A0Q557	NADPH-dependent FMN reductase
A0Q558	Uncharacterized protein
A0Q559	Conserved hypothetical membrane protein
A0Q560	Metallopeptidase, M50B family
A0Q561	Uncharacterized protein
A0Q562	Phosphatidylserine decarboxylase proenzyme
A0Q563	Uncharacterized protein
A0Q564	Bifunctional NMN adenylyltransferase/Nudix hydrolase
A0Q565	Bifunctional protein GlmU
A0Q566	Glutamine--fructose-6-phosphate aminotransferase [isomerizing]
A0Q567	Acetyltransferase
A0Q568	Small ribosomal subunit protein bS21
A0Q569	Cold shock protein, DNA-binding
A0Q570	NTP pyrophosphohydrolase MazG-like domain-containing protein
A0Q571	Methionine aminopeptidase
A0Q572	Uncharacterized protein
A0Q573	DNA topoisomerase 4 subunit A
A0Q574	adenosylhomocysteine nucleosidase
A0Q575	Hypothetical membrane protein
A0Q576	BNR/Asp-box repeat protein
A0Q577	Soluble lytic murein transglycosylase
A0Q578	Uncharacterized protein
A0Q579	Hypothetical membrane protein
A0Q580	DNA polymerase III subunit alpha
A0Q581	Peptide deformylase
A0Q582	ABC transporter, involved in lipoprotein release, permease component
A0Q583	Lipoprotein-releasing system ATP-binding protein LolD
A0Q584	Lysine decarboxylase
A0Q585	Aminomethyltransferase
A0Q586	Glycine cleavage system H protein
A0Q587	Probable glycine dehydrogenase (decarboxylating) subunit 1
A0Q588	Probable glycine dehydrogenase (decarboxylating) subunit 2
A0Q589	site-specific DNA-methyltransferase (adenine-specific)
A0Q590	Uncharacterized protein
A0Q591	Shikimate 5-dehydrogenase
A0Q592	Pullulanase
A0Q593	1,4-alpha-glucan branching enzyme GlgB
A0Q594	phosphoglucomutase (alpha-D-glucose-1,6-bisphosphate-dependent)
A0Q595	Glucose-1-phosphate adenylyltransferase
A0Q596	Glycogen synthase
A0Q597	Alpha-1,4 glucan phosphorylase
A0Q598	4-alpha-glucanotransferase
A0Q599	Glycine--tRNA ligase alpha subunit
A0Q5A0	UDP-N-acetylmuramyl-tripeptide synthetase
A0Q5A1	Uncharacterized protein
A0Q5A2	UDP-N-acetylmuramoyl-tripeptide--D-alanyl-D-alanine ligase
A0Q5A3	Uncharacterized protein
A0Q5A4	Aspartate-semialdehyde dehydrogenase
A0Q5A5	Bifunctional aspartokinase/homoserine dehydrogenase
A0Q5A6	Homoserine kinase
A0Q5A7	Threonine synthase
A0Q5A8	UDP-2,3-diacylglucosamine hydrolase
A0Q5A9	Orotate phosphoribosyltransferase
A0Q5B0	UDP-N-acetylmuramate:L-alanyl-gamma-D-glutamyl-meso-diaminopimelate ligase
A0Q5B1	tRNA/rRNA methyltransferase
A0Q5B2	Conserved hypothetical membrane protein
A0Q5B3	Bcr/CflA family efflux transporter
A0Q5B4	Conserved hypothetical membrane protein
A0Q5B5	Drug:H+ antiporter-1 (DHA1) family protein
A0Q5B6	ATP-binding protein Uup
A0Q5B7	Proton-dependent oligopeptide transporter (POT) family protein, di-or tripeptide:H+ symporter
A0Q5B8	Conserved hypothetical membrane protein
A0Q5B9	Glutamine--tRNA ligase
A0Q5C0	Phosphoenolpyruvate carboxykinase (ATP)
A0Q5C1	Phospho-N-acetylmuramoyl-pentapeptide-transferase
A0Q5C2	UDP-N-acetylmuramoylalanine--D-glutamate ligase
A0Q5C3	Probable peptidoglycan glycosyltransferase FtsW
A0Q5C4	Uncharacterized protein
A0Q5C5	Glycosyl transferase, group 2
A0Q5C6	Dolichyl-phosphate-mannose-protein mannosyltransferase family protein
A0Q5C7	Probable Fe(2+)-trafficking protein
A0Q5C8	Sulfurtransferase
A0Q5C9	Stringent starvation protein A
A0Q5D0	Peptidase family S49 protein
A0Q5D1	DNA polymerase III subunit delta'
A0Q5D2	RNA-binding protein
A0Q5D3	Delta-aminolevulinic acid dehydratase
A0Q5D4	tRNA (cytidine(34)-2'-O)-methyltransferase
A0Q5D5	Periplasmic L-asparaginase II
A0Q5D6	Uncharacterized protein
A0Q5D7	Arginine--tRNA ligase
A0Q5D8	LPS-assembly protein LptD
A0Q5D9	Peptidyl-prolyl cis-trans isomerase (PPIase)
A0Q5E0	Ribosomal RNA small subunit methyltransferase A
A0Q5E1	bis(5'-nucleosyl)-tetraphosphatase (symmetrical)
A0Q5E2	3-dehydroquinate dehydratase
A0Q5E3	Biotin carboxyl carrier protein of acetyl-CoA carboxylase
A0Q5E4	Biotin carboxylase
A0Q5E5	Uncharacterized protein
A0Q5E6	Mechanosensitive ion channel protein
A0Q5E7	tRNA synthetase class II (D, K and N)
A0Q5E8	BirA-like protein
A0Q5E9	Single-stranded-DNA-specific exonuclease RecJ
A0Q5F0	PerM family protein
A0Q5F1	Amino acid-polyamine-organocation (APC) superfamily protein
A0Q5F2	Putrescine-binding periplasmic protein
A0Q5F3	Uncharacterized protein
A0Q5F4	Small ribosomal subunit biogenesis GTPase RsgA
A0Q5F5	Uncharacterized protein
A0Q5F6	DUF2147 domain-containing protein
A0Q5F7	DNA mismatch repair protein MutL
A0Q5F8	Major facilitator superfamily (MFS) transport protein
A0Q5F9	Major facilitator superfamily (MFS) transport protein
A0Q5G0	Thioredoxin reductase
A0Q5G1	Phospholipase D family protein
A0Q5G2	phosphoglycolate phosphatase
A0Q5G3	Transcriptional regulator, LysR family
A0Q5G4	Uncharacterized protein
A0Q5G5	PF03932 family protein CutC
A0Q5G6	DUF1543 domain-containing protein
A0Q5G7	Deoxyguanosinetriphosphate triphosphohydrolase-like protein
A0Q5G8	Asparaginase
A0Q5G9	Proton-dependent oligopeptide transporter (POT) family protein, di-or tripeptide:H+ symporter
A0Q5H0	Uncharacterized protein
A0Q5H1	Conserved hypothetical membrane protein
A0Q5H2	Hypothetical membrane protein
A0Q5H3	Succinate--CoA ligase [ADP-forming] subunit alpha
A0Q5H4	Succinate--CoA ligase [ADP-forming] subunit beta
A0Q5H5	Uncharacterized protein
A0Q5H6	Uncharacterized protein
A0Q5H7	Protein-disulfide isomerase
A0Q5H8	tRNA-dihydrouridine(20/20a) synthase
A0Q5H9	Gamma-glutamylcyclotransferase
A0Q5I0	DNA gyrase subunit B
A0Q5I1	Pyridoxal 5'-phosphate synthase subunit PdxS
A0Q5I2	Pyridoxal 5'-phosphate synthase subunit PdxT
A0Q5I3	Formamidopyrimidine-DNA glycosylase
A0Q5I4	AMP-binding protein
A0Q5I5	Ribosomal RNA small subunit methyltransferase H
A0Q5I6	Cell division protein FtsL
A0Q5I7	Peptidoglycan D,D-transpeptidase FtsI
A0Q5I8	Small ribosomal subunit protein uS15
A0Q5I9	Polyribonucleotide nucleotidyltransferase
A0Q5J0	Iron-sulfur cluster insertion protein ErpA
A0Q5J1	2-dehydro-3-deoxyphosphooctonate aldolase
A0Q5J2	Uridine kinase
A0Q5J3	DNA-directed RNA polymerase subunit omega
A0Q5J4	Uncharacterized protein
A0Q5J5	23S rRNA (uracil(1939)-C(5))-methyltransferase RlmD
A0Q5J6	ROK family protein
A0Q5J7	ROK family protein
A0Q5J8	Major facilitator superfamily (MFS) transport protein
A0Q5J9	Enolase
A0Q5K0	Cell division protein FtsB
A0Q5K1	2-C-methyl-D-erythritol 4-phosphate cytidylyltransferase
A0Q5K2	Serine permease
A0Q5K3	L-threonine 3-dehydrogenase
A0Q5K4	2-amino-3-ketobutyrate coenzyme A ligase
A0Q5K5	Chitinase
A0Q5K6	Uracil phosphoribosyltransferase
A0Q5K7	Formyltetrahydrofolate deformylase
A0Q5K8	Uncharacterized protein
A0Q5K9	Metabolite:H+ symporter (MHS) family protein
A0Q5L0	Deoxyguanosinetriphosphate triphosphohydrolase-like protein
A0Q5L1	Catalase-peroxidase
A0Q5L2	Oxidoreductase, short chain dehydrogenase/reductase family
A0Q5L3	Serine-type D-Ala-D-Ala carboxypeptidase
A0Q5L4	Glycerol-3-phosphate transporter
A0Q5L5	Glycerophosphoryl diester phosphodiesterase
A0Q5L6	Sulfate permease family protein
A0Q5L7	Endoribonuclease L-PSP
A0Q5L8	C4-dicarboxylate transport protein
A0Q5L9	ABC-type transport ATP-binding protein CydC
A0Q5M0	ABC-type transport ATP-binding protein CydD
A0Q5M1	Uncharacterized protein
A0Q5M2	Uncharacterized protein
A0Q5M3	Multidrug/oligosaccharidyl-lipid/polysaccharide (MOP) transporter
A0Q5M4	fructokinase
A0Q5M5	Serine--tRNA ligase
A0Q5M6	2,3-bisphosphoglycerate-independent phosphoglycerate mutase
A0Q5M7	D-2-hydroxyglutarate dehydrogenase
A0Q5M8	Cytidine deaminase
A0Q5M9	Uridine phosphorylase
A0Q5N0	tRNA-(Ms(2)io(6)a)-hydroxylase
A0Q5N1	Conserved hypothetical membrane protein
A0Q5N2	Ribosomal RNA small subunit methyltransferase D
A0Q5N3	Zn-dependent peptidase, M16 family
A0Q5N4	Pitrilysin
A0Q5N5	Uncharacterized protein
A0Q5N6	Lipopolysaccharide export system permease protein LptF
A0Q5N7	Probable cytosol aminopeptidase
A0Q5N8	Inosine-5'-monophosphate dehydrogenase
A0Q5N9	Thiamine diphosphokinase
A0Q5P0	Glucose-6-phosphate isomerase
A0Q5P1	Type II secretion system protein H
A0Q5P2	Transcription elongation factor GreA
A0Q5P3	UvrABC system protein A
A0Q5P4	Drug:H+ antiporter-1 (DHA2) family protein
A0Q5P5	ATP-dependent zinc metalloprotease FtsH
A0Q5P6	Uridine phosphorylase
A0Q5P7	Uncharacterized protein
A0Q5P8	Lipoprotein LPP20-like domain-containing protein
A0Q5P9	Protein translocase subunit SecA
A0Q5Q0	3-methyladenine DNA glycosylase
A0Q5Q1	Glycerate kinase
A0Q5Q2	Large ribosomal subunit protein bL21
A0Q5Q3	Large ribosomal subunit protein bL27
A0Q5Q4	Uncharacterized protein
A0Q5Q5	Bcr/CflA family efflux transporter
A0Q5Q6	Ribonuclease D
A0Q5Q7	UvrABC system protein C
A0Q5Q8	Acid phosphatase/phosphotransferase
A0Q5Q9	Methyltransferase activator Trm112 homolog
A0Q5R0	3-deoxy-manno-octulosonate cytidylyltransferase
A0Q5R1	HIT family protein
A0Q5R2	Galactokinase
A0Q5R3	Galactose-1-phosphate uridylyltransferase
A0Q5R4	Galactose-proton symporter, major facilitator superfamily (MFS) transport protein
A0Q5R5	Galactose-proton symporter, major facilitator superfamily (MFS) transport protein
A0Q5R6	Peptidyl-prolyl cis-trans isomerase C
A0Q5R7	ATP-dependent RNA helicase DeaD
A0Q5R8	Guanylate kinase
A0Q5R9	Quinolinate synthase
A0Q5S0	nicotinate-nucleotide diphosphorylase (carboxylating)
A0Q5S1	L-aspartate oxidase
A0Q5S2	adenosine deaminase
A0Q5S3	Hypothetical membrane protein
A0Q5S4	chorismate mutase
A0Q5S5	Glutathione peroxidase
A0Q5S6	Uncharacterized protein
A0Q5S7	L-Ala-D/L-Glu epimerase
A0Q5S8	DUF676 domain-containing protein
A0Q5S9	Bifunctional NAD(P)H-hydrate repair enzyme
A0Q5T0	Type I restriction-modification system, subunit S
A0Q5T1	site-specific DNA-methyltransferase (adenine-specific)
A0Q5T2	Abortive infection bacteriophage resistance protein
A0Q5T3	Hypothetical membrane protein
A0Q5T4	Type I restriction-modification system, subunit S
A0Q5T5	Uncharacterized protein
A0Q5T6	Uncharacterized protein
A0Q5T7	Type I restriction enzyme endonuclease subunit
A0Q5T8	Predicted metal-dependent hydrolase
A0Q5T9	Heat shock protein 15
A0Q5U0	LPS-assembly protein LptD
A0Q5U1	PKD/Chitinase domain-containing protein
A0Q5U2	Uncharacterized protein
A0Q5U3	Uncharacterized protein
A0Q5U4	Conserved hypothetical membrane protein
A0Q5U5	Membrane fusion protein
A0Q5U6	Uncharacterized protein
A0Q5U7	Transcriptional regulator, IclR family
A0Q5U8	Uncharacterized protein
A0Q5U9	L-lysine 2,3-aminomutase
A0Q5V0	Cold shock protein, DNA-binding
A0Q5V1	Uncharacterized protein
A0Q5V2	Small ribosomal subunit protein bS21
A0Q5V3	Hypothetical membrane protein
A0Q5V4	Predicted Co/Zn/Cd cation transporter
A0Q5V5	UTP--glucose-1-phosphate uridylyltransferase
A0Q5V6	Acetate--CoA ligase
A0Q5V7	Conserved hypothetical membrane protein
A0Q5V8	Uncharacterized protein
A0Q5V9	DUF1311 domain-containing protein
A0Q5W0	DNA replication and repair protein RecF
A0Q5W1	Mg-dependent DNase
A0Q5W2	Glycine--tRNA ligase beta subunit
A0Q5W3	ATP-binding cassette putrescine uptake system, membrane protein, subunit I
A0Q5W4	ATP-binding cassette putrescine uptake system, membrane protein, subunit H
A0Q5W5	Spermidine/putrescine import ATP-binding protein PotA
A0Q5W6	Uncharacterized protein
A0Q5W7	Proton-dependent oligopeptide transporter (POT) family protein, di-or tripeptide:H+ symporter
A0Q5W8	phosphoserine phosphatase
A0Q5W9	Conserved hypothetical membrane protein
A0Q5X0	Uncharacterized protein
A0Q5X1	Uncharacterized protein
A0Q5X2	Alanine racemase
A0Q5X3	Amino acid-polyamine-organocation (APC) superfamily protein
A0Q5X4	Prephenate dehydratase
A0Q5X5	Predicted metal-dependent hydrolase
A0Q5X6	L-serine dehydratase
A0Q5X7	Cysteine desulfurase
A0Q5X8	Core domain-containing protein
A0Q5X9	Uncharacterized protein
A0Q5Y0	Phosphopantetheine adenylyltransferase
A0Q5Y1	4Fe-4S ferredoxin
A0Q5Y2	OmpA family protein
A0Q5Y3	CRISPR-associated endonuclease Cas9
A0Q5Y4	CRISPR-associated endonuclease Cas1 1
A0Q5Y5	CRISPR-associated endoribonuclease Cas2 1
A0Q5Y6	CRISPR-associated exonuclease Cas4
A0Q5Y7	Radical SAM family protein
A0Q5Y8	Glutaredoxin like protein
A0Q5Y9	Thioesterase superfamily protein
A0Q5Z0	Uncharacterized protein
A0Q5Z1	Choloylglycine hydrolase family protein
A0Q5Z2	rRNA methyltransferase
A0Q5Z3	Betaine/carnitine/choline transporter (BCCT) family protein
A0Q5Z4	Tryptophan-rich sensory protein
A0Q5Z5	Peptide methionine sulfoxide reductase MsrA
A0Q5Z6	Bcr/CflA family efflux transporter
A0Q5Z7	Protein-disulfide isomerase
A0Q5Z8	Peptidyl-prolyl cis-trans isomerase FKBP-type N-terminal domain-containing protein
A0Q5Z9	Epoxyqueuosine reductase
A0Q600	Ribosomal silencing factor RsfS
A0Q601	Uncharacterized protein
A0Q602	DNA 3'-5' helicase
A0Q603	Uncharacterized protein
A0Q604	Alanine--tRNA ligase
A0Q605	TolC family protein
A0Q606	Cytosol aminopeptidase
A0Q607	Transaldolase
A0Q608	Uncharacterized protein
A0Q609	Isochorismatase family protein
A0Q610	Isochorismatase family protein
A0Q611	Uncharacterized protein
A0Q612	ATP-dependent DNA helicase Rep
A0Q613	Uncharacterized protein
A0Q614	tRNA uridine(34) hydroxylase
A0Q615	Recombination-associated protein RdgC
A0Q616	Uncharacterized protein
A0Q617	Uncharacterized protein
A0Q618	SPM domain-containing protein
A0Q619	Transcriptional regulator
A0Q620	Fatty acid hydroxylase
A0Q621	Ribosomal RNA large subunit methyltransferase K/L
A0Q622	Membrane transporter of cations and cationic drugs, multidrug resistance protein
A0Q623	ArsB arsenite/antimonite exporter
A0Q624	Transcriptional regulator, ArsR family
A0Q625	Uncharacterized protein
A0Q626	Methionyl-tRNA formyltransferase
A0Q627	Glutathione synthetase
A0Q628	Glutamate-1-semialdehyde 2,1-aminomutase
A0Q629	beta-N-acetylhexosaminidase
A0Q630	Short chain dehydrogenase
A0Q631	Acetoacetate decarboxylase
A0Q632	Fucose: H+ symporter (FHS) family protein
A0Q633	ROK family protein
A0Q634	Bifunctional ligase/repressor BirA
A0Q635	ATP-dependent dethiobiotin synthetase BioD
A0Q636	Biotin synthesis protein BioC
A0Q637	8-amino-7-oxononanoate synthase
A0Q638	Biotin synthase
A0Q639	Adenosylmethionine-8-amino-7-oxononanoate aminotransferase
A0Q640	Uncharacterized protein
A0Q641	Lipase/esterase
A0Q642	6-hydroxymethyl-7,8-dihydropterin pyrophosphokinase/dihydropteroate synthase
A0Q643	Dihydroneopterin aldolase
A0Q644	AMP-binding enzyme
A0Q645	aminodeoxychorismate synthase
A0Q646	Para-aminobenzoate synthase component II
A0Q647	Lysosomal dipeptide transporter MFSD1
A0Q648	Aldo/keto reductase family protein
A0Q649	Aldo/keto reductase family protein
A0Q650	Carbon-nitrogen hydrolase family protein
A0Q651	Uncharacterized protein
A0Q652	Conserved hypothetical membrane protein
A0Q653	GTP cyclohydrolase I
A0Q654	DEAD-box ATP-dependent RNA helicase RhpA
A0Q655	Proton-dependent oligopeptide transporter (POT) family protein, di-or tripeptide:H+ symporter
A0Q656	UPF0145 protein FTN_0833
A0Q657	Glutathione reductase
A0Q658	Uncharacterized protein
A0Q659	Kinase-like protein
A0Q660	Uncharacterized protein
A0Q661	Exodeoxyribonuclease III
A0Q662	Succinylglutamate desuccinylase/Aspartoacylase catalytic domain-containing protein
A0Q663	NADPH-quinone reductase (Modulator of drug activity B)
A0Q664	ThiJ/PfpI family protein
A0Q665	Phospho-2-dehydro-3-deoxyheptonate aldolase
A0Q666	Signal recognition particle protein
A0Q667	Hypothetical membrane protein
A0Q668	Probable membrane transporter protein
A0Q669	Translation initiation factor IF-1
A0Q670	Uncharacterized protein
A0Q671	Amino acid antiporter
A0Q672	Trk system potassium uptake protein TrkA
A0Q673	Transcriptional regulator
A0Q674	SufS activator complex, sufB subunit
A0Q675	SufS activator complex, sufC subunit
A0Q676	SufS activator complex, sufD subunit
A0Q677	Amidinotransferase
A0Q678	Uncharacterized protein
A0Q679	Thioredoxin
A0Q680	Uncharacterized protein
A0Q681	Transcriptional regulator, MarR family
A0Q682	Hypothetical membrane protein
A0Q683	Amino acid transporter (AAT) family protein
A0Q684	Aminotransferase class I/classII large domain-containing protein
A0Q685	PAC domain-containing protein
A0Q686	Hypothetical membrane protein
A0Q687	Uncharacterized protein
A0Q688	8-oxo-dGTP diphosphatase
A0Q689	UPF0301 protein FTN_0866
A0Q690	Putative pre-16S rRNA nuclease
A0Q691	Uncharacterized protein
A0Q692	Uncharacterized protein
A0Q693	Leucine--tRNA ligase
A0Q694	LPS-assembly lipoprotein LptE
A0Q695	Small conductance mechanosensitive ion channel (MscS) family protein
A0Q696	dCTP deaminase
A0Q697	Iron-sulfur cluster carrier protein
A0Q698	Metabolite:H+ symporter (MHS) family
A0Q699	Cardiolipin synthase
A0Q6A0	Cardiolipin synthase
A0Q6A1	Uncharacterized protein
A0Q6A2	Zinc (Zn2+)-iron (Fe2+) permease (ZIP) family protein
A0Q6A3	Uncharacterized protein
A0Q6A4	Fe2+/Zn2+ uptake regulator protein
A0Q6A5	Phenylalanine--tRNA ligase beta subunit
A0Q6A6	Phenylalanine--tRNA ligase alpha subunit
A0Q6A7	Drug/metabolite transporter superfamily protein
A0Q6A8	Proton-dependent oligopeptide transporter (POT) family protein, di-or tripeptide:H+ symporter
A0Q6A9	Sugar:cation symporter family protein
A0Q6B0	Uncharacterized protein
A0Q6B1	Hypothetical membrane protein
A0Q6B2	Transcriptional regulator, cro/C1-type HTH domain
A0Q6B3	Uncharacterized protein
A0Q6B4	Holliday junction branch migration complex subunit RuvB
A0Q6B5	Short chain dehydrogenase
A0Q6B6	Uncharacterized protein
A0Q6B7	GDSL-like lipolytic enzyme
A0Q6B8	Uncharacterized protein
A0Q6B9	1-deoxy-D-xylulose-5-phosphate synthase
A0Q6C0	GMP synthase [glutamine-hydrolyzing]
A0Q6C1	Amino acid permease
A0Q6C2	tRNA pseudouridine synthase A
A0Q6C3	Uncharacterized protein
A0Q6C4	Isomerase
A0Q6C5	Lipopolysaccharide export system ATP-binding protein LptB
A0Q6C6	Uncharacterized protein
A0Q6C7	Uncharacterized protein
A0Q6C8	3-deoxy-D-manno-octulosonate 8-phosphate phosphatase KdsC
A0Q6C9	Inorganic pyrophosphatase
A0Q6D0	serine-type D-Ala-D-Ala carboxypeptidase
A0Q6D1	UPF0250 protein FTN_0908
A0Q6D2	Octanoyltransferase
A0Q6D3	Sugar:cation symporter family protein
A0Q6D4	Glycosyl hydrolases family 31 protein
A0Q6D5	NADH:ubiquinone reductase (non-electrogenic)
A0Q6D6	RNA polymerase sigma factor RpoD
A0Q6D7	DNA primase
A0Q6D8	Uncharacterized protein
A0Q6D9	Small ribosomal subunit protein bS21
A0Q6E0	Serine-type D-Ala-D-Ala carboxypeptidase
A0Q6E1	Uncharacterized protein
A0Q6E2	Thioesterase
A0Q6E3	tRNA-cytidine(32) 2-sulfurtransferase 1
A0Q6E4	Peptidyl-prolyl cis-trans isomerase
A0Q6E5	Octaprenyl diphosphate synthase
A0Q6E6	Uncharacterized protein
A0Q6E7	Hypothetical membrane protein
A0Q6E8	Uncharacterized protein
A0Q6E9	Adenylyl-sulfate kinase
A0Q6F0	Sulfate adenylyltransferase subunit 1
A0Q6F1	Sulfate adenylyltransferase subunit 2
A0Q6F2	Uncharacterized protein
A0Q6F3	Sulfotransferase domain-containing protein
A0Q6F4	Serine/threonine protein kinase
A0Q6F5	ABC transporter, ATP-binding protein
A0Q6F6	Uncharacterized protein
A0Q6F7	Microcin J25-processing protein McjB C-terminal domain-containing protein
A0Q6F8	asparagine synthase (glutamine-hydrolyzing)
A0Q6F9	Uncharacterized protein
A0Q6G0	Uncharacterized protein
A0Q6G1	Uncharacterized protein
A0Q6G2	Uncharacterized protein
A0Q6G3	Uncharacterized protein
A0Q6G4	Uncharacterized protein
A0Q6G5	Uncharacterized protein
A0Q6G6	Ribosomal-protein-alanine acetyltransferase
A0Q6G7	Uncharacterized protein
A0Q6G8	Pseudouridine synthase
A0Q6G9	Type IV pili, pilus assembly protein
A0Q6H0	Dual-specificity RNA methyltransferase RlmN
A0Q6H1	Replicative DNA helicase
A0Q6H2	Large ribosomal subunit protein bL9
A0Q6H3	Small ribosomal subunit protein bS18
A0Q6H4	Small ribosomal subunit protein bS6
A0Q6H5	Prepilin-type N-terminal cleavage/methylation domain-containing protein
A0Q6H6	Oxygen-dependent coproporphyrinogen-III oxidase
A0Q6H7	Histidine acid phosphatase
A0Q6H8	Phosphoserine aminotransferase
A0Q6H9	Cytidylate kinase
A0Q6I0	Short chain dehydrogenase
A0Q6I1	Glutathione-dependent peroxiredoxin
A0Q6I2	Oxidative stress transcriptional regulator
A0Q6I3	Methylamine utilization protein MauE
A0Q6I4	Uncharacterized protein
A0Q6I5	2-oxoadipate dioxygenase/decarboxylase
A0Q6I6	aldehyde dehydrogenase (NAD(+))
A0Q6I7	Dehydrogenase
A0Q6I8	Metal-dependent exopeptidase
A0Q6I9	Uncharacterized protein
A0Q6J0	D-alanyl-D-alanine carboxypeptidase
A0Q6J1	DNA polymerase III subunit epsilon
A0Q6J2	Uncharacterized protein
A0Q6J3	Uncharacterized protein
A0Q6J4	Phosphonoacetate hydrolase YjdM
A0Q6J5	Uncharacterized protein
A0Q6J6	Thioredoxin peroxidase
A0Q6J7	Haloacid dehalogenase-like hydrolase
A0Q6J8	Uncharacterized protein
A0Q6J9	ThiF family protein
A0Q6K0	Uncharacterized protein
A0Q6K1	3-demethoxyubiquinol 3-hydroxylase
A0Q6K2	Major facilitator superfamily (MFS) transport protein
A0Q6K3	Malate dehydrogenase
A0Q6K4	Ribonucleoside-diphosphate reductase
A0Q6K5	Glutaredoxin 1
A0Q6K6	ribonucleoside-diphosphate reductase
A0Q6K7	Probable ATP-binding protein YheS
A0Q6K8	DJ-1/PfpI family protein
A0Q6K9	DNA polymerase IV
A0Q6L0	tRNA-dihydrouridine synthase
A0Q6L1	Ribosomal protein L11 methyltransferase
A0Q6L2	Fe-dependent alcohol dehydrogenase
A0Q6L3	4Fe-4S ferredoxin, FAD dependent
A0Q6L4	L-lactate dehydrogenase
A0Q6L5	Tyrosine--tRNA ligase
A0Q6L6	Lipoate-protein ligase A
A0Q6L7	Hypothetical membrane protein
A0Q6L8	ATP-dependent protease HslVU, peptidase subunit
A0Q6L9	ATP-dependent protease ATPase subunit HslU
A0Q6M0	Proton-dependent oligopeptide transporter (POT) family protein, di-or tripeptide:H+ symporter
A0Q6M1	Potassium channel protein
A0Q6M2	Soluble pyridine nucleotide transhydrogenase
A0Q6M3	Prepilin leader peptidase/N-methyltransferase
A0Q6M4	Thiol:disulfide interchange protein
A0Q6M5	Beta-lactamase
A0Q6M6	Peptidyl-tRNA hydrolase
A0Q6M7	Ribosome-binding ATPase YchF
A0Q6M8	Uncharacterized protein
A0Q6M9	Transporter-associated protein, HlyC/CorC family
A0Q6N0	Large ribosomal subunit protein bL25
A0Q6N1	Ribose-phosphate pyrophosphokinase
A0Q6N2	Succinylglutamate desuccinylase/Aspartoacylase catalytic domain-containing protein
A0Q6N3	Major facilitator superfamily (MFS) transport protein
A0Q6N4	Lysosomal dipeptide transporter MFSD1
A0Q6N5	Small-conductance mechanosensitive channel
A0Q6N6	Monovalent cation:proton antiporter family protein
A0Q6N7	Nicotinamide riboside transporter PnuC
A0Q6N8	Isochorismatase family protein
A0Q6N9	Uncharacterized protein
A0Q6P0	Aldolase/adducin class II family protein
A0Q6P1	Pyridoxal-dependent decarboxylase
A0Q6P2	Uncharacterized protein
A0Q6P3	Metal-independent carbonic anhydrase domain-containing protein
A0Q6P4	Uncharacterized protein
A0Q6P5	Hypothetical membrane protein
A0Q6P6	RmuC family protein
A0Q6P7	Holliday junction branch migration complex subunit RuvA
A0Q6P8	Lysosomal dipeptide transporter MFSD1
A0Q6P9	Crossover junction endodeoxyribonuclease RuvC
A0Q6Q0	Probable transcriptional regulatory protein FTN_1028
A0Q6Q1	Glyoxalase
A0Q6Q2	Lipoyl synthase
A0Q6Q3	Ferritin
A0Q6Q4	Proton-dependent oligopeptide transporter (POT) family protein, di-or tripeptide:H+ symporter
A0Q6Q5	Glutaredoxin 2
A0Q6Q6	Iron-sulfur cluster-binding protein
A0Q6Q7	Endonuclease III
A0Q6Q8	Uncharacterized protein
A0Q6Q9	Hypothetical membrane protein
A0Q6R0	Conserved hypothetical membrane protein
A0Q6R1	Transcription-repair-coupling factor
A0Q6R2	Ketol-acid reductoisomerase
A0Q6R3	Acetolactate synthase small subunit
A0Q6R4	Acetolactate synthase
A0Q6R5	Dihydroxy-acid dehydratase
A0Q6R6	Threonine synthase
A0Q6R7	Probable GTP-binding protein EngB
A0Q6R8	protein-tyrosine-phosphatase
A0Q6R9	Protein HflC
A0Q6S0	Protein HflK
A0Q6S1	Oxidoreductase
A0Q6S2	GTPase HflX
A0Q6S3	RNA-binding protein Hfq
A0Q6S4	tRNA dimethylallyltransferase
A0Q6S5	Uncharacterized protein
A0Q6S6	DNA-binding protein HU-beta
A0Q6S7	Lon protease
A0Q6S8	ATP-dependent Clp protease ATP-binding subunit ClpX
A0Q6S9	ATP-dependent Clp protease proteolytic subunit
A0Q6T0	Trigger factor
A0Q6T1	Uncharacterized protein
A0Q6T2	Thymidine kinase
A0Q6T3	Acid phosphatase, HAD superfamily protein
A0Q6T4	O-methyltransferase family protein
A0Q6T5	tRNA-2-methylthio-N(6)-dimethylallyladenosine synthase
A0Q6T6	PhoH-like protein
A0Q6T7	Endoribonuclease YbeY
A0Q6T8	Magnesium and cobalt efflux protein CorC
A0Q6T9	Apolipoprotein N-acyltransferase
A0Q6U0	Uncharacterized protein
A0Q6U1	Uncharacterized protein
A0Q6U2	Uncharacterized protein
A0Q6U3	Uncharacterized protein
A0Q6U4	Beta-lactamase
A0Q6U5	Endonuclease
A0Q6U6	X-prolyl aminopeptidase 2
A0Q6U7	Peptidoglycan editing factor PgeF
A0Q6U8	4-hydroxy-3-methylbut-2-en-1-yl diphosphate synthase (flavodoxin)
A0Q6U9	Uncharacterized protein
A0Q6V0	Sugar porter (SP) family
A0Q6V1	Phosphosugar binding protein
A0Q6V2	Dicarboxylate/amino acid:cation (Na+ or H+) symporter
A0Q6V3	Protein nucleotidyltransferase YdiU
A0Q6V4	Uncharacterized protein
A0Q6V5	Rubredoxin
A0Q6V6	Uncharacterized protein
A0Q6V7	Hypothetical membrane protein
A0Q6V8	Carbonic anhydrase
A0Q6V9	asparaginase
A0Q6W0	Ribonuclease H
A0Q6W1	Uncharacterized protein
A0Q6W2	3-phosphoshikimate 1-carboxyvinyltransferase
A0Q6W3	RNA polymerase sigma factor RpoH
A0Q6W4	Uncharacterized protein
A0Q6W5	Protein-export membrane protein SecF
A0Q6W6	Protein translocase subunit SecD
A0Q6W7	Sec translocon accessory complex subunit YajC
A0Q6W8	Isochorismatase family protein
A0Q6W9	Conserved hypothetical membrane protein
A0Q6X0	Transcriptional regulator, LysR family
A0Q6X1	Queuine tRNA-ribosyltransferase
A0Q6X2	Uncharacterized protein
A0Q6X3	Uncharacterized protein
A0Q6X4	Bacterial lipoprotein FTN_1103
A0Q6X5	Uncharacterized protein
A0Q6X6	Glycerol-3-phosphate acyltransferase
A0Q6X7	Cell division ATP-binding protein FtsE
A0Q6X8	Methionine uptake transporter (MUT) family protein, membrane and periplasmic protein
A0Q6X9	Hydroxy/aromatic amino acid permease (HAAAP) family protein
A0Q6Y0	Rhodanese-like family protein
A0Q6Y1	2-C-methyl-D-erythritol 2,4-cyclodiphosphate synthase
A0Q6Y2	Mur ligase family protein
A0Q6Y3	Cyanophycin synthetase
A0Q6Y4	Uncharacterized protein
A0Q6Y5	Glycerophosphoryl diester phosphodiesterase
A0Q6Y6	Type IV pili ATPase
A0Q6Y7	Type IV pili polytopic inner membrane protein
A0Q6Y8	ATP binding protein
A0Q6Y9	Lipoprotein
A0Q6Z0	Uncharacterized protein
A0Q6Z1	Ferrochelatase
A0Q6Z2	Deoxyribodipyrimidine photo-lyase
A0Q6Z3	Uncharacterized protein
A0Q6Z4	Uncharacterized protein
A0Q6Z5	Uncharacterized protein
A0Q6Z6	Short chain dehydrogenase
A0Q6Z7	Membrane ion antiporter regulator
A0Q6Z8	Aldose 1-epimerase
A0Q6Z9	Coenzyme A biosynthesis bifunctional protein CoaBC
A0Q700	Major facilitator superfamily (MFS) transport protein
A0Q701	Amino acid-polyamine-organocation (APC) superfamily
A0Q702	Bifunctional protein PutA
A0Q703	FAD assembly factor SdhE
A0Q704	Uncharacterized protein
A0Q705	Uncharacterized protein
A0Q706	3-dehydroquinate synthase
A0Q707	Shikimate kinase
A0Q708	Type IV pili secretin component
A0Q709	Type IV pili periplasmic component
A0Q710	Type IV pili glycosylation protein
A0Q711	Type IV pili associated protein
A0Q712	Type IV pili, pilus assembly protein
A0Q713	Adenylate kinase
A0Q714	4Fe-4S ferredoxin, FAD dependent
A0Q715	Hypothetical membrane protein
A0Q716	GTPase Era
A0Q717	Aminotransferase
A0Q718	Glutamine amidotransferases class-II family protein
A0Q719	tRNA threonylcarbamoyladenosine biosynthesis protein TsaB
A0Q720	N-acetylglucosamine-6-phosphate deacetylase
A0Q721	Ribosome biogenesis GTPase A
A0Q722	Uncharacterized protein
A0Q723	site-specific DNA-methyltransferase (adenine-specific)
A0Q724	Uncharacterized protein
A0Q725	Type I restriction-modification system, subunit S
A0Q726	Type I restriction-modification system, subunit R (Restriction)
A0Q727	Uncharacterized protein
A0Q728	Large ribosomal subunit assembly factor BipA
A0Q729	Methyltransferase
A0Q730	Glutathione hydrolase proenzyme
A0Q731	VacJ like lipoprotein
A0Q732	Uncharacterized protein
A0Q733	UPF0125 protein FTN_1162
A0Q734	Oligoketide cyclase/lipid transport protein
A0Q735	SsrA-binding protein
A0Q736	tRNA-cytidine(32) 2-sulfurtransferase 2
A0Q737	Metabolite:H+ symporter (MHS) family protein
A0Q738	Uncharacterized protein
A0Q739	Exodeoxyribonuclease 7 large subunit
A0Q740	Peptidase, M20 family
A0Q741	Uncharacterized protein
A0Q742	DUF403 domain-containing protein
A0Q743	Uncharacterized protein
A0Q744	Metabolite:H+ symporter (MHS) family protein
A0Q745	Glutamate racemase
A0Q746	Uncharacterized protein
A0Q747	UvrABC system protein B
A0Q748	Exodeoxyribonuclease I
A0Q749	Short-chain dehydrogenase
A0Q750	Transcriptional regulator, LysR family
A0Q751	Hypothetical membrane protein
A0Q752	Hypothetical membrane protein
A0Q753	tRNA uridine 5-carboxymethylaminomethyl modification enzyme MnmG
A0Q754	Uncharacterized protein
A0Q755	Hypothetical membrane protein
A0Q756	Ribose-5-phosphate isomerase A
A0Q757	M13 family metallopeptidase
A0Q758	TVP38/TMEM64 family membrane protein
A0Q759	Large ribosomal subunit protein bL20
A0Q760	Large ribosomal subunit protein bL35
A0Q761	Translation initiation factor IF-3
A0Q762	Threonine--tRNA ligase
A0Q763	Chitin-binding protein
A0Q764	Uncharacterized protein
A0Q765	Glycine cleavage system H protein
A0Q766	UDP-N-acetylglucosamine--N-acetylmuramyl-(pentapeptide) pyrophosphoryl-undecaprenol N-acetylglucosamine transferase
A0Q767	Nucleoid-associated protein FTN_1196
A0Q768	Recombination protein RecR
A0Q769	guanosine-3',5'-bis(diphosphate) 3'-diphosphatase
A0Q770	Uncharacterized protein
A0Q771	Capsule biosynthesis protein CapC
A0Q772	Capsule biosynthesis protein CapB
A0Q773	Metabolite:H+ symporter (MHS) family protein
A0Q774	Asparaginase
A0Q775	Cyanophycinase
A0Q776	Ribokinase, pfkB family
A0Q777	Haloacid dehalogenase-like hydrolase
A0Q778	Glycosyl transferase, group 1
A0Q779	Glycosyl transferase, family 2
A0Q780	Glycosyl transferase, family 2
A0Q781	Capsule polysaccharide export protein KpsC
A0Q782	Uncharacterized protein
A0Q783	ATP-binding cassette (ABC) superfamily protein
A0Q784	Glycosyl transferase, group 1
A0Q785	UDP-glucose 4-epimerase
A0Q786	Sugar transferase involved in lipopolysaccharide synthesis
A0Q787	Ribulose-phosphate 3-epimerase
A0Q788	Arabinose 5-phosphate isomerase
A0Q789	Conserved hypothetical membrane protein
A0Q790	HvfC N-terminal domain-containing protein
A0Q791	Uncharacterized protein
A0Q792	Uncharacterized protein
A0Q793	Metallo-beta-lactamase superfamily protein
A0Q794	Enoyl-[acyl-carrier-protein] reductase [NADH]
A0Q795	Cytokinin riboside 5'-monophosphate phosphoribohydrolase
A0Q796	Uncharacterized protein
A0Q797	lactoylglutathione lyase
A0Q798	Conserved hypothetical membrane protein
A0Q799	Haloacid dehalogenase-like hydrolase
A0Q7A0	S-adenosylmethionine:tRNA ribosyltransferase-isomerase
A0Q7A1	Uncharacterized protein
A0Q7A2	2-octaprenyl-3-methyl-6-methoxy-1,4-benzoquinol hydroxylase
A0Q7A3	2-octaprenyl-6-methoxyphenyl hydroxylase
A0Q7A4	YecA family protein
A0Q7A5	5-formyltetrahydrofolate cyclo-ligase
A0Q7A6	BolA family protein
A0Q7A7	DedA family protein
A0Q7A8	DedA family protein
A0Q7A9	DNA repair protein RecO
A0Q7B0	Uncharacterized protein
A0Q7B1	cysteine desulfurase
A0Q7B2	Ribonuclease E
A0Q7B3	Phosphatidylglycerol--prolipoprotein diacylglyceryl transferase
A0Q7B4	Thymidylate synthase
A0Q7B5	D-3-phosphoglycerate dehydrogenase
A0Q7B6	tRNA(Ile)-lysidine synthase
A0Q7B7	Proton-dependent oligopeptide transporter (POT) family protein, di-or tripeptide:H+ symporter
A0Q7B8	Choloylglycine hydrolase family protein
A0Q7B9	Glycosyl transferase, group 1
A0Q7C0	Uncharacterized protein
A0Q7C1	Glycosyl transferase, family 8
A0Q7C2	O-antigen ligase-related domain-containing protein
A0Q7C3	Uncharacterized protein
A0Q7C4	Dual-action ribosomal maturation protein DarP
A0Q7C5	Serine hydroxymethyltransferase
A0Q7C6	Hypothetical membrane protein
A0Q7C7	Uncharacterized protein
A0Q7C8	FAD binding family protein
A0Q7C9	Outer membrane protein assembly factor BamD
A0Q7D0	Pseudouridine synthase
A0Q7D1	Peptidoglycan hydrolase
A0Q7D2	ABC-type transport system permease protein
A0Q7D3	ATP-binding Cassette (ABC) superfamily protein
A0Q7D4	Uncharacterized protein
A0Q7D5	Uncharacterized protein
A0Q7D6	Uncharacterized protein
A0Q7D7	Ribosomal RNA small subunit methyltransferase E
A0Q7D8	Proton-dependent oligopeptide transporter (POT) family protein, di-or tripeptide:H+ symporter
A0Q7D9	Long-chain-fatty-acid--CoA ligase
A0Q7E0	Transcriptional regulator, AraC family
A0Q7E1	Drug:H+ antiporter-1 (DHA2) family protein
A0Q7E2	Membrane fusion protein
A0Q7E3	Outer membrane efflux protein
A0Q7E4	NH(3)-dependent NAD(+) synthetase
A0Q7E5	Uncharacterized protein
A0Q7E6	Tryptophan repressor binding protein-like flavidoxin
A0Q7E7	Pirin family protein
A0Q7E8	Transcriptional regulator, LysR family
A0Q7E9	Chaperone protein DnaJ
A0Q7F0	Chaperone protein DnaK
A0Q7F1	Protein GrpE
A0Q7F2	Membrane-bound lytic murein transglycosylase A
A0Q7F3	Protoporphyrinogen oxidase
A0Q7F4	Large ribosomal subunit protein uL13
A0Q7F5	Small ribosomal subunit protein uS9
A0Q7F6	Macrophage growth locus, protein A
A0Q7F7	Macrophage growth locus, subunit B
A0Q7F8	Solute:sodium symporter
A0Q7F9	Ribonuclease HII
A0Q7G0	tRNA (cytidine/uridine-2'-O-)-methyltransferase TrmJ
A0Q7G1	PEP-dependent sugar phosphotransferase system (PTS), enzyme IIA
A0Q7G2	Ribosome hibernation promoting factor
A0Q7G3	Uncharacterized protein
A0Q7G4	tRNA modification GTPase MnmE
A0Q7G5	Uncharacterized protein
A0Q7G6	Transcriptional regulator, LysR family
A0Q7G7	Choloylglycine hydrolase family protein
A0Q7G8	cysteine synthase
A0Q7G9	Disulfide bond formation protein DsbB family
A0Q7H0	Uncharacterized protein
A0Q7H1	Uncharacterized protein
A0Q7H2	Type VI lipoprotein IgE-like C-terminal domain-containing protein
A0Q7H3	Uncharacterized protein
A0Q7H4	Uncharacterized protein
A0Q7H5	Uncharacterized protein
A0Q7H6	Uncharacterized protein
A0Q7H7	Type IV / VI secretion system DotU domain-containing protein
A0Q7H8	Uncharacterized protein
A0Q7H9	Uncharacterized protein
A0Q7I0	Uncharacterized protein
A0Q7I1	Uncharacterized protein
A0Q7I2	Intracellular growth locus protein D
A0Q7I3	Intracellular growth locus protein C
A0Q7I4	Intracellular growth locus protein B
A0Q7I5	Intracellular growth locus protein A
A0Q7I6	Uncharacterized protein
A0Q7I7	Anhydro-N-acetylmuramic acid kinase
A0Q7I8	Trehalase
A0Q7I9	Fructose-1,6-bisphosphate aldolase
A0Q7J0	Pyruvate kinase
A0Q7J1	Phosphoglycerate kinase
A0Q7J2	Glyceraldehyde-3-phosphate dehydrogenase
A0Q7J3	Transketolase
A0Q7J4	Large ribosomal RNA subunit accumulation protein YceD
A0Q7J5	Large ribosomal subunit protein bL32
A0Q7J6	Phosphate acyltransferase
A0Q7J7	Beta-ketoacyl-[acyl-carrier-protein] synthase III
A0Q7J8	Malonyl CoA-acyl carrier protein transacylase
A0Q7J9	3-oxoacyl-[acyl-carrier-protein] reductase
A0Q7K0	Acyl carrier protein
A0Q7K1	3-oxoacyl-[acyl-carrier-protein] synthase 2
A0Q7K2	Uncharacterized protein
A0Q7K3	MnmC-like methyltransferase domain-containing protein
A0Q7K4	Major facilitator superfamily (MFS) transport protein
A0Q7K5	Conserved hypothetical membrane protein
A0Q7K6	Inositol-1-monophosphatase
A0Q7K7	16S rRNA (cytosine(967)-C(5))-methyltransferase
A0Q7K8	Acetyltransferase
A0Q7K9	Uncharacterized protein
A0Q7L0	DNA ligase
A0Q7L1	Uncharacterized protein
A0Q7L2	3-methyl-2-oxobutanoate hydroxymethyltransferase
A0Q7L3	Pantothenate synthetase
A0Q7L4	Aspartate 1-decarboxylase
A0Q7L5	Type III pantothenate kinase
A0Q7L6	RecBCD enzyme subunit RecD
A0Q7L7	RecBCD enzyme subunit RecB
A0Q7L8	Hypothetical membrane protein
A0Q7L9	RecBCD enzyme subunit RecC
A0Q7M0	Glutamate synthase domain 2
A0Q7M1	Drug/metabolite exporter
A0Q7M2	Uncharacterized protein
A0Q7M3	Prophage repressor protein
A0Q7M4	Uncharacterized protein aq-1923 domain-containing protein
A0Q7M5	Fe2+ transport system protein A
A0Q7M6	Uncharacterized protein
A0Q7M7	Hydroxyacylglutathione hydrolase
A0Q7M8	Uncharacterized protein
A0Q7M9	Uncharacterized protein
A0Q7N0	Uroporphyrinogen-III synthase
A0Q7N1	Sulfur acceptor protein SufE
A0Q7N2	Disulfide bond formation protein, DsbB family
A0Q7N3	Proline--tRNA ligase
A0Q7N4	Uncharacterized protein
A0Q7N5	Aspartate/tyrosine/aromatic aminotransferase
A0Q7N6	Uncharacterized protein
A0Q7N7	Uncharacterized protein
A0Q7N8	Omega-amidase YafV
A0Q7N9	Transcription antitermination protein NusB
A0Q7P0	Uncharacterized protein
A0Q7P1	Uncharacterized protein
A0Q7P2	Uncharacterized protein
A0Q7P3	Oxidoreductase
A0Q7P4	Probable membrane transporter protein
A0Q7P5	Zn-dependent hydrolase
A0Q7P6	Uncharacterized NAD(FAD)-dependent dehydrogenase
A0Q7P7	Rhodanese-related sulfurtransferase
A0Q7P8	Transcriptional regulator, ArsR family
A0Q7P9	CRISPR-associated endoribonuclease Cas2
A0Q7Q0	CRISPR-associated endonuclease Cas1
A0Q7Q1	RecB family exonuclease
A0Q7Q2	CRISPR-associated endonuclease Cas12a
A0Q7Q3	Acetyltransferase
A0Q7Q4	Uncharacterized protein
A0Q7Q5	tRNA (guanine-N(7)-)-methyltransferase
A0Q7Q6	Homoserine/threonine efflux family protein
A0Q7Q7	NAD kinase
A0Q7Q8	Glycosyl transferase
A0Q7Q9	Transport permease protein
A0Q7R0	ATP-binding cassette (ABC) superfamily protein
A0Q7R1	Probable membrane transporter protein
A0Q7R2	Uncharacterized protein
A0Q7R3	Mg-dependent DNase
A0Q7R4	Major facilitator superfamily (MFS) transport protein
A0Q7R5	Bacterioferritin
A0Q7R6	DNA-directed RNA polymerase subunit alpha 2
A0Q7R7	Replication-associated recombination protein A
A0Q7R8	Exopolyphosphatase
A0Q7R9	Thioredoxin
A0Q7S0	Transcription termination factor Rho
A0Q7S1	Phosphomannomutase
A0Q7S2	mannose-1-phosphate guanylyltransferase
A0Q7S3	O antigen flippase
A0Q7S4	asparagine synthase (glutamine-hydrolyzing)
A0Q7S5	Glycosyl transferase, group 1
A0Q7S6	Glycosyl transferase, group 1
A0Q7S7	Hypothetical membrane protein
A0Q7S8	NAD dependent epimerase
A0Q7S9	UDP-glucose/GDP-mannose dehydrogenase family protein
A0Q7T0	Glycosyl transferase, group 1
A0Q7T1	Transferase
A0Q7T2	Galactosyl transferase
A0Q7T3	GDP-perosamine synthase
A0Q7T4	dTDP-glucose 4,6-dehydratase
A0Q7T5	HrpA-like helicase
A0Q7T6	Uncharacterized protein
A0Q7T7	Isocitrate dehydrogenase [NADP]
A0Q7T8	Arsenate reductase
A0Q7T9	Long-chain-fatty-acid--CoA ligase
A0Q7U0	Acyl-coenzyme A dehydrogenase
A0Q7U1	Bifunctional protein: 3-hydroxacyl-CoA dehydrogenase/acyl-CoA-binding protein
A0Q7U2	Acetyl-CoA C-acetyltransferase
A0Q7U3	Uncharacterized protein
A0Q7U4	Sugar porter (SP) family protein
A0Q7U5	Uncharacterized protein
A0Q7U6	Nicotinamide phosphoribosyltransferase
A0Q7U7	Ornithine cyclodeaminase
A0Q7U8	Uncharacterized protein
A0Q7U9	Uncharacterized protein
A0Q7V0	Uncharacterized protein
A0Q7V1	DUF6844 domain-containing protein
A0Q7V2	Penicillin-binding protein activator LpoB
A0Q7V3	Hypothetical membrane protein
A0Q7V4	Uncharacterized protein
A0Q7V5	Transcriptional regulatory protein BfpR
A0Q7V6	Probable sensor histidine kinase BfpK
A0Q7V7	NAD/FAD-binding protein
A0Q7V8	Uncharacterized protein
A0Q7V9	Cyclopropane fatty acid synthase, methyltransferase
A0Q7W0	Uncharacterized protein
A0Q7W1	DUF3833 domain-containing protein
A0Q7W2	Short chain dehydrogenase
A0Q7W3	Delta 9 acyl-lipid fatty acid desaturase
A0Q7W4	Ribonuclease R
A0Q7W5	tRNA pseudouridine synthase B
A0Q7W6	Ribonuclease 3
A0Q7W7	Signal peptidase I
A0Q7W8	Two-component response regulator
A0Q7W9	Uncharacterized protein
A0Q7X0	Pyrroline-5-carboxylate reductase
A0Q7X1	dITP/XTP pyrophosphatase
A0Q7X2	3-deoxy-D-manno-octulosonic acid transferase
A0Q7X3	Geranyl diphosphate synthase/farnesyl diphosphate synthase
A0Q7X4	Phosphatidylcholine synthase
A0Q7X5	ADP/GDP-polyphosphate phosphotransferase
A0Q7X6	beta-N-acetylhexosaminidase
A0Q7X7	Uncharacterized protein
A0Q7X8	Cell division protein ZipA
A0Q7X9	Lipid-A-disaccharide synthase
A0Q7Y0	UDP-N-acetylglucosamine acyltransferase
A0Q7Y1	3-hydroxyacyl-[acyl-carrier-protein] dehydratase FabZ
A0Q7Y2	UDP-3-O-acylglucosamine N-acyltransferase
A0Q7Y3	Outer membrane protein OmpH
A0Q7Y4	Outer membrane protein assembly factor BamA
A0Q7Y5	1-deoxy-D-xylulose 5-phosphate reductoisomerase
A0Q7Y6	DNA gyrase subunit A
A0Q7Y7	Chitin-binding protein
A0Q7Y8	Uracil-DNA glycosylase
A0Q7Y9	Restriction endonuclease
A0Q7Z0	Prophage maintenance system killer protein (DOC)
A0Q7Z1	Uncharacterized protein
A0Q7Z2	Uncharacterized protein
A0Q7Z3	site-specific DNA-methyltransferase (adenine-specific)
A0Q7Z4	Dihydrolipoyl dehydrogenase
A0Q7Z5	Acetyltransferase component of pyruvate dehydrogenase complex
A0Q7Z6	Pyruvate dehydrogenase E1 component
A0Q7Z7	SAM-dependent methyltransferase
A0Q7Z8	Dephospho-CoA kinase
A0Q7Z9	Tryptophan--tRNA ligase
A0Q800	Uncharacterized protein
A0Q801	Monovalent cation:proton antiporter-1
A0Q802	Zeta toxin domain-containing protein
A0Q803	Uncharacterized protein
A0Q804	N-acetylmuramic acid 6-phosphate etherase
A0Q805	Uncharacterized protein
A0Q806	Pilus assembly protein
A0Q807	Pilus assembly protein
A0Q808	Acetyl-coenzyme A carboxylase carboxyl transferase subunit alpha
A0Q809	DNA mismatch repair protein MutS
A0Q810	Protein-export protein SecB 2
A0Q811	Uncharacterized protein
A0Q812	Hydroxy/aromatic amino acid permease (HAAAP) family protein
A0Q813	Tyrosine recombinase XerC
A0Q814	Ribosomal RNA small subunit methyltransferase J
A0Q815	Hypothetical membrane protein
A0Q816	Uncharacterized protein
A0Q817	Uncharacterized protein
A0Q818	GTP pyrophosphokinase
A0Q819	Uncharacterized protein
A0Q820	Hydroxy/aromatic amino acid permease (HAAAP) family protein
A0Q821	10 TMS drug/metabolite exporter protein
A0Q822	Subunit of DnaJ/DnaK/GrpE: chaperone with DnaK heat shock protein
A0Q823	Amino acid-polyamine-organocation family protein
A0Q824	Hypothetical membrane protein
A0Q825	Phosphatidyltransferase
A0Q826	Dihydrolipoamide dehydrogenase
A0Q827	TVP38/TMEM64 family membrane protein
A0Q828	Methylated-DNA--[protein]-cysteine S-methyltransferase
A0Q829	Glutamate:GABA antiporter (APC family) protein
A0Q830	Diaminopimelate decarboxylase
A0Q831	Uncharacterized protein
A0Q832	Glutamate dehydrogenase
A0Q833	Uncharacterized protein
A0Q834	Uncharacterized protein
A0Q835	Short chain dehydrogenase
A0Q836	Amino acid-polyamine-organocation (APC) superfamily protein
A0Q837	Uncharacterized protein
A0Q838	Chaperonin GroEL
A0Q839	Co-chaperonin GroES
A0Q840	Conserved hypothetical membrane protein
A0Q841	UPF0246 protein FTN_1542
A0Q842	Ribosomal RNA large subunit methyltransferase H
A0Q843	Release factor glutamine methyltransferase
A0Q844	Peptide chain release factor 1
A0Q845	Glutamyl-tRNA reductase
A0Q846	Ancillary SecYEG translocon subunit
A0Q847	Outer membrane protein assembly factor BamB
A0Q848	Bcr/CflA family efflux transporter
A0Q849	DNA topoisomerase 4 subunit B
A0Q850	1,6-anhydro-N-acetylmuramyl-L-alanine amidase AmpD
A0Q851	undecaprenyl-diphosphate phosphatase
A0Q852	RNA pyrophosphohydrolase
A0Q853	Hypothetical membrane protein
A0Q854	LicB-like transmembrane protein
A0Q855	Acid phosphatase, HAD superfamily protein
A0Q856	2-oxoglutarate-dependent ethylene/succinate-forming enzyme
A0Q857	Tyrosine recombinase XerD
A0Q858	Large ribosomal subunit protein bL19
A0Q859	tRNA (guanine-N(1)-)-methyltransferase
A0Q860	Ribosome maturation factor RimM
A0Q861	Small ribosomal subunit protein bS16
A0Q862	S-adenosylmethionine synthase
A0Q863	Fatty acid desaturase
A0Q864	tRNA N6-adenosine threonylcarbamoyltransferase
A0Q865	Hypothetical membrane protein
A0Q866	DNA-directed RNA polymerase subunit beta'
A0Q867	DNA-directed RNA polymerase subunit beta
A0Q868	Large ribosomal subunit protein bL12
A0Q869	Large ribosomal subunit protein uL10
A0Q870	Large ribosomal subunit protein uL1
A0Q871	Large ribosomal subunit protein uL11
A0Q872	Transcription termination/antitermination protein NusG
A0Q873	Protein translocase subunit SecE
A0Q874	Elongation factor Tu
A0Q875	DNA helicase
A0Q876	Small-conductance mechanosensitive channel
A0Q877	Hypothetical membrane protein
A0Q878	Glycerol uptake facilitator protein
A0Q879	Glycerol-3-phosphate dehydrogenase
A0Q880	Glycerol kinase
A0Q881	Lysosomal dipeptide transporter MFSD1
A0Q882	Uncharacterized protein
A0Q883	Lysosomal dipeptide transporter MFSD1
A0Q884	Peptide/opine/nickel uptake transporter (PepT) family protein
A0Q885	Peptide/opine/nickel uptake transporter (PepT) family protein
A0Q886	Oligopeptide transport system permease protein OppC
A0Q887	Peptide/opine/nickel uptake transporter (PepT) family protein
A0Q888	ABC-type oligopeptide transport system, periplasmic component
A0Q889	DNA 3'-5' helicase
A0Q890	Signal recognition particle receptor FtsY
A0Q891	Type IV pili, pilus assembly protein
A0Q892	Peptide chain release factor 3
A0Q893	Thymidylate kinase
A0Q894	Nucleoside permease NUP family protein
A0Q895	Nucleoside permease NUP family protein
A0Q896	Deoxyribose-phosphate aldolase
A0Q897	Phosphopentomutase
A0Q898	Type III pantothenate kinase
A0Q899	DNA polymerase I
A0Q8A0	Tetraacyldisaccharide 4'-kinase
A0Q8A1	Lipid exporter (LipidE) family protein
A0Q8A2	CCA-adding enzyme
A0Q8A3	Disulfide bond formation protein
A0Q8A4	Membrane fusion protein
A0Q8A5	RND efflux transporter, AcrB/AcrD/AcrF family
A0Q8A6	Lysosomal dipeptide transporter MFSD1
A0Q8A7	Transposase IS701-like DDE domain-containing protein
A0Q8A8	Peptidase, U61 family
A0Q8A9	Uncharacterized protein
A0Q8B0	N-formylglutamate amidohydrolase
A0Q8B1	histidine kinase
A0Q8B2	Uncharacterized protein
A0Q8B3	Cytochrome bd-II terminal oxidase subunit I
A0Q8B4	Cytochrome bd-II terminal oxidase subunit II
A0Q8B5	Predicted NAD/FAD-dependent oxidoreductase
A0Q8B6	Type IV pili nucleotide-binding protein
A0Q8B7	Aconitate hydratase
A0Q8B8	Uncharacterized protein
A0Q8B9	GtrA-like protein
A0Q8C0	Heme chaperone HemW
A0Q8C1	Uncharacterized protein
A0Q8C2	Transcriptional regulator, LysR family
A0Q8C3	Protein-export membrane protein SecG
A0Q8C4	Triosephosphate isomerase
A0Q8C5	Phosphoglucosamine mutase
A0Q8C6	Adenine phosphoribosyltransferase
A0Q8C7	Dihydrolipoyllysine-residue succinyltransferase component of 2-oxoglutarate dehydrogenase complex
A0Q8C8	oxoglutarate dehydrogenase (succinyl-transferring)
A0Q8C9	Succinate dehydrogenase iron-sulfur subunit
A0Q8D0	Succinate dehydrogenase flavoprotein subunit
A0Q8D1	Succinate dehydrogenase hydrophobic membrane anchor subunit
A0Q8D2	Succinate dehydrogenase cytochrome b556 subunit
A0Q8D3	Citrate synthase
A0Q8D4	Peptide-acetyl-coenzyme A transporter (PAT) family protein
A0Q8D5	Superoxide dismutase
A0Q8D6	Glutaredoxin
A0Q8D7	Uncharacterized protein
A0Q8D8	ATP synthase epsilon chain
A0Q8D9	ATP synthase subunit beta
A0Q8E0	ATP synthase gamma chain
A0Q8E1	ATP synthase subunit alpha
A0Q8E2	ATP synthase subunit delta
A0Q8E3	ATP synthase subunit b
A0Q8E4	ATP synthase subunit c
A0Q8E5	ATP synthase subunit a
A0Q8E6	Hypothetical membrane protein
A0Q8E7	Lysosomal dipeptide transporter MFSD1
A0Q8E8	Pseudouridine synthase
A0Q8E9	Uncharacterized protein
A0Q8F0	Lysosomal dipeptide transporter MFSD1
A0Q8F1	Histidine--tRNA ligase
A0Q8F2	Ribosome-binding factor A
A0Q8F3	Translation initiation factor IF-2
A0Q8F4	Transcription termination/antitermination protein NusA
A0Q8F5	Ribosome maturation factor RimP
A0Q8F6	Uroporphyrinogen decarboxylase
A0Q8F7	Magnesium chelatase
A0Q8F8	Ubiquinone biosynthesis accessory factor UbiK
A0Q8F9	NADH-quinone oxidoreductase subunit N
A0Q8G0	NADH-quinone oxidoreductase subunit M
A0Q8G1	NADH dehydrogenase I, L subunit
A0Q8G2	NADH-quinone oxidoreductase subunit K
A0Q8G3	NADH-quinone oxidoreductase subunit J
A0Q8G4	NADH-quinone oxidoreductase subunit I
A0Q8G5	NADH-quinone oxidoreductase subunit H
A0Q8G6	NADH-quinone oxidoreductase
A0Q8G7	NADH-quinone oxidoreductase subunit F
A0Q8G8	NADH-quinone oxidoreductase subunit E
A0Q8G9	NADH-quinone oxidoreductase subunit D
A0Q8H0	NADH-quinone oxidoreductase subunit C
A0Q8H1	NADH-quinone oxidoreductase subunit B
A0Q8H2	NADH-quinone oxidoreductase subunit A
A0Q8H3	Ferric uptake regulation protein
A0Q8H4	Siderophore biosynthesis protein
A0Q8H5	Drug:H+ antiporter-1 (DHA1) family protein
A0Q8H6	Pyridoxal-dependent decarboxylase
A0Q8H7	Bcr/CflA family efflux transporter
A0Q8H8	Hypothetical membrane protein
A0Q8H9	GDSL-like lipolytic enzyme
A0Q8I0	Uncharacterized protein
A0Q8I1	Aspartyl/glutamyl-tRNA(Asn/Gln) amidotransferase subunit B
A0Q8I2	Aspartyl/glutamyl-tRNA(Asn/Gln) amidotransferase subunit A
A0Q8I3	Glu-tRNAGln amidotransferase C subunit
A0Q8I4	Membrane fusion protein
A0Q8I5	ATP-binding cassette (ABC) superfamily protein
A0Q8I6	Adenylosuccinate lyase
A0Q8I7	Uncharacterized protein
A0Q8I8	Uncharacterized protein
A0Q8I9	Galactose mutarotase
A0Q8J0	Dam-replacing family protein
A0Q8J1	Phosphoribosylformylglycinamidine synthase
A0Q8J2	Amidophosphoribosyltransferase
A0Q8J3	Glutamate decarboxylase
A0Q8J4	Phosphopantetheinyl transferase
A0Q8J5	Outer membrane efflux protein, tolC
A0Q8J6	Protein-L-isoaspartate O-methyltransferase
A0Q8J7	Peptidase, U32 family
A0Q8J8	Bcr/CflA family efflux transporter
A0Q8J9	Na+:H+ antiporter
A0Q8K0	ATP-binding cassette (ABC) superfamily protein
A0Q8K1	Amino acid-polyamine-organocation (APC) superfamily protein
A0Q8K2	GTPase Obg
A0Q8K3	Tyrosine permease
A0Q8K4	DUF6314 domain-containing protein
A0Q8K5	Uncharacterized protein
A0Q8K6	Two-component response regulator
A0Q8K7	histidine kinase
A0Q8K8	Potassium-transporting ATPase KdpC subunit
A0Q8K9	Potassium-transporting ATPase ATP-binding subunit
A0Q8L0	Potassium-transporting ATPase potassium-binding subunit
A0Q8L1	Formate dehydrogenase
A0Q8L2	Aminotransferase
A0Q8L3	Pyridoxal-dependent decarboxylase
A0Q8L4	Tetrahydrodipicolinate succinylase subunit
A0Q8L5	4-hydroxy-tetrahydrodipicolinate synthase
A0Q8L6	4-hydroxy-tetrahydrodipicolinate reductase
A0Q8L7	Aspartokinase
A0Q8L8	Proline iminopeptidase
A0Q8L9	Mg-dependent DNase
A0Q8M0	Nicotinamide riboside transporter PnuC
A0Q8M1	Uncharacterized protein
A0Q8M2	Uncharacterized protein
A0Q8M3	Uncharacterized protein
A0Q8M4	Cl-:H+ antiporter
A0Q8M5	Metal-dependent carboxypeptidase
A0Q8M6	Tryptophan synthase beta chain
A0Q8M7	Tryptophan synthase alpha chain
A0Q8M8	Uncharacterized protein
A0Q8M9	Nicotinamide riboside transporter PnuC
A0Q8N0	Chaperone protein ClpB
A0Q8N1	Chitinase
A0Q8N2	Formate-dependent phosphoribosylglycinamide formyltransferase
A0Q8N3	Hypothetical membrane protein
A0Q8N4	Ferredoxin
A0Q8N5	Acyltransferase
A0Q8N6	Acyltransferase
A0Q8N7	Uncharacterized protein
A0Q8N8	Na(+)/H(+) antiporter NhaA
A0Q8N9	Rieske (2Fe-2S) domain protein
A0Q8P0	Cytochrome b561 family protein
A0Q8P1	Metabolite:H+ symporter (MHS) family protein
A0Q8P2	thioredoxin-dependent peroxiredoxin
A0Q8P3	D-isomer specific 2-hydroxyacid dehydrogenase
A0Q8P4	Uncharacterized protein
A0Q8P5	Uncharacterized protein
A0Q8P6	Zinc-binding alcohol dehydrogenase
A0Q8P7	Energy-dependent translational throttle protein EttA
A0Q8P8	Metabolite:H+ symporter (MHS) family protein
A0Q8P9	Uncharacterized protein
A0Q8Q0	Uncharacterized protein
A0Q8Q1	Drug/metabolite transporter (DMT) superfamily protein
A0Q8Q2	Ribokinase
A0Q8Q3	Aminopeptidase N
A0Q8Q4	Heat shock protein, HSP20 family
A0Q8Q5	Multifunctional fusion protein
A0Q8Q6	Integron-associated effector binding protein domain-containing protein
A0Q8Q7	Peptide methionine sulfoxide reductase MsrA
A0Q8Q8	Nitrile hydratase alpha/Thiocyanate hydrolase gamma domain-containing protein
A0Q8Q9	Uncharacterized protein
A0Q8R0	Uncharacterized protein
A0Q8R1	Anthranilate phosphoribosyltransferase
A0Q8R2	anthranilate synthase
A0Q8R3	Anthranilate synthase component 1
A0Q8R4	Trp operon repressor
A0Q8R5	Ribonuclease G
Cont_A0A3Q1M032	Uncharacterized protein
Cont_A0A3Q1M3L6	Uncharacterized protein
Cont_A0A3Q1MJB2	Fibulin-1
Cont_A1A580	Keratin-associated protein 23-1
Cont_A2I7N0	Serpin A3-4
Cont_A2I7N1	Serpin A3-5
Cont_A2I7N2	Serpin A3-6
Cont_A2I7N3	Serpin A3-7
Cont_A5PJ69	SERPINA10 protein
Cont_A6NCN2	Putative keratin-87 protein
Cont_A6QPQ2	Serpin A3-8
Cont_A7E3W2	Galectin-3-binding protein
Cont_A8MTY7	Keratin-associated protein 9-7
Cont_A8MUX0	Keratin-associated protein 16-1
Cont_A8MVA2	Keratin-associated protein 9-6
Cont_A8MX34	Keratin-associated protein 29-1
Cont_A8MXZ3	Keratin-associated protein 9-1
Cont_AAAA1	Anti-FLAG
Cont_AAAA2	Anti-HA
Cont_E1BCW0	HGF activator
Cont_E1BF81	Corticosteroid-binding globulin
Cont_E1BJK2	Tubulin beta chain
Cont_G3MYZ3	Afamin
Cont_G3N188	Ig-like domain-containing protein
Cont_G5E513	Uncharacterized protein
Cont_O02659	Mannose-binding protein C
Cont_O43790	Keratin, type II cuticular Hb6
Cont_O46375	Transthyretin
Cont_O75690	Keratin-associated protein 5-8
Cont_O76009	Keratin, type I cuticular Ha3-I
Cont_O76011	Keratin, type I cuticular Ha4
Cont_O76013	Keratin, type I cuticular Ha6
Cont_O76014	Keratin, type I cuticular Ha7
Cont_O76015	Keratin, type I cuticular Ha8
Cont_O77727	Keratin, type I cytoskeletal 15
Cont_O82803	Small rubber particle protein
Cont_O95678	Keratin, type II cytoskeletal 75
Cont_P00004	Cytochrome c
Cont_P00330	Alcohol dehydrogenase 1
Cont_P00366	Glutamate dehydrogenase 1, mitochondrial
Cont_P00698	Lysozyme C
Cont_P00711	Alpha-lactalbumin
Cont_P00722	Beta-galactosidase
Cont_P00735	Prothrombin
Cont_P00741	Coagulation factor IX
Cont_P00743	Coagulation factor X
Cont_P00745	Vitamin K-dependent protein C (Fragment)
Cont_P00760	Serine protease 1
Cont_P00761	Trypsin
Cont_P00766	Chymotrypsinogen A
Cont_P00767	Chymotrypsinogen B
Cont_P00791	Pepsin A
Cont_P00792	Pepsin A
Cont_P00883	Fructose-bisphosphate aldolase A
Cont_P00921	Carbonic anhydrase 2
Cont_P00978	Protein AMBP
Cont_P01012	Ovalbumin
Cont_P01017	Angiotensinogen
Cont_P01030	Complement C4 (Fragments)
Cont_P01035	Cystatin-C
Cont_P01044	Kininogen-1
Cont_P01045	Kininogen-2
Cont_P01267	Thyroglobulin
Cont_P01966	Hemoglobin subunit alpha
Cont_P02070	Hemoglobin subunit beta
Cont_P02081	Hemoglobin fetal subunit beta
Cont_P02438	Keratin, high-sulfur matrix protein, B2A
Cont_P02439	Keratin, high-sulfur matrix protein, B2B
Cont_P02440	Keratin, high-sulfur matrix protein, B2C
Cont_P02441	Keratin, high-sulfur matrix protein, IIIA3
Cont_P02443	Keratin, high-sulfur matrix protein, IIIA3A
Cont_P02444	Keratin, high sulfur matrix protein, IIIB3
Cont_P02445	Keratin, high sulfur matrix protein, IIIB4
Cont_P02453	Collagen alpha-1(I) chain
Cont_P02465	Collagen alpha-2(I) chain
Cont_P02533	Keratin, type I cytoskeletal 14
Cont_P02534	Keratin, type I microfibrillar 48 kDa, component 8C-1
Cont_P02535	Keratin, type I cytoskeletal 10
Cont_P02538	Keratin, type II cytoskeletal 6A
Cont_P02539	Keratin, type II microfibrillar (Fragment)
Cont_P02584	Profilin-1
Cont_P02662	Alpha-S1-casein
Cont_P02663	Alpha-S2-casein
Cont_P02666	Beta-casein
Cont_P02668	Kappa-casein
Cont_P02672	Fibrinogen alpha chain
Cont_P02676	Fibrinogen beta chain
Cont_P02754	Beta-lactoglobulin
Cont_P02769	Albumin
Cont_P02777	Platelet factor 4
Cont_P04258	Collagen alpha-1(III) chain
Cont_P04259	Keratin, type II cytoskeletal 6B
Cont_P04264	Keratin, type II cytoskeletal 1
Cont_P05783	Keratin, type I cytoskeletal 18
Cont_P05784	Keratin, type I cytoskeletal 18
Cont_P05787	Keratin, type II cytoskeletal 8
Cont_P06868	Plasminogen
Cont_P07224	Vitamin K-dependent protein S
Cont_P07589	Fibronectin
Cont_P07744	Keratin, type II cytoskeletal 4
Cont_P08131	Keratin, high-sulfur matrix protein, B2D
Cont_P08169	Cation-independent mannose-6-phosphate receptor
Cont_P08727	Keratin, type I cytoskeletal 19
Cont_P08729	Keratin, type II cytoskeletal 7
Cont_P08730	Keratin, type I cytoskeletal 13
Cont_P08779	Keratin, type I cytoskeletal 16
Cont_P09870	Clostripain
Cont_P0C1U8	Glutamyl endopeptidase
Cont_P0C5Y4	Keratin-associated protein 1-4
Cont_P0C7H8	Keratin-associated protein 2-3
Cont_P12035	Keratin, type II cytoskeletal 3
Cont_P12260	Coagulation factor XIII A chain (Fragment)
Cont_P12763	Alpha-2-HS-glycoprotein
Cont_P12799	Fibrinogen gamma-B chain
Cont_P13384	Insulin-like growth factor-binding protein 2
Cont_P13605	Fibromodulin
Cont_P13645	Keratin, type I cytoskeletal 10
Cont_P13646	Keratin, type I cytoskeletal 13
Cont_P13647	Keratin, type II cytoskeletal 5
Cont_P13717	Nuclease
Cont_P15241	Keratin, type II microfibrillar, component 7C
Cont_P15252	Rubber elongation factor protein
Cont_P15497	Apolipoprotein A-I
Cont_P15636	Protease 1
Cont_P17690	Beta-2-glycoprotein 1
Cont_P17697	Clusterin
Cont_P18902	Retinol-binding protein 4
Cont_P19001	Keratin, type I cytoskeletal 19
Cont_P19012	Keratin, type I cytoskeletal 15
Cont_P19013	Keratin, type II cytoskeletal 4
Cont_P20930	Filaggrin
Cont_P21578	Yellow fluorescent protein
Cont_P21752	Thymosin beta-10
Cont_P22629	Streptavidin
Cont_P25690	Keratin, type I microfibrillar, 47.6 kDa
Cont_P25691	Keratin, type II microfibrillar, component 5
Cont_P26371	Keratin-associated protein 5-9
Cont_P26372	Keratin, ultra high-sulfur matrix protein
Cont_P28800	Alpha-2-antiplasmin
Cont_P30879	Gastricsin (Fragment)
Cont_P31096	Osteopontin
Cont_P31836	Neural cell adhesion molecule 1
Cont_P32503	Major capsid protein
Cont_P33433	Histidine-rich glycoprotein (Fragments)
Cont_P34955	Alpha-1-antiproteinase
Cont_P35445	Cartilage oligomeric matrix protein
Cont_P35527	Keratin, type I cytoskeletal 9
Cont_P35900	Keratin, type I cytoskeletal 20
Cont_P35908	Keratin, type II cytoskeletal 2 epidermal
Cont_P41361	Antithrombin-III
Cont_P42212	Green fluorescent protein
Cont_P42916	Collectin-43
Cont_P48668	Keratin, type II cytoskeletal 6C
Cont_P50446	Keratin, type II cytoskeletal 6A
Cont_P50448	Factor XIIa inhibitor
Cont_P55906	Transforming growth factor-beta-induced protein ig-h3
Cont_P56652	Inter-alpha-trypsin inhibitor heavy chain H3
Cont_P59990	Keratin-associated protein 12-1
Cont_P59991	Keratin-associated protein 12-2
Cont_P60014	Keratin-associated protein 10-10
Cont_P60328	Keratin-associated protein 12-3
Cont_P60329	Keratin-associated protein 12-4
Cont_P60331	Keratin-associated protein 10-1
Cont_P60368	Keratin-associated protein 10-2
Cont_P60369	Keratin-associated protein 10-3
Cont_P60370	Keratin-associated protein 10-5
Cont_P60371	Keratin-associated protein 10-6
Cont_P60372	Keratin-associated protein 10-4
Cont_P60409	Keratin-associated protein 10-7
Cont_P60410	Keratin-associated protein 10-8
Cont_P60411	Keratin-associated protein 10-9
Cont_P60412	Keratin-associated protein 10-11
Cont_P60413	Keratin-associated protein 10-12
Cont_P60712	Actin, cytoplasmic 1
Cont_P62894	Cytochrome c
Cont_P63103	14-3-3 protein zeta/delta
Cont_P67983	Metallothionein-1A
Cont_P68082	Myoglobin
Cont_P68103	Elongation factor 1-alpha 1
Cont_P68138	Actin, alpha skeletal muscle
Cont_P78385	Keratin, type II cuticular Hb3
Cont_P78386	Keratin, type II cuticular Hb5
Cont_P80012	von Willebrand factor (Fragment)
Cont_P80109	Phosphatidylinositol-glycan-specific phospholipase D
Cont_P81054	Peptidyl-Lys metalloendopeptidase
Cont_P81187	Complement factor B
Cont_P81644	Apolipoprotein A-II
Cont_P81948	Tubulin alpha-4A chain
Cont_P98140	Coagulation factor XII
Cont_Q01546	Keratin, type II cytoskeletal 2 oral
Cont_Q02958	Keratin-associated protein 6-1
Cont_Q03247	Apolipoprotein E
Cont_Q04695	Keratin, type I cytoskeletal 17
Cont_Q05443	Lumican
Cont_Q05B55	IGK protein
Cont_Q07627	Keratin-associated protein 1-1
Cont_Q0VBK2	Keratin, type II cytoskeletal 80
Cont_Q0VCM5	Inter-alpha-trypsin inhibitor heavy chain H1
Cont_Q10735	Pepsin B (Fragment)
Cont_Q14525	Keratin, type I cuticular Ha3-II
Cont_Q14532	Keratin, type I cuticular Ha2
Cont_Q14533	Keratin, type II cuticular Hb1
Cont_Q14CN4	Keratin, type II cytoskeletal 72
Cont_Q15323	Keratin, type I cuticular Ha1
Cont_Q1A7A4	Complement component C5a (Fragment)
Cont_Q1RMN8	Immunoglobulin light chain, lambda gene cluster
Cont_Q1WEI2	Protease IV
Cont_Q24K22	Hepatocyte growth factor-like protein
Cont_Q28065	C4b-binding protein alpha chain
Cont_Q28085	Complement factor H
Cont_Q28106	Contactin-1
Cont_Q28107	Coagulation factor V
Cont_Q28178	Thrombospondin-1
Cont_Q29437	Primary amine oxidase, liver isozyme
Cont_Q29443	Serotransferrin
Cont_Q29463	Anionic trypsin
Cont_Q29RQ1	Complement component C7
Cont_Q2FZL2	Glutamyl endopeptidase
Cont_Q2HJ86	Tubulin alpha-1D chain
Cont_Q2HJF0	Serotransferrin-like
Cont_Q2KIF2	Leucine-rich alpha-2-glycoprotein 1
Cont_Q2KIG3	Carboxypeptidase B2
Cont_Q2KIH2	ApoN protein
Cont_Q2KIS7	Tetranectin
Cont_Q2KIT0	Protein HP-20 homolog
Cont_Q2KIU3	Protein HP-25 homolog 2
Cont_Q2KIX7	Protein HP-25 homolog 1
Cont_Q2KJ39	Reticulocalbin-3
Cont_Q2KJ63	Plasma kallikrein
Cont_Q2KJ83	Carboxypeptidase N catalytic chain
Cont_Q2KJC7	Periostin
Cont_Q2KJD0	Tubulin beta-5 chain
Cont_Q2KJF1	Alpha-1B-glycoprotein
Cont_Q2M2I5	Keratin, type I cytoskeletal 24
Cont_Q2TBQ1	Coagulation factor XIII B chain
Cont_Q2UVX4	Complement C3
Cont_Q2YDI2	Origin recognition complex subunit 4
Cont_Q32KY0	Apolipoprotein D
Cont_Q32PI4	Complement factor I
Cont_Q32PJ2	Apolipoprotein A-IV
Cont_Q3KNV1	KRT7 protein
Cont_Q3KUS7	C3/C5 convertase (Fragment)
Cont_Q3LHN0	Keratin-associated protein 25-1
Cont_Q3LHN1	Keratin-associated protein 21-3
Cont_Q3LHN2	Keratin-associated protein 19-2
Cont_Q3LI54	Keratin-associated protein 19-8
Cont_Q3LI58	Keratin-associated protein 21-1
Cont_Q3LI59	Keratin-associated protein 21-2
Cont_Q3LI61	Keratin-associated protein 20-2
Cont_Q3LI63	Keratin-associated protein 20-1
Cont_Q3LI64	Keratin-associated protein 6-1
Cont_Q3LI66	Keratin-associated protein 6-2
Cont_Q3LI67	Keratin-associated protein 6-3
Cont_Q3LI70	Keratin-associated protein 19-6
Cont_Q3LI72	Keratin-associated protein 19-5
Cont_Q3LI73	Keratin-associated protein 19-4
Cont_Q3LI76	Keratin-associated protein 15-1
Cont_Q3LI77	Keratin-associated protein 13-4
Cont_Q3LI81	Keratin-associated protein 27-1
Cont_Q3LI83	Keratin-associated protein 24-1
Cont_Q3MHH8	Alpha-amylase
Cont_Q3MHN2	Complement component C9
Cont_Q3MHN5	Vitamin D-binding protein
Cont_Q3MIV0	Keratin-associated protein 22-1
Cont_Q3SWW8	Thrombospondin-4
Cont_Q3SX14	Gelsolin
Cont_Q3SY46	Keratin-associated protein 13-3
Cont_Q3SY84	Keratin, type II cytoskeletal 71
Cont_Q3SYF9	Keratin-associated protein 19-7
Cont_Q3SYV4	Adenylyl cyclase-associated protein 1
Cont_Q3SZ57	Alpha-fetoprotein
Cont_Q3SZR3	Alpha-1-acid glycoprotein
Cont_Q3SZV7	Hemopexin
Cont_Q3T052	Inter-alpha-trypsin inhibitor heavy chain H4
Cont_Q3TTY5	Keratin, type II cytoskeletal 2 epidermal
Cont_Q3Y5Z3	Adiponectin
Cont_Q3ZBD7	Glucose-6-phosphate isomerase
Cont_Q3ZBS7	Vitronectin
Cont_Q3ZCH5	Zinc-alpha-2-glycoprotein
Cont_Q497I4	Keratin, type I cuticular Ha5
Cont_Q52LG2	Keratin-associated protein 13-2
Cont_Q58CQ9	Pantetheinase
Cont_Q58D62	Fetuin-B
Cont_Q5D862	Filaggrin-2
Cont_Q5E9B1	L-lactate dehydrogenase B chain
Cont_Q5E9Z2	Hyaluronan-binding protein 2
Cont_Q5KR48	Tropomyosin beta chain
Cont_Q5NTB3	Coagulation factor XI
Cont_Q5XKE5	Keratin, type II cytoskeletal 79
Cont_Q61765	Keratin, type I cuticular Ha1
Cont_Q62168	Keratin, type I cuticular Ha2
Cont_Q6A162	Keratin, type I cytoskeletal 40
Cont_Q6A163	Keratin, type I cytoskeletal 39
Cont_Q6E0U4	Dermokine
Cont_Q6IFX2	Keratin, type I cytoskeletal 42
Cont_Q6IFX4	Keratin, type I cytoskeletal 39
Cont_Q6IFZ6	Keratin, type II cytoskeletal 1b
Cont_Q6IME9	Keratin, type II cytoskeletal 72
Cont_Q6KB66	Keratin, type II cytoskeletal 80
Cont_Q6L8G4	Keratin-associated protein 5-11
Cont_Q6L8G5	Keratin-associated protein 5-10
Cont_Q6L8G8	Keratin-associated protein 5-7
Cont_Q6L8G9	Keratin-associated protein 5-6
Cont_Q6L8H1	Keratin-associated protein 5-4
Cont_Q6L8H2	Keratin-associated protein 5-3
Cont_Q6L8H4	Keratin-associated protein 5-1
Cont_Q6NXH9	Keratin, type II cytoskeletal 73
Cont_Q6PEX3	Keratin-associated protein 26-1
Cont_Q6T181	Sex hormone-binding globulin (Fragment)
Cont_Q6URK6	Cadherin-5
Cont_Q701N2	Keratin-associated protein 5-5
Cont_Q701N4	Keratin-associated protein 5-2
Cont_Q7M135	Lysyl endopeptidase
Cont_Q7RTS7	Keratin, type II cytoskeletal 74
Cont_Q7SIH1	Alpha-2-macroglobulin
Cont_Q7Z3Y7	Keratin, type I cytoskeletal 28
Cont_Q7Z3Y8	Keratin, type I cytoskeletal 27
Cont_Q7Z3Y9	Keratin, type I cytoskeletal 26
Cont_Q7Z3Z0	Keratin, type I cytoskeletal 25
Cont_Q7Z4W3	Keratin-associated protein 19-3
Cont_Q7Z794	Keratin, type II cytoskeletal 1b
Cont_Q86Y46	Keratin, type II cytoskeletal 73
Cont_Q86YZ3	Hornerin
Cont_Q8BGZ7	Keratin, type II cytoskeletal 75
Cont_Q8IUB9	Keratin-associated protein 19-1
Cont_Q8IUC0	Keratin-associated protein 13-1
Cont_Q8IUC1	Keratin-associated protein 11-1
Cont_Q8IUC2	Keratin-associated protein 8-1
Cont_Q8IUC3	Keratin-associated protein 7-1
Cont_Q8IUG1	Keratin-associated protein 1-3
Cont_Q8N1A0	Keratin-like protein KRT222
Cont_Q8N1N4	Keratin, type II cytoskeletal 78
Cont_Q8SPP7	Peptidoglycan recognition protein 1
Cont_Q8VED5	Keratin, type II cytoskeletal 79
Cont_Q922U2	Keratin, type II cytoskeletal 5
Cont_Q92764	Keratin, type I cuticular Ha5
Cont_Q95121	Pigment epithelium-derived factor
Cont_Q95M17	Acidic mammalian chitinase
Cont_Q99456	Keratin, type I cytoskeletal 12
Cont_Q99PS0	Keratin, type I cytoskeletal 23
Cont_Q9BQ66	Keratin-associated protein 4-12
Cont_Q9BYP8	Keratin-associated protein 17-1
Cont_Q9BYP9	Keratin-associated protein 9-9
Cont_Q9BYQ0	Keratin-associated protein 9-8
Cont_Q9BYQ2	Keratin-associated protein 9-4
Cont_Q9BYQ3	Keratin-associated protein 9-3
Cont_Q9BYQ4	Keratin-associated protein 9-2
Cont_Q9BYQ5	Keratin-associated protein 4-6
Cont_Q9BYQ6	Keratin-associated protein 4-11
Cont_Q9BYQ7	Keratin-associated protein 4-1
Cont_Q9BYQ8	Keratin-associated protein 4-9
Cont_Q9BYQ9	Keratin-associated protein 4-8
Cont_Q9BYR0	Keratin-associated protein 4-7
Cont_Q9BYR2	Keratin-associated protein 4-5
Cont_Q9BYR3	Keratin-associated protein 4-4
Cont_Q9BYR4	Keratin-associated protein 4-3
Cont_Q9BYR5	Keratin-associated protein 4-2
Cont_Q9BYR6	Keratin-associated protein 3-3
Cont_Q9BYR7	Keratin-associated protein 3-2
Cont_Q9BYR8	Keratin-associated protein 3-1
Cont_Q9BYR9	Keratin-associated protein 2-4
Cont_Q9BYS1	Keratin-associated protein 1-5
Cont_Q9BYT5	Keratin-associated protein 2-2
Cont_Q9BYU5	Keratin-associated protein 2-1
Cont_Q9C075	Keratin, type I cytoskeletal 23
Cont_Q9D312	Keratin, type I cytoskeletal 20
Cont_Q9D646	Keratin, type I cuticular Ha4
Cont_Q9DCV7	Keratin, type II cytoskeletal 7
Cont_Q9N2I2	Plasma serine protease inhibitor
Cont_Q9NSB2	Keratin, type II cuticular Hb4
Cont_Q9NSB4	Keratin, type II cuticular Hb2
Cont_Q9QWL7	Keratin, type I cytoskeletal 17
Cont_Q9R0H5	Keratin, type II cytoskeletal 71
Cont_Q9R4J4	Peptidyl-Asp metalloendopeptidase (Fragments)
Cont_Q9TT36	Thyroxine-binding globulin
Cont_Q9TTE1	Serpin A3-1
Cont_Q9TTJ5	Regucalcin
Cont_Q9TTK6	Membrane primary amine oxidase
Cont_Q9U6Y5	GFP-like fluorescent chromoprotein FP506
Cont_Q9XSJ4	Alpha-enolase
Cont_Q9Z2K1	Keratin, type I cytoskeletal 16
sp|A0Q3U7|DNAA_FRATN	Chromosomal replication initiator protein DnaA
sp|A0Q3W9|TPMT_FRATN	Thiopurine S-methyltransferase
sp|A0Q402|DTD_FRATN	D-aminoacyl-tRNA deacylase
sp|A0Q406|LEUD_FRATN	3-isopropylmalate dehydratase small subunit
sp|A0Q414|ORN_FRATN	Oligoribonuclease
sp|A0Q415|EFP_FRATN	Elongation factor P
sp|A0Q419|YIDC_FRATN	Membrane protein insertase YidC
sp|A0Q420|YIDD_FRATN	Putative membrane protein insertion efficiency factor
sp|A0Q422|RL34_FRATN	Large ribosomal subunit protein bL34
sp|A0Q425|MURC_FRATN	UDP-N-acetylmuramate--L-alanine ligase
sp|A0Q444|RSMG_FRATN	Ribosomal RNA small subunit methyltransferase G
sp|A0Q452|RS20_FRATN	Small ribosomal subunit protein bS20
sp|A0Q453|LEPA_FRATN	Elongation factor 4
sp|A0Q454|MNMA_FRATN	tRNA-specific 2-thiouridylase MnmA
sp|A0Q467|SECB1_FRATN	Protein-export protein SecB 1
sp|A0Q468|RECA_FRATN	Protein RecA
sp|A0Q481|HEM3_FRATN	Porphobilinogen deaminase
sp|A0Q491|LOLB_FRATN	Outer-membrane lipoprotein LolB
sp|A0Q492|ISPE_FRATN	4-diphosphocytidyl-2-C-methyl-D-erythritol kinase
sp|A0Q4A6|DDL_FRATN	D-alanine--D-alanine ligase
sp|A0Q4C3|PURA_FRATN	Adenylosuccinate synthetase
sp|A0Q4E4|CYOE_FRATN	Protoheme IX farnesyltransferase
sp|A0Q4G6|SYE_FRATN	Glutamate--tRNA ligase
sp|A0Q4H1|RS2_FRATN	Small ribosomal subunit protein uS2
sp|A0Q4H2|EFTS_FRATN	Elongation factor Ts
sp|A0Q4H3|PYRH_FRATN	Uridylate kinase
sp|A0Q4H4|RRF_FRATN	Ribosome-recycling factor
sp|A0Q4H7|DUT_FRATN	Deoxyuridine 5'-triphosphate nucleotidohydrolase
sp|A0Q4H9|RS12_FRATN	Small ribosomal subunit protein uS12
sp|A0Q4I0|RS7_FRATN	Small ribosomal subunit protein uS7
sp|A0Q4I1|EFG_FRATN	Elongation factor G
sp|A0Q4I2|RS10_FRATN	Small ribosomal subunit protein uS10
sp|A0Q4I3|RL3_FRATN	Large ribosomal subunit protein uL3
sp|A0Q4I4|RL4_FRATN	Large ribosomal subunit protein uL4
sp|A0Q4I5|RL23_FRATN	Large ribosomal subunit protein uL23
sp|A0Q4I6|RL2_FRATN	Large ribosomal subunit protein uL2
sp|A0Q4I7|RS19_FRATN	Small ribosomal subunit protein uS19
sp|A0Q4I8|RL22_FRATN	Large ribosomal subunit protein uL22
sp|A0Q4I9|RS3_FRATN	Small ribosomal subunit protein uS3
sp|A0Q4J0|RL16_FRATN	Large ribosomal subunit protein uL16
sp|A0Q4J1|RL29_FRATN	Large ribosomal subunit protein uL29
sp|A0Q4J2|RS17_FRATN	Small ribosomal subunit protein uS17
sp|A0Q4J3|RL14_FRATN	Large ribosomal subunit protein uL14
sp|A0Q4J4|RL24_FRATN	Large ribosomal subunit protein uL24
sp|A0Q4J5|RL5_FRATN	Large ribosomal subunit protein uL5
sp|A0Q4J6|RS14_FRATN	Small ribosomal subunit protein uS14
sp|A0Q4J7|RS8_FRATN	Small ribosomal subunit protein uS8
sp|A0Q4J8|RL6_FRATN	Large ribosomal subunit protein uL6
sp|A0Q4J9|RL18_FRATN	Large ribosomal subunit protein uL18
sp|A0Q4K0|RS5_FRATN	Small ribosomal subunit protein uS5
sp|A0Q4K1|RL30_FRATN	Large ribosomal subunit protein uL30
sp|A0Q4K2|RL15_FRATN	Large ribosomal subunit protein uL15
sp|A0Q4K4|RL36_FRATN	Large ribosomal subunit protein bL36
sp|A0Q4K5|RS13_FRATN	Small ribosomal subunit protein uS13
sp|A0Q4K6|RS11_FRATN	Small ribosomal subunit protein uS11
sp|A0Q4K7|RS4_FRATN	Small ribosomal subunit protein uS4
sp|A0Q4K8|RPOA1_FRATN	DNA-directed RNA polymerase subunit alpha 1
sp|A0Q4K9|RL17_FRATN	Large ribosomal subunit protein bL17
sp|A0Q4L0|HTPG_FRATN	Chaperone protein HtpG
sp|A0Q4L3|PYRG_FRATN	CTP synthase
sp|A0Q4L4|NDK_FRATN	Nucleoside diphosphate kinase
sp|A0Q4M1|RL31_FRATN	Large ribosomal subunit protein bL31
sp|A0Q4N4|LOLA_FRATN	Outer-membrane lipoprotein carrier protein
sp|A0Q4N6|LPXF_FRATN	Lipid A 4'-phosphatase
sp|A0Q4Q1|SYC_FRATN	Cysteine--tRNA ligase
sp|A0Q4S0|MINE_FRATN	Cell division topological specificity factor
sp|A0Q4S3|RL33_FRATN	Large ribosomal subunit protein bL33
sp|A0Q4S4|RL28_FRATN	Large ribosomal subunit protein bL28
sp|A0Q4T9|ISPH_FRATN	4-hydroxy-3-methylbut-2-enyl diphosphate reductase
sp|A0Q4U6|TOLB_FRATN	Tol-Pal system protein TolB
sp|A0Q4U9|RIMO_FRATN	Ribosomal protein uS12 methylthiotransferase RimO
sp|A0Q4X3|UBIA_FRATN	4-hydroxybenzoate octaprenyltransferase
sp|A0Q4X5|RNPH_FRATN	Ribonuclease PH
sp|A0Q4Y5|GPDA_FRATN	Glycerol-3-phosphate dehydrogenase [NAD(P)+]
sp|A0Q4Z0|AROC_FRATN	Chorismate synthase
sp|A0Q505|FOLD_FRATN	Bifunctional protein FolD
sp|A0Q512|Y424_FRATN	UPF0102 protein FTN_0424
sp|A0Q526|RLME_FRATN	Ribosomal RNA large subunit methyltransferase E
sp|A0Q528|LSPA_FRATN	Lipoprotein signal peptidase
sp|A0Q529|SYI_FRATN	Isoleucine--tRNA ligase
sp|A0Q534|DER_FRATN	GTPase Der
sp|A0Q549|UBIE_FRATN	Ubiquinone/menaquinone biosynthesis C-methyltransferase UbiE
sp|A0Q556|SYM_FRATN	Methionine--tRNA ligase
sp|A0Q562|PSD_FRATN	Phosphatidylserine decarboxylase proenzyme
sp|A0Q565|GLMU_FRATN	Bifunctional protein GlmU
sp|A0Q585|GCST_FRATN	Aminomethyltransferase
sp|A0Q587|GCSPA_FRATN	Probable glycine dehydrogenase (decarboxylating) subunit 1
sp|A0Q588|GCSPB_FRATN	Probable glycine dehydrogenase (decarboxylating) subunit 2
sp|A0Q593|GLGB_FRATN	1,4-alpha-glucan branching enzyme GlgB
sp|A0Q595|GLGC_FRATN	Glucose-1-phosphate adenylyltransferase
sp|A0Q596|GLGA_FRATN	Glycogen synthase
sp|A0Q599|SYGA_FRATN	Glycine--tRNA ligase alpha subunit
sp|A0Q5C1|MRAY_FRATN	Phospho-N-acetylmuramoyl-pentapeptide-transferase
sp|A0Q5C2|MURD_FRATN	UDP-N-acetylmuramoylalanine--D-glutamate ligase
sp|A0Q5C7|FETP_FRATN	Probable Fe(2+)-trafficking protein
sp|A0Q5D7|SYR_FRATN	Arginine--tRNA ligase
sp|A0Q5D8|LPTD_FRATN	LPS-assembly protein LptD
sp|A0Q5E0|RSMA_FRATN	Ribosomal RNA small subunit methyltransferase A
sp|A0Q5E2|AROQ_FRATN	3-dehydroquinate dehydratase
sp|A0Q5H4|SUCC_FRATN	Succinate--CoA ligase [ADP-forming] subunit beta
sp|A0Q5I1|PDXS_FRATN	Pyridoxal 5'-phosphate synthase subunit PdxS
sp|A0Q5I2|PDXT_FRATN	Pyridoxal 5'-phosphate synthase subunit PdxT
sp|A0Q5I5|RSMH_FRATN	Ribosomal RNA small subunit methyltransferase H
sp|A0Q5I8|RS15_FRATN	Small ribosomal subunit protein uS15
sp|A0Q5I9|PNP_FRATN	Polyribonucleotide nucleotidyltransferase
sp|A0Q5J0|ERPA_FRATN	Iron-sulfur cluster insertion protein ErpA
sp|A0Q5J1|KDSA_FRATN	2-dehydro-3-deoxyphosphooctonate aldolase
sp|A0Q5J3|RPOZ_FRATN	DNA-directed RNA polymerase subunit omega
sp|A0Q5J5|RLMD_FRATN	23S rRNA (uracil(1939)-C(5))-methyltransferase RlmD
sp|A0Q5J9|ENO_FRATN	Enolase
sp|A0Q5K3|TDH_FRATN	L-threonine 3-dehydrogenase
sp|A0Q5K6|UPP_FRATN	Uracil phosphoribosyltransferase
sp|A0Q5L1|KATG_FRATN	Catalase-peroxidase
sp|A0Q5M5|SYS_FRATN	Serine--tRNA ligase
sp|A0Q5M6|GPMI_FRATN	2,3-bisphosphoglycerate-independent phosphoglycerate mutase
sp|A0Q5P0|G6PI_FRATN	Glucose-6-phosphate isomerase
sp|A0Q5P2|GREA_FRATN	Transcription elongation factor GreA
sp|A0Q5P9|SECA_FRATN	Protein translocase subunit SecA
sp|A0Q5Q2|RL21_FRATN	Large ribosomal subunit protein bL21
sp|A0Q5Q3|RL27_FRATN	Large ribosomal subunit protein bL27
sp|A0Q5Q7|UVRC_FRATN	UvrABC system protein C
sp|A0Q5Q9|Y682_FRATN	Methyltransferase activator Trm112 homolog
sp|A0Q5R0|KDSB_FRATN	3-deoxy-manno-octulosonate cytidylyltransferase
sp|A0Q5S7|AEEP_FRATN	L-Ala-D/L-Glu epimerase
sp|A0Q5W0|RECF_FRATN	DNA replication and repair protein RecF
sp|A0Q5X2|ALR_FRATN	Alanine racemase
sp|A0Q5Y0|COAD_FRATN	Phosphopantetheine adenylyltransferase
sp|A0Q5Y3|CAS9_FRATN	CRISPR-associated endonuclease Cas9
sp|A0Q5Y4|CAS1A_FRATN	CRISPR-associated endonuclease Cas1 1
sp|A0Q5Y5|CAS2A_FRATN	CRISPR-associated endoribonuclease Cas2 1
sp|A0Q5Y6|CAS4_FRATN	CRISPR-associated exonuclease Cas4
sp|A0Q604|SYA_FRATN	Alanine--tRNA ligase
sp|A0Q614|TRHO_FRATN	tRNA uridine(34) hydroxylase
sp|A0Q621|RLMKL_FRATN	Ribosomal RNA large subunit methyltransferase K/L
sp|A0Q626|FMT_FRATN	Methionyl-tRNA formyltransferase
sp|A0Q628|GSA_FRATN	Glutamate-1-semialdehyde 2,1-aminomutase
sp|A0Q635|BIOD_FRATN	ATP-dependent dethiobiotin synthetase BioD
sp|A0Q638|BIOB_FRATN	Biotin synthase
sp|A0Q656|Y833_FRATN	UPF0145 protein FTN_0833
sp|A0Q669|IF1_FRATN	Translation initiation factor IF-1
sp|A0Q689|Y866_FRATN	UPF0301 protein FTN_0866
sp|A0Q690|YQGF_FRATN	Putative pre-16S rRNA nuclease
sp|A0Q693|SYL_FRATN	Leucine--tRNA ligase
sp|A0Q696|DCD_FRATN	dCTP deaminase
sp|A0Q6A6|SYFA_FRATN	Phenylalanine--tRNA ligase alpha subunit
sp|A0Q6B4|RUVB_FRATN	Holliday junction branch migration complex subunit RuvB
sp|A0Q6B9|DXS_FRATN	1-deoxy-D-xylulose-5-phosphate synthase
sp|A0Q6C0|GUAA_FRATN	GMP synthase [glutamine-hydrolyzing]
sp|A0Q6C2|TRUA_FRATN	tRNA pseudouridine synthase A
sp|A0Q6D2|LIPB_FRATN	Octanoyltransferase
sp|A0Q6E3|TTCA1_FRATN	tRNA-cytidine(32) 2-sulfurtransferase 1
sp|A0Q6F0|CYSN_FRATN	Sulfate adenylyltransferase subunit 1
sp|A0Q6H0|RLMN_FRATN	Dual-specificity RNA methyltransferase RlmN
sp|A0Q6H2|RL9_FRATN	Large ribosomal subunit protein bL9
sp|A0Q6H3|RS18_FRATN	Small ribosomal subunit protein bS18
sp|A0Q6H4|RS6_FRATN	Small ribosomal subunit protein bS6
sp|A0Q6H6|HEM6_FRATN	Oxygen-dependent coproporphyrinogen-III oxidase
sp|A0Q6K1|COQ7_FRATN	3-demethoxyubiquinol 3-hydroxylase
sp|A0Q6K3|MDH_FRATN	Malate dehydrogenase
sp|A0Q6K9|DPO4_FRATN	DNA polymerase IV
sp|A0Q6L9|HSLU_FRATN	ATP-dependent protease ATPase subunit HslU
sp|A0Q6M6|PTH_FRATN	Peptidyl-tRNA hydrolase
sp|A0Q6N0|RL25_FRATN	Large ribosomal subunit protein bL25
sp|A0Q6P7|RUVA_FRATN	Holliday junction branch migration complex subunit RuvA
sp|A0Q6P9|RUVC_FRATN	Crossover junction endodeoxyribonuclease RuvC
sp|A0Q6Q0|Y1028_FRATN	Probable transcriptional regulatory protein FTN_1028
sp|A0Q6Q2|LIPA_FRATN	Lipoyl synthase
sp|A0Q6R5|ILVD_FRATN	Dihydroxy-acid dehydratase
sp|A0Q6R7|ENGB_FRATN	Probable GTP-binding protein EngB
sp|A0Q6S3|HFQ_FRATN	RNA-binding protein Hfq
sp|A0Q6S4|MIAA_FRATN	tRNA dimethylallyltransferase
sp|A0Q6S9|CLPP_FRATN	ATP-dependent Clp protease proteolytic subunit
sp|A0Q6T0|TIG_FRATN	Trigger factor
sp|A0Q6T5|MIAB_FRATN	tRNA-2-methylthio-N(6)-dimethylallyladenosine synthase
sp|A0Q6T7|YBEY_FRATN	Endoribonuclease YbeY
sp|A0Q6U8|ISPG_FRATN	4-hydroxy-3-methylbut-2-en-1-yl diphosphate synthase (flavodoxin)
sp|A0Q6W0|RNH_FRATN	Ribonuclease H
sp|A0Q6X1|TGT_FRATN	Queuine tRNA-ribosyltransferase
sp|A0Q6X4|L1103_FRATN	Bacterial lipoprotein FTN_1103
sp|A0Q6X6|PLSY_FRATN	Glycerol-3-phosphate acyltransferase
sp|A0Q6Y1|ISPF_FRATN	2-C-methyl-D-erythritol 2,4-cyclodiphosphate synthase
sp|A0Q6Z1|HEMH_FRATN	Ferrochelatase
sp|A0Q706|AROB_FRATN	3-dehydroquinate synthase
sp|A0Q707|AROK_FRATN	Shikimate kinase
sp|A0Q713|KAD_FRATN	Adenylate kinase
sp|A0Q735|SSRP_FRATN	SsrA-binding protein
sp|A0Q736|TTCA2_FRATN	tRNA-cytidine(32) 2-sulfurtransferase 2
sp|A0Q753|MNMG_FRATN	tRNA uridine 5-carboxymethylaminomethyl modification enzyme MnmG
sp|A0Q756|RPIA_FRATN	Ribose-5-phosphate isomerase A
sp|A0Q759|RL20_FRATN	Large ribosomal subunit protein bL20
sp|A0Q760|RL35_FRATN	Large ribosomal subunit protein bL35
sp|A0Q762|SYT_FRATN	Threonine--tRNA ligase
sp|A0Q766|MURG_FRATN	UDP-N-acetylglucosamine--N-acetylmuramyl-(pentapeptide) pyrophosphoryl-undecaprenol N-acetylglucosamine transferase
sp|A0Q767|Y1196_FRATN	Nucleoid-associated protein FTN_1196
sp|A0Q768|RECR_FRATN	Recombination protein RecR
sp|A0Q7A0|QUEA_FRATN	S-adenosylmethionine:tRNA ribosyltransferase-isomerase
sp|A0Q7A9|RECO_FRATN	DNA repair protein RecO
sp|A0Q7B3|LGT_FRATN	Phosphatidylglycerol--prolipoprotein diacylglyceryl transferase
sp|A0Q7B4|TYSY_FRATN	Thymidylate synthase
sp|A0Q7B6|TILS_FRATN	tRNA(Ile)-lysidine synthase
sp|A0Q7C5|GLYA_FRATN	Serine hydroxymethyltransferase
sp|A0Q7F0|DNAK_FRATN	Chaperone protein DnaK
sp|A0Q7F1|GRPE_FRATN	Protein GrpE
sp|A0Q7F4|RL13_FRATN	Large ribosomal subunit protein uL13
sp|A0Q7F9|RNH2_FRATN	Ribonuclease HII
sp|A0Q7G4|MNME_FRATN	tRNA modification GTPase MnmE
sp|A0Q7I7|ANMK_FRATN	Anhydro-N-acetylmuramic acid kinase
sp|A0Q7J1|PGK_FRATN	Phosphoglycerate kinase
sp|A0Q7J5|RL32_FRATN	Large ribosomal subunit protein bL32
sp|A0Q7J6|PLSX_FRATN	Phosphate acyltransferase
sp|A0Q7L0|DNLJ_FRATN	DNA ligase
sp|A0Q7L2|PANB_FRATN	3-methyl-2-oxobutanoate hydroxymethyltransferase
sp|A0Q7L3|PANC_FRATN	Pantothenate synthetase
sp|A0Q7L4|PAND_FRATN	Aspartate 1-decarboxylase
sp|A0Q7M7|GLO2_FRATN	Hydroxyacylglutathione hydrolase
sp|A0Q7N3|SYP_FRATN	Proline--tRNA ligase
sp|A0Q7Q2|CS12A_FRATN	CRISPR-associated endonuclease Cas12a
sp|A0Q7Q5|TRMB_FRATN	tRNA (guanine-N(7)-)-methyltransferase
sp|A0Q7Q7|NADK_FRATN	NAD kinase
sp|A0Q7R6|RPOA2_FRATN	DNA-directed RNA polymerase subunit alpha 2
sp|A0Q7V5|BFPR_FRATN	Transcriptional regulatory protein BfpR
sp|A0Q7V6|BFPK_FRATN	Probable sensor histidine kinase BfpK
sp|A0Q7W5|TRUB_FRATN	tRNA pseudouridine synthase B
sp|A0Q7W6|RNC_FRATN	Ribonuclease 3
sp|A0Q7X9|LPXB_FRATN	Lipid-A-disaccharide synthase
sp|A0Q7Y1|FABZ_FRATN	3-hydroxyacyl-[acyl-carrier-protein] dehydratase FabZ
sp|A0Q7Y5|DXR_FRATN	1-deoxy-D-xylulose 5-phosphate reductoisomerase
sp|A0Q7Y8|UNG_FRATN	Uracil-DNA glycosylase
sp|A0Q804|MURQ_FRATN	N-acetylmuramic acid 6-phosphate etherase
sp|A0Q808|ACCA_FRATN	Acetyl-coenzyme A carboxylase carboxyl transferase subunit alpha
sp|A0Q809|MUTS_FRATN	DNA mismatch repair protein MutS
sp|A0Q810|SECB2_FRATN	Protein-export protein SecB 2
sp|A0Q814|RSMJ_FRATN	Ribosomal RNA small subunit methyltransferase J
sp|A0Q838|CH60_FRATN	Chaperonin GroEL
sp|A0Q839|CH10_FRATN	Co-chaperonin GroES
sp|A0Q841|Y1542_FRATN	UPF0246 protein FTN_1542
sp|A0Q842|RLMH_FRATN	Ribosomal RNA large subunit methyltransferase H
sp|A0Q844|RF1_FRATN	Peptide chain release factor 1
sp|A0Q845|HEM1_FRATN	Glutamyl-tRNA reductase
sp|A0Q858|RL19_FRATN	Large ribosomal subunit protein bL19
sp|A0Q859|TRMD_FRATN	tRNA (guanine-N(1)-)-methyltransferase
sp|A0Q860|RIMM_FRATN	Ribosome maturation factor RimM
sp|A0Q861|RS16_FRATN	Small ribosomal subunit protein bS16
sp|A0Q862|METK_FRATN	S-adenosylmethionine synthase
sp|A0Q864|TSAD_FRATN	tRNA N6-adenosine threonylcarbamoyltransferase
sp|A0Q866|RPOC_FRATN	DNA-directed RNA polymerase subunit beta'
sp|A0Q867|RPOB_FRATN	DNA-directed RNA polymerase subunit beta
sp|A0Q868|RL7_FRATN	Large ribosomal subunit protein bL12
sp|A0Q869|RL10_FRATN	Large ribosomal subunit protein uL10
sp|A0Q870|RL1_FRATN	Large ribosomal subunit protein uL1
sp|A0Q871|RL11_FRATN	Large ribosomal subunit protein uL11
sp|A0Q874|EFTU_FRATN	Elongation factor Tu
sp|A0Q880|GLPK_FRATN	Glycerol kinase
sp|A0Q892|RF3_FRATN	Peptide chain release factor 3
sp|A0Q893|KTHY_FRATN	Thymidylate kinase
sp|A0Q8A0|LPXK_FRATN	Tetraacyldisaccharide 4'-kinase
sp|A0Q8A2|CCA_FRATN	CCA-adding enzyme
sp|A0Q8C4|TPIS_FRATN	Triosephosphate isomerase
sp|A0Q8C5|GLMM_FRATN	Phosphoglucosamine mutase
sp|A0Q8C6|APT_FRATN	Adenine phosphoribosyltransferase
sp|A0Q8D8|ATPE_FRATN	ATP synthase epsilon chain
sp|A0Q8D9|ATPB_FRATN	ATP synthase subunit beta
sp|A0Q8E0|ATPG_FRATN	ATP synthase gamma chain
sp|A0Q8E1|ATPA_FRATN	ATP synthase subunit alpha
sp|A0Q8E2|ATPD_FRATN	ATP synthase subunit delta
sp|A0Q8E3|ATPF_FRATN	ATP synthase subunit b
sp|A0Q8F1|SYH_FRATN	Histidine--tRNA ligase
sp|A0Q8F2|RBFA_FRATN	Ribosome-binding factor A
sp|A0Q8F3|IF2_FRATN	Translation initiation factor IF-2
sp|A0Q8F5|RIMP_FRATN	Ribosome maturation factor RimP
sp|A0Q8F6|DCUP_FRATN	Uroporphyrinogen decarboxylase
sp|A0Q8G4|NUOI_FRATN	NADH-quinone oxidoreductase subunit I
sp|A0Q8G5|NUOH_FRATN	NADH-quinone oxidoreductase subunit H
sp|A0Q8G9|NUOD_FRATN	NADH-quinone oxidoreductase subunit D
sp|A0Q8H0|NUOC_FRATN	NADH-quinone oxidoreductase subunit C
sp|A0Q8H1|NUOB_FRATN	NADH-quinone oxidoreductase subunit B
sp|A0Q8I1|GATB_FRATN	Aspartyl/glutamyl-tRNA(Asn/Gln) amidotransferase subunit B
sp|A0Q8I2|GATA_FRATN	Aspartyl/glutamyl-tRNA(Asn/Gln) amidotransferase subunit A
sp|A0Q8K2|OBG_FRATN	GTPase Obg
sp|A0Q8L0|KDPA_FRATN	Potassium-transporting ATPase potassium-binding subunit
sp|A0Q8L5|DAPA_FRATN	4-hydroxy-tetrahydrodipicolinate synthase
sp|A0Q8M6|TRPB_FRATN	Tryptophan synthase beta chain
sp|A0Q8N2|PURT_FRATN	Formate-dependent phosphoribosylglycinamide formyltransferase
sp|A0Q8N8|NHAA_FRATN	Na(+)/H(+) antiporter NhaA
sp|A0Q8R1|TRPD_FRATN	Anthranilate phosphoribosyltransferase
sp|Cont_A1A580|KR231_HUMAN	Keratin-associated protein 23-1
sp|Cont_A2I7N0|SPA34_BOVIN	Serpin A3-4
sp|Cont_A2I7N1|SPA35_BOVIN	Serpin A3-5
sp|Cont_A2I7N2|SPA36_BOVIN	Serpin A3-6
sp|Cont_A2I7N3|SPA37_BOVIN	Serpin A3-7
sp|Cont_A6NCN2|KR87P_HUMAN	Putative keratin-87 protein
sp|Cont_A6QPQ2|SPA38_BOVIN	Serpin A3-8
sp|Cont_A7E3W2|LG3BP_BOVIN	Galectin-3-binding protein
sp|Cont_A8MTY7|KRA97_HUMAN	Keratin-associated protein 9-7
sp|Cont_A8MUX0|KR161_HUMAN	Keratin-associated protein 16-1
sp|Cont_A8MVA2|KRA96_HUMAN	Keratin-associated protein 9-6
sp|Cont_A8MX34|KR291_HUMAN	Keratin-associated protein 29-1
sp|Cont_A8MXZ3|KRA91_HUMAN	Keratin-associated protein 9-1
sp|Cont_AAAA1|Anti-FLAG_AffinityTag	Anti-FLAG
sp|Cont_AAAA2|Anti-HA_AffinityTag	Anti-HA
sp|Cont_E1BF81|CBG_BOVIN	Corticosteroid-binding globulin
sp|Cont_G3MYZ3|AFAM_BOVIN	Afamin
sp|Cont_O02659|MBL2_BOVIN	Mannose-binding protein C
sp|Cont_O43790|KRT86_HUMAN	Keratin, type II cuticular Hb6
sp|Cont_O46375|TTHY_BOVIN	Transthyretin
sp|Cont_O75690|KRA58_HUMAN	Keratin-associated protein 5-8
sp|Cont_O76009|KT33A_HUMAN	Keratin, type I cuticular Ha3-I
sp|Cont_O76011|KRT34_HUMAN	Keratin, type I cuticular Ha4
sp|Cont_O76013|KRT36_HUMAN	Keratin, type I cuticular Ha6
sp|Cont_O76014|KRT37_HUMAN	Keratin, type I cuticular Ha7
sp|Cont_O76015|KRT38_HUMAN	Keratin, type I cuticular Ha8
sp|Cont_O77727|K1C15_SHEEP	Keratin, type I cytoskeletal 15
sp|Cont_O82803|SRPP_HEVBR	Small rubber particle protein
sp|Cont_O95678|K2C75_HUMAN	Keratin, type II cytoskeletal 75
sp|Cont_P00004|CYC_HORSE	Cytochrome c
sp|Cont_P00330|ADH1_YEAST	Alcohol dehydrogenase 1
sp|Cont_P00366|DHE3_BOVIN	Glutamate dehydrogenase 1, mitochondrial
sp|Cont_P00698|LYSC_CHICK	Lysozyme C
sp|Cont_P00711|LALBA_BOVIN	Alpha-lactalbumin
sp|Cont_P00722|BGAL_ECOLI	Beta-galactosidase
sp|Cont_P00735|THRB_BOVIN	Prothrombin
sp|Cont_P00741|FA9_BOVIN	Coagulation factor IX
sp|Cont_P00743|FA10_BOVIN	Coagulation factor X
sp|Cont_P00745|PROC_BOVIN	Vitamin K-dependent protein C (Fragment)
sp|Cont_P00760|TRY1_BOVIN	Serine protease 1
sp|Cont_P00761|TRYP_PIG	Trypsin
sp|Cont_P00766|CTRA_BOVIN	Chymotrypsinogen A
sp|Cont_P00767|CTRB_BOVIN	Chymotrypsinogen B
sp|Cont_P00791|PEPA_PIG	Pepsin A
sp|Cont_P00792|PEPA_BOVIN	Pepsin A
sp|Cont_P00883|ALDOA_RABIT	Fructose-bisphosphate aldolase A
sp|Cont_P00921|CAH2_BOVIN	Carbonic anhydrase 2
sp|Cont_P00978|AMBP_BOVIN	Protein AMBP
sp|Cont_P01012|OVAL_CHICK	Ovalbumin
sp|Cont_P01017|ANGT_BOVIN	Angiotensinogen
sp|Cont_P01030|CO4_BOVIN	Complement C4 (Fragments)
sp|Cont_P01035|CYTC_BOVIN	Cystatin-C
sp|Cont_P01044|KNG1_BOVIN	Kininogen-1
sp|Cont_P01045|KNG2_BOVIN	Kininogen-2
sp|Cont_P01267|THYG_BOVIN	Thyroglobulin
sp|Cont_P01966|HBA_BOVIN	Hemoglobin subunit alpha
sp|Cont_P02070|HBB_BOVIN	Hemoglobin subunit beta
sp|Cont_P02081|HBBF_BOVIN	Hemoglobin fetal subunit beta
sp|Cont_P02438|KRB2A_SHEEP	Keratin, high-sulfur matrix protein, B2A
sp|Cont_P02439|KRB2B_SHEEP	Keratin, high-sulfur matrix protein, B2B
sp|Cont_P02440|KRB2C_SHEEP	Keratin, high-sulfur matrix protein, B2C
sp|Cont_P02441|KRA3_SHEEP	Keratin, high-sulfur matrix protein, IIIA3
sp|Cont_P02443|KRA3A_SHEEP	Keratin, high-sulfur matrix protein, IIIA3A
sp|Cont_P02444|KRA33_SHEEP	Keratin, high sulfur matrix protein, IIIB3
sp|Cont_P02445|KRA34_SHEEP	Keratin, high sulfur matrix protein, IIIB4
sp|Cont_P02453|CO1A1_BOVIN	Collagen alpha-1(I) chain
sp|Cont_P02465|CO1A2_BOVIN	Collagen alpha-2(I) chain
sp|Cont_P02533|K1C14_HUMAN	Keratin, type I cytoskeletal 14
sp|Cont_P02534|K1M1_SHEEP	Keratin, type I microfibrillar 48 kDa, component 8C-1
sp|Cont_P02535|K1C10_MOUSE	Keratin, type I cytoskeletal 10
sp|Cont_P02538|K2C6A_HUMAN	Keratin, type II cytoskeletal 6A
sp|Cont_P02539|K2M1_SHEEP	Keratin, type II microfibrillar (Fragment)
sp|Cont_P02584|PROF1_BOVIN	Profilin-1
sp|Cont_P02662|CASA1_BOVIN	Alpha-S1-casein
sp|Cont_P02663|CASA2_BOVIN	Alpha-S2-casein
sp|Cont_P02666|CASB_BOVIN	Beta-casein
sp|Cont_P02668|CASK_BOVIN	Kappa-casein
sp|Cont_P02672|FIBA_BOVIN	Fibrinogen alpha chain
sp|Cont_P02676|FIBB_BOVIN	Fibrinogen beta chain
sp|Cont_P02754|LACB_BOVIN	Beta-lactoglobulin
sp|Cont_P02769|ALBU_BOVIN	Albumin
sp|Cont_P02777|PLF4_BOVIN	Platelet factor 4
sp|Cont_P04258|CO3A1_BOVIN	Collagen alpha-1(III) chain
sp|Cont_P04259|K2C6B_HUMAN	Keratin, type II cytoskeletal 6B
sp|Cont_P04264|K2C1_HUMAN	Keratin, type II cytoskeletal 1
sp|Cont_P05783|K1C18_HUMAN	Keratin, type I cytoskeletal 18
sp|Cont_P05784|K1C18_MOUSE	Keratin, type I cytoskeletal 18
sp|Cont_P05787|K2C8_HUMAN	Keratin, type II cytoskeletal 8
sp|Cont_P06868|PLMN_BOVIN	Plasminogen
sp|Cont_P07224|PROS_BOVIN	Vitamin K-dependent protein S
sp|Cont_P07589|FINC_BOVIN	Fibronectin
sp|Cont_P07744|K2C4_MOUSE	Keratin, type II cytoskeletal 4
sp|Cont_P08131|KRB2D_SHEEP	Keratin, high-sulfur matrix protein, B2D
sp|Cont_P08169|MPRI_BOVIN	Cation-independent mannose-6-phosphate receptor
sp|Cont_P08727|K1C19_HUMAN	Keratin, type I cytoskeletal 19
sp|Cont_P08729|K2C7_HUMAN	Keratin, type II cytoskeletal 7
sp|Cont_P08730|K1C13_MOUSE	Keratin, type I cytoskeletal 13
sp|Cont_P08779|K1C16_HUMAN	Keratin, type I cytoskeletal 16
sp|Cont_P09870|CLOS_HATHI	Clostripain
sp|Cont_P0C1U8|SSPA_STAAU	Glutamyl endopeptidase
sp|Cont_P0C5Y4|KRA14_HUMAN	Keratin-associated protein 1-4
sp|Cont_P0C7H8|KRA23_HUMAN	Keratin-associated protein 2-3
sp|Cont_P12035|K2C3_HUMAN	Keratin, type II cytoskeletal 3
sp|Cont_P12260|F13A_BOVIN	Coagulation factor XIII A chain (Fragment)
sp|Cont_P12763|FETUA_BOVIN	Alpha-2-HS-glycoprotein
sp|Cont_P12799|FIBG_BOVIN	Fibrinogen gamma-B chain
sp|Cont_P13384|IBP2_BOVIN	Insulin-like growth factor-binding protein 2
sp|Cont_P13605|FMOD_BOVIN	Fibromodulin
sp|Cont_P13645|K1C10_HUMAN	Keratin, type I cytoskeletal 10
sp|Cont_P13646|K1C13_HUMAN	Keratin, type I cytoskeletal 13
sp|Cont_P13647|K2C5_HUMAN	Keratin, type II cytoskeletal 5
sp|Cont_P13717|NUCA_SERMA	Nuclease
sp|Cont_P15241|K2M2_SHEEP	Keratin, type II microfibrillar, component 7C
sp|Cont_P15252|REF_HEVBR	Rubber elongation factor protein
sp|Cont_P15497|APOA1_BOVIN	Apolipoprotein A-I
sp|Cont_P15636|API_ACHLY	Protease 1
sp|Cont_P17690|APOH_BOVIN	Beta-2-glycoprotein 1
sp|Cont_P17697|CLUS_BOVIN	Clusterin
sp|Cont_P18902|RET4_BOVIN	Retinol-binding protein 4
sp|Cont_P19001|K1C19_MOUSE	Keratin, type I cytoskeletal 19
sp|Cont_P19012|K1C15_HUMAN	Keratin, type I cytoskeletal 15
sp|Cont_P19013|K2C4_HUMAN	Keratin, type II cytoskeletal 4
sp|Cont_P20930|FILA_HUMAN	Filaggrin
sp|Cont_P21578|LUXY_ALIFS	Yellow fluorescent protein
sp|Cont_P21752|TYB10_BOVIN	Thymosin beta-10
sp|Cont_P22629|SAV_STRAV	Streptavidin
sp|Cont_P25690|K1M2_SHEEP	Keratin, type I microfibrillar, 47.6 kDa
sp|Cont_P25691|K2M3_SHEEP	Keratin, type II microfibrillar, component 5
sp|Cont_P26371|KRA59_HUMAN	Keratin-associated protein 5-9
sp|Cont_P26372|KRUC_SHEEP	Keratin, ultra high-sulfur matrix protein
sp|Cont_P28800|A2AP_BOVIN	Alpha-2-antiplasmin
sp|Cont_P30879|PEPC_PIG	Gastricsin (Fragment)
sp|Cont_P31096|OSTP_BOVIN	Osteopontin
sp|Cont_P31836|NCAM1_BOVIN	Neural cell adhesion molecule 1
sp|Cont_P32503|GAG_SCVLA	Major capsid protein
sp|Cont_P33433|HRG_BOVIN	Histidine-rich glycoprotein (Fragments)
sp|Cont_P34955|A1AT_BOVIN	Alpha-1-antiproteinase
sp|Cont_P35445|COMP_BOVIN	Cartilage oligomeric matrix protein
sp|Cont_P35527|K1C9_HUMAN	Keratin, type I cytoskeletal 9
sp|Cont_P35900|K1C20_HUMAN	Keratin, type I cytoskeletal 20
sp|Cont_P35908|K22E_HUMAN	Keratin, type II cytoskeletal 2 epidermal
sp|Cont_P41361|ANT3_BOVIN	Antithrombin-III
sp|Cont_P42212|GFP_AEQVI	Green fluorescent protein
sp|Cont_P42916|CL43_BOVIN	Collectin-43
sp|Cont_P48668|K2C6C_HUMAN	Keratin, type II cytoskeletal 6C
sp|Cont_P50446|K2C6A_MOUSE	Keratin, type II cytoskeletal 6A
sp|Cont_P50448|F12AI_BOVIN	Factor XIIa inhibitor
sp|Cont_P55906|BGH3_BOVIN	Transforming growth factor-beta-induced protein ig-h3
sp|Cont_P56652|ITIH3_BOVIN	Inter-alpha-trypsin inhibitor heavy chain H3
sp|Cont_P59990|KR121_HUMAN	Keratin-associated protein 12-1
sp|Cont_P59991|KR122_HUMAN	Keratin-associated protein 12-2
sp|Cont_P60014|KR10A_HUMAN	Keratin-associated protein 10-10
sp|Cont_P60328|KR123_HUMAN	Keratin-associated protein 12-3
sp|Cont_P60329|KR124_HUMAN	Keratin-associated protein 12-4
sp|Cont_P60331|KR101_HUMAN	Keratin-associated protein 10-1
sp|Cont_P60368|KR102_HUMAN	Keratin-associated protein 10-2
sp|Cont_P60369|KR103_HUMAN	Keratin-associated protein 10-3
sp|Cont_P60370|KR105_HUMAN	Keratin-associated protein 10-5
sp|Cont_P60371|KR106_HUMAN	Keratin-associated protein 10-6
sp|Cont_P60372|KR104_HUMAN	Keratin-associated protein 10-4
sp|Cont_P60409|KR107_HUMAN	Keratin-associated protein 10-7
sp|Cont_P60410|KR108_HUMAN	Keratin-associated protein 10-8
sp|Cont_P60411|KR109_HUMAN	Keratin-associated protein 10-9
sp|Cont_P60412|KR10B_HUMAN	Keratin-associated protein 10-11
sp|Cont_P60413|KR10C_HUMAN	Keratin-associated protein 10-12
sp|Cont_P60712|ACTB_BOVIN	Actin, cytoplasmic 1
sp|Cont_P62894|CYC_BOVIN	Cytochrome c
sp|Cont_P63103|1433Z_BOVIN	14-3-3 protein zeta/delta
sp|Cont_P67983|MT1A_BOVIN	Metallothionein-1A
sp|Cont_P68082|MYG_HORSE	Myoglobin
sp|Cont_P68103|EF1A1_BOVIN	Elongation factor 1-alpha 1
sp|Cont_P68138|ACTS_BOVIN	Actin, alpha skeletal muscle
sp|Cont_P78385|KRT83_HUMAN	Keratin, type II cuticular Hb3
sp|Cont_P78386|KRT85_HUMAN	Keratin, type II cuticular Hb5
sp|Cont_P80012|VWF_BOVIN	von Willebrand factor (Fragment)
sp|Cont_P80109|PHLD_BOVIN	Phosphatidylinositol-glycan-specific phospholipase D
sp|Cont_P81054|PLMP_GRIFR	Peptidyl-Lys metalloendopeptidase
sp|Cont_P81187|CFAB_BOVIN	Complement factor B
sp|Cont_P81644|APOA2_BOVIN	Apolipoprotein A-II
sp|Cont_P81948|TBA4A_BOVIN	Tubulin alpha-4A chain
sp|Cont_P98140|FA12_BOVIN	Coagulation factor XII
sp|Cont_Q01546|K22O_HUMAN	Keratin, type II cytoskeletal 2 oral
sp|Cont_Q02958|KRA61_SHEEP	Keratin-associated protein 6-1
sp|Cont_Q03247|APOE_BOVIN	Apolipoprotein E
sp|Cont_Q04695|K1C17_HUMAN	Keratin, type I cytoskeletal 17
sp|Cont_Q05443|LUM_BOVIN	Lumican
sp|Cont_Q07627|KRA11_HUMAN	Keratin-associated protein 1-1
sp|Cont_Q0VBK2|K2C80_MOUSE	Keratin, type II cytoskeletal 80
sp|Cont_Q0VCM5|ITIH1_BOVIN	Inter-alpha-trypsin inhibitor heavy chain H1
sp|Cont_Q10735|PEPB_PIG	Pepsin B (Fragment)
sp|Cont_Q14525|KT33B_HUMAN	Keratin, type I cuticular Ha3-II
sp|Cont_Q14532|K1H2_HUMAN	Keratin, type I cuticular Ha2
sp|Cont_Q14533|KRT81_HUMAN	Keratin, type II cuticular Hb1
sp|Cont_Q14CN4|K2C72_HUMAN	Keratin, type II cytoskeletal 72
sp|Cont_Q15323|K1H1_HUMAN	Keratin, type I cuticular Ha1
sp|Cont_Q24K22|HGFL_BOVIN	Hepatocyte growth factor-like protein
sp|Cont_Q28065|C4BPA_BOVIN	C4b-binding protein alpha chain
sp|Cont_Q28085|CFAH_BOVIN	Complement factor H
sp|Cont_Q28106|CNTN1_BOVIN	Contactin-1
sp|Cont_Q28107|FA5_BOVIN	Coagulation factor V
sp|Cont_Q28178|TSP1_BOVIN	Thrombospondin-1
sp|Cont_Q29437|AOCX_BOVIN	Primary amine oxidase, liver isozyme
sp|Cont_Q29443|TRFE_BOVIN	Serotransferrin
sp|Cont_Q29463|TRY2_BOVIN	Anionic trypsin
sp|Cont_Q29RQ1|CO7_BOVIN	Complement component C7
sp|Cont_Q2FZL2|SSPA_STAA8	Glutamyl endopeptidase
sp|Cont_Q2HJ86|TBA1D_BOVIN	Tubulin alpha-1D chain
sp|Cont_Q2KIG3|CBPB2_BOVIN	Carboxypeptidase B2
sp|Cont_Q2KIS7|TETN_BOVIN	Tetranectin
sp|Cont_Q2KIT0|HP20_BOVIN	Protein HP-20 homolog
sp|Cont_Q2KIU3|HP252_BOVIN	Protein HP-25 homolog 2
sp|Cont_Q2KIX7|HP251_BOVIN	Protein HP-25 homolog 1
sp|Cont_Q2KJ39|RCN3_BOVIN	Reticulocalbin-3
sp|Cont_Q2KJ63|KLKB1_BOVIN	Plasma kallikrein
sp|Cont_Q2KJ83|CBPN_BOVIN	Carboxypeptidase N catalytic chain
sp|Cont_Q2KJD0|TBB5_BOVIN	Tubulin beta-5 chain
sp|Cont_Q2KJF1|A1BG_BOVIN	Alpha-1B-glycoprotein
sp|Cont_Q2M2I5|K1C24_HUMAN	Keratin, type I cytoskeletal 24
sp|Cont_Q2UVX4|CO3_BOVIN	Complement C3
sp|Cont_Q2YDI2|ORC4_BOVIN	Origin recognition complex subunit 4
sp|Cont_Q32KY0|APOD_BOVIN	Apolipoprotein D
sp|Cont_Q32PJ2|APOA4_BOVIN	Apolipoprotein A-IV
sp|Cont_Q3LHN0|KR251_HUMAN	Keratin-associated protein 25-1
sp|Cont_Q3LHN1|KR213_HUMAN	Keratin-associated protein 21-3
sp|Cont_Q3LHN2|KR192_HUMAN	Keratin-associated protein 19-2
sp|Cont_Q3LI54|KR198_HUMAN	Keratin-associated protein 19-8
sp|Cont_Q3LI58|KR211_HUMAN	Keratin-associated protein 21-1
sp|Cont_Q3LI59|KR212_HUMAN	Keratin-associated protein 21-2
sp|Cont_Q3LI61|KR202_HUMAN	Keratin-associated protein 20-2
sp|Cont_Q3LI63|KR201_HUMAN	Keratin-associated protein 20-1
sp|Cont_Q3LI64|KRA61_HUMAN	Keratin-associated protein 6-1
sp|Cont_Q3LI66|KRA62_HUMAN	Keratin-associated protein 6-2
sp|Cont_Q3LI67|KRA63_HUMAN	Keratin-associated protein 6-3
sp|Cont_Q3LI70|KR196_HUMAN	Keratin-associated protein 19-6
sp|Cont_Q3LI72|KR195_HUMAN	Keratin-associated protein 19-5
sp|Cont_Q3LI73|KR194_HUMAN	Keratin-associated protein 19-4
sp|Cont_Q3LI76|KR151_HUMAN	Keratin-associated protein 15-1
sp|Cont_Q3LI77|KR134_HUMAN	Keratin-associated protein 13-4
sp|Cont_Q3LI81|KR271_HUMAN	Keratin-associated protein 27-1
sp|Cont_Q3LI83|KR241_HUMAN	Keratin-associated protein 24-1
sp|Cont_Q3MHN2|CO9_BOVIN	Complement component C9
sp|Cont_Q3MHN5|VTDB_BOVIN	Vitamin D-binding protein
sp|Cont_Q3MIV0|KR221_HUMAN	Keratin-associated protein 22-1
sp|Cont_Q3SWW8|TSP4_BOVIN	Thrombospondin-4
sp|Cont_Q3SX14|GELS_BOVIN	Gelsolin
sp|Cont_Q3SY46|KR133_HUMAN	Keratin-associated protein 13-3
sp|Cont_Q3SY84|K2C71_HUMAN	Keratin, type II cytoskeletal 71
sp|Cont_Q3SYF9|KR197_HUMAN	Keratin-associated protein 19-7
sp|Cont_Q3SYV4|CAP1_BOVIN	Adenylyl cyclase-associated protein 1
sp|Cont_Q3SZ57|FETA_BOVIN	Alpha-fetoprotein
sp|Cont_Q3SZR3|A1AG_BOVIN	Alpha-1-acid glycoprotein
sp|Cont_Q3SZV7|HEMO_BOVIN	Hemopexin
sp|Cont_Q3T052|ITIH4_BOVIN	Inter-alpha-trypsin inhibitor heavy chain H4
sp|Cont_Q3TTY5|K22E_MOUSE	Keratin, type II cytoskeletal 2 epidermal
sp|Cont_Q3Y5Z3|ADIPO_BOVIN	Adiponectin
sp|Cont_Q3ZBD7|G6PI_BOVIN	Glucose-6-phosphate isomerase
sp|Cont_Q3ZCH5|ZA2G_BOVIN	Zinc-alpha-2-glycoprotein
sp|Cont_Q497I4|KRT35_MOUSE	Keratin, type I cuticular Ha5
sp|Cont_Q52LG2|KR132_HUMAN	Keratin-associated protein 13-2
sp|Cont_Q58CQ9|VNN1_BOVIN	Pantetheinase
sp|Cont_Q58D62|FETUB_BOVIN	Fetuin-B
sp|Cont_Q5D862|FILA2_HUMAN	Filaggrin-2
sp|Cont_Q5E9B1|LDHB_BOVIN	L-lactate dehydrogenase B chain
sp|Cont_Q5E9Z2|HABP2_BOVIN	Hyaluronan-binding protein 2
sp|Cont_Q5KR48|TPM2_BOVIN	Tropomyosin beta chain
sp|Cont_Q5NTB3|FA11_BOVIN	Coagulation factor XI
sp|Cont_Q5XKE5|K2C79_HUMAN	Keratin, type II cytoskeletal 79
sp|Cont_Q61765|K1H1_MOUSE	Keratin, type I cuticular Ha1
sp|Cont_Q62168|K1H2_MOUSE	Keratin, type I cuticular Ha2
sp|Cont_Q6A162|K1C40_HUMAN	Keratin, type I cytoskeletal 40
sp|Cont_Q6A163|K1C39_HUMAN	Keratin, type I cytoskeletal 39
sp|Cont_Q6E0U4|DMKN_HUMAN	Dermokine
sp|Cont_Q6IFX2|K1C42_MOUSE	Keratin, type I cytoskeletal 42
sp|Cont_Q6IFX4|K1C39_MOUSE	Keratin, type I cytoskeletal 39
sp|Cont_Q6IFZ6|K2C1B_MOUSE	Keratin, type II cytoskeletal 1b
sp|Cont_Q6IME9|K2C72_MOUSE	Keratin, type II cytoskeletal 72
sp|Cont_Q6KB66|K2C80_HUMAN	Keratin, type II cytoskeletal 80
sp|Cont_Q6L8G4|KR511_HUMAN	Keratin-associated protein 5-11
sp|Cont_Q6L8G5|KR510_HUMAN	Keratin-associated protein 5-10
sp|Cont_Q6L8G8|KRA57_HUMAN	Keratin-associated protein 5-7
sp|Cont_Q6L8G9|KRA56_HUMAN	Keratin-associated protein 5-6
sp|Cont_Q6L8H1|KRA54_HUMAN	Keratin-associated protein 5-4
sp|Cont_Q6L8H2|KRA53_HUMAN	Keratin-associated protein 5-3
sp|Cont_Q6L8H4|KRA51_HUMAN	Keratin-associated protein 5-1
sp|Cont_Q6NXH9|K2C73_MOUSE	Keratin, type II cytoskeletal 73
sp|Cont_Q6PEX3|KR261_HUMAN	Keratin-associated protein 26-1
sp|Cont_Q6URK6|CADH5_BOVIN	Cadherin-5
sp|Cont_Q701N2|KRA55_HUMAN	Keratin-associated protein 5-5
sp|Cont_Q701N4|KRA52_HUMAN	Keratin-associated protein 5-2
sp|Cont_Q7M135|LYSC_LYSEN	Lysyl endopeptidase
sp|Cont_Q7RTS7|K2C74_HUMAN	Keratin, type II cytoskeletal 74
sp|Cont_Q7SIH1|A2MG_BOVIN	Alpha-2-macroglobulin
sp|Cont_Q7Z3Y7|K1C28_HUMAN	Keratin, type I cytoskeletal 28
sp|Cont_Q7Z3Y8|K1C27_HUMAN	Keratin, type I cytoskeletal 27
sp|Cont_Q7Z3Y9|K1C26_HUMAN	Keratin, type I cytoskeletal 26
sp|Cont_Q7Z3Z0|K1C25_HUMAN	Keratin, type I cytoskeletal 25
sp|Cont_Q7Z4W3|KR193_HUMAN	Keratin-associated protein 19-3
sp|Cont_Q7Z794|K2C1B_HUMAN	Keratin, type II cytoskeletal 1b
sp|Cont_Q86Y46|K2C73_HUMAN	Keratin, type II cytoskeletal 73
sp|Cont_Q86YZ3|HORN_HUMAN	Hornerin
sp|Cont_Q8BGZ7|K2C75_MOUSE	Keratin, type II cytoskeletal 75
sp|Cont_Q8IUB9|KR191_HUMAN	Keratin-associated protein 19-1
sp|Cont_Q8IUC0|KR131_HUMAN	Keratin-associated protein 13-1
sp|Cont_Q8IUC1|KR111_HUMAN	Keratin-associated protein 11-1
sp|Cont_Q8IUC2|KRA81_HUMAN	Keratin-associated protein 8-1
sp|Cont_Q8IUC3|KRA71_HUMAN	Keratin-associated protein 7-1
sp|Cont_Q8IUG1|KRA13_HUMAN	Keratin-associated protein 1-3
sp|Cont_Q8N1A0|KT222_HUMAN	Keratin-like protein KRT222
sp|Cont_Q8N1N4|K2C78_HUMAN	Keratin, type II cytoskeletal 78
sp|Cont_Q8SPP7|PGRP1_BOVIN	Peptidoglycan recognition protein 1
sp|Cont_Q8VED5|K2C79_MOUSE	Keratin, type II cytoskeletal 79
sp|Cont_Q922U2|K2C5_MOUSE	Keratin, type II cytoskeletal 5
sp|Cont_Q92764|KRT35_HUMAN	Keratin, type I cuticular Ha5
sp|Cont_Q95121|PEDF_BOVIN	Pigment epithelium-derived factor
sp|Cont_Q95M17|CHIA_BOVIN	Acidic mammalian chitinase
sp|Cont_Q99456|K1C12_HUMAN	Keratin, type I cytoskeletal 12
sp|Cont_Q99PS0|K1C23_MOUSE	Keratin, type I cytoskeletal 23
sp|Cont_Q9BQ66|KR412_HUMAN	Keratin-associated protein 4-12
sp|Cont_Q9BYP8|KR171_HUMAN	Keratin-associated protein 17-1
sp|Cont_Q9BYP9|KRA99_HUMAN	Keratin-associated protein 9-9
sp|Cont_Q9BYQ0|KRA98_HUMAN	Keratin-associated protein 9-8
sp|Cont_Q9BYQ2|KRA94_HUMAN	Keratin-associated protein 9-4
sp|Cont_Q9BYQ3|KRA93_HUMAN	Keratin-associated protein 9-3
sp|Cont_Q9BYQ4|KRA92_HUMAN	Keratin-associated protein 9-2
sp|Cont_Q9BYQ5|KRA46_HUMAN	Keratin-associated protein 4-6
sp|Cont_Q9BYQ6|KR411_HUMAN	Keratin-associated protein 4-11
sp|Cont_Q9BYQ7|KRA41_HUMAN	Keratin-associated protein 4-1
sp|Cont_Q9BYQ8|KRA49_HUMAN	Keratin-associated protein 4-9
sp|Cont_Q9BYQ9|KRA48_HUMAN	Keratin-associated protein 4-8
sp|Cont_Q9BYR0|KRA47_HUMAN	Keratin-associated protein 4-7
sp|Cont_Q9BYR2|KRA45_HUMAN	Keratin-associated protein 4-5
sp|Cont_Q9BYR3|KRA44_HUMAN	Keratin-associated protein 4-4
sp|Cont_Q9BYR4|KRA43_HUMAN	Keratin-associated protein 4-3
sp|Cont_Q9BYR5|KRA42_HUMAN	Keratin-associated protein 4-2
sp|Cont_Q9BYR6|KRA33_HUMAN	Keratin-associated protein 3-3
sp|Cont_Q9BYR7|KRA32_HUMAN	Keratin-associated protein 3-2
sp|Cont_Q9BYR8|KRA31_HUMAN	Keratin-associated protein 3-1
sp|Cont_Q9BYR9|KRA24_HUMAN	Keratin-associated protein 2-4
sp|Cont_Q9BYS1|KRA15_HUMAN	Keratin-associated protein 1-5
sp|Cont_Q9BYT5|KRA22_HUMAN	Keratin-associated protein 2-2
sp|Cont_Q9BYU5|KRA21_HUMAN	Keratin-associated protein 2-1
sp|Cont_Q9C075|K1C23_HUMAN	Keratin, type I cytoskeletal 23
sp|Cont_Q9D312|K1C20_MOUSE	Keratin, type I cytoskeletal 20
sp|Cont_Q9D646|KRT34_MOUSE	Keratin, type I cuticular Ha4
sp|Cont_Q9DCV7|K2C7_MOUSE	Keratin, type II cytoskeletal 7
sp|Cont_Q9N2I2|IPSP_BOVIN	Plasma serine protease inhibitor
sp|Cont_Q9NSB2|KRT84_HUMAN	Keratin, type II cuticular Hb4
sp|Cont_Q9NSB4|KRT82_HUMAN	Keratin, type II cuticular Hb2
sp|Cont_Q9QWL7|K1C17_MOUSE	Keratin, type I cytoskeletal 17
sp|Cont_Q9R0H5|K2C71_MOUSE	Keratin, type II cytoskeletal 71
sp|Cont_Q9R4J4|ASPN_PSEFR	Peptidyl-Asp metalloendopeptidase (Fragments)
sp|Cont_Q9TT36|THBG_BOVIN	Thyroxine-binding globulin
sp|Cont_Q9TTE1|SPA31_BOVIN	Serpin A3-1
sp|Cont_Q9TTJ5|RGN_BOVIN	Regucalcin
sp|Cont_Q9TTK6|AOC3_BOVIN	Membrane primary amine oxidase
sp|Cont_Q9U6Y5|GFPL1_ZOASP	GFP-like fluorescent chromoprotein FP506
sp|Cont_Q9XSJ4|ENOA_BOVIN	Alpha-enolase
sp|Cont_Q9Z2K1|K1C16_MOUSE	Keratin, type I cytoskeletal 16
tr|A0Q3U8|A0Q3U8_FRATN	Beta sliding clamp
tr|A0Q3U9|A0Q3U9_FRATN	Metabolite:H+ symporter (MHS) family protein
tr|A0Q3V0|A0Q3V0_FRATN	Aspartate/glutamate transporter
tr|A0Q3V1|A0Q3V1_FRATN	Divalent inorganic cation transporter
tr|A0Q3V2|A0Q3V2_FRATN	Uncharacterized protein
tr|A0Q3V3|A0Q3V3_FRATN	Uncharacterized protein
tr|A0Q3V4|A0Q3V4_FRATN	10 TMS drug/metabolite exporter protein
tr|A0Q3V5|A0Q3V5_FRATN	Uncharacterized protein
tr|A0Q3V6|A0Q3V6_FRATN	Phage terminase, small subunit
tr|A0Q3V7|A0Q3V7_FRATN	Uncharacterized protein
tr|A0Q3V8|A0Q3V8_FRATN	Uncharacterized protein
tr|A0Q3V9|A0Q3V9_FRATN	Uncharacterized protein
tr|A0Q3W0|A0Q3W0_FRATN	Uncharacterized protein
tr|A0Q3W1|A0Q3W1_FRATN	Regulatory protein, AlpA family
tr|A0Q3W2|A0Q3W2_FRATN	Uncharacterized protein
tr|A0Q3W3|A0Q3W3_FRATN	Phage integrase
tr|A0Q3W4|A0Q3W4_FRATN	Serine permease
tr|A0Q3W5|A0Q3W5_FRATN	Aspartate carbamoyltransferase
tr|A0Q3W6|A0Q3W6_FRATN	Carbamoyl phosphate synthase large chain
tr|A0Q3W7|A0Q3W7_FRATN	Carbamoyl phosphate synthase small chain
tr|A0Q3W8|A0Q3W8_FRATN	Histidine acid phosphatase
tr|A0Q3X0|A0Q3X0_FRATN	Dihydroorotase
tr|A0Q3X1|A0Q3X1_FRATN	Uncharacterized protein
tr|A0Q3X2|A0Q3X2_FRATN	Uncharacterized protein
tr|A0Q3X3|A0Q3X3_FRATN	Uncharacterized protein
tr|A0Q3X4|A0Q3X4_FRATN	Conserved hypothetical membrane protein
tr|A0Q3X5|A0Q3X5_FRATN	Membrane fusion protein, HlyD family
tr|A0Q3X6|A0Q3X6_FRATN	Hypothetical membrane protein
tr|A0Q3X7|A0Q3X7_FRATN	Transcriptional regulator, LysR family
tr|A0Q3X8|A0Q3X8_FRATN	Uncharacterized protein
tr|A0Q3X9|A0Q3X9_FRATN	chorismate mutase
tr|A0Q3Y0|A0Q3Y0_FRATN	Uncharacterized protein
tr|A0Q3Y1|A0Q3Y1_FRATN	Orotidine 5'-phosphate decarboxylase
tr|A0Q3Y2|A0Q3Y2_FRATN	Dihydroorotate oxidase
tr|A0Q3Y3|A0Q3Y3_FRATN	Uncharacterized protein
tr|A0Q3Y4|A0Q3Y4_FRATN	Uncharacterized protein
tr|A0Q3Y5|A0Q3Y5_FRATN	Uncharacterized protein
tr|A0Q3Y6|A0Q3Y6_FRATN	Uncharacterized protein
tr|A0Q3Y7|A0Q3Y7_FRATN	Uncharacterized protein
tr|A0Q3Y8|A0Q3Y8_FRATN	Uncharacterized protein
tr|A0Q3Y9|A0Q3Y9_FRATN	Type VI secretion system contractile sheath large subunit
tr|A0Q3Z0|A0Q3Z0_FRATN	Uncharacterized protein
tr|A0Q3Z1|A0Q3Z1_FRATN	Uncharacterized protein
tr|A0Q3Z2|A0Q3Z2_FRATN	Uncharacterized protein
tr|A0Q3Z3|A0Q3Z3_FRATN	Uncharacterized protein
tr|A0Q3Z4|A0Q3Z4_FRATN	Uncharacterized protein
tr|A0Q3Z5|A0Q3Z5_FRATN	Uncharacterized protein
tr|A0Q3Z6|A0Q3Z6_FRATN	Type VI secretion system baseplate subunit TssF
tr|A0Q3Z7|A0Q3Z7_FRATN	Type IV / VI secretion system DotU domain-containing protein
tr|A0Q3Z8|A0Q3Z8_FRATN	Uncharacterized protein
tr|A0Q3Z9|A0Q3Z9_FRATN	Uncharacterized protein
tr|A0Q400|A0Q400_FRATN	Uncharacterized protein
tr|A0Q401|A0Q401_FRATN	Prephenate dehydrogenase
tr|A0Q403|A0Q403_FRATN	Major facilitator superfamily (MFS) transport protein
tr|A0Q404|A0Q404_FRATN	beta-fructofuranosidase
tr|A0Q405|A0Q405_FRATN	3-isopropylmalate dehydrogenase
tr|A0Q407|A0Q407_FRATN	3-isopropylmalate dehydratase
tr|A0Q408|A0Q408_FRATN	2-isopropylmalate synthase
tr|A0Q409|A0Q409_FRATN	Branched-chain-amino-acid aminotransferase
tr|A0Q410|A0Q410_FRATN	Pyruvate, phosphate dikinase
tr|A0Q411|A0Q411_FRATN	Uncharacterized protein
tr|A0Q412|A0Q412_FRATN	Ferrous iron transport protein B
tr|A0Q413|A0Q413_FRATN	Uncharacterized protein
tr|A0Q416|A0Q416_FRATN	Type IV pili, pilus assembly protein
tr|A0Q417|A0Q417_FRATN	LPS fatty acid acyltransferase
tr|A0Q418|A0Q418_FRATN	LPS fatty acid acyltransferase
tr|A0Q421|A0Q421_FRATN	Ribonuclease P protein component
tr|A0Q423|A0Q423_FRATN	Uncharacterized protein
tr|A0Q424|A0Q424_FRATN	shikimate dehydrogenase (NADP(+))
tr|A0Q426|A0Q426_FRATN	Ribosomal RNA small subunit methyltransferase I
tr|A0Q427|A0Q427_FRATN	Uncharacterized protein
tr|A0Q428|A0Q428_FRATN	Predicted hydrolase of the HAD superfamily
tr|A0Q429|A0Q429_FRATN	Uncharacterized protein
tr|A0Q430|A0Q430_FRATN	DNA/RNA helicase
tr|A0Q431|A0Q431_FRATN	Universal stress protein
tr|A0Q432|A0Q432_FRATN	Metabolite:H+ symporter (MHS) family protein
tr|A0Q433|A0Q433_FRATN	Allophanate hydrolase subunit 1
tr|A0Q434|A0Q434_FRATN	Lactam utilization protein
tr|A0Q435|A0Q435_FRATN	Allophanate hydrolase subunit 2
tr|A0Q436|A0Q436_FRATN	Acid phosphatase
tr|A0Q437|A0Q437_FRATN	Uncharacterized protein
tr|A0Q438|A0Q438_FRATN	Inorganic phosphate transporter (PiT) family protein
tr|A0Q439|A0Q439_FRATN	Cytochrome b561 family protein
tr|A0Q440|A0Q440_FRATN	Transcriptional regulator, LysR family
tr|A0Q441|A0Q441_FRATN	Nitroreductase
tr|A0Q442|A0Q442_FRATN	Conserved hypothetical membrane protein
tr|A0Q443|A0Q443_FRATN	Hydroxy/aromatic amino acid permease (HAAAP) family protein
tr|A0Q445|A0Q445_FRATN	Pyridoxal phosphate homeostasis protein
tr|A0Q446|A0Q446_FRATN	Hypothetical membrane protein
tr|A0Q447|A0Q447_FRATN	Transcriptional regulator, LysR family
tr|A0Q448|A0Q448_FRATN	Tetracycline resistance protein
tr|A0Q449|A0Q449_FRATN	Uncharacterized protein
tr|A0Q450|A0Q450_FRATN	Phosphoheptose isomerase
tr|A0Q451|A0Q451_FRATN	Outer membrane protein assembly factor BamE
tr|A0Q455|A0Q455_FRATN	Uncharacterized protein
tr|A0Q456|A0Q456_FRATN	Peptide deformylase
tr|A0Q457|A0Q457_FRATN	6,7-dimethyl-8-ribityllumazine synthase
tr|A0Q458|A0Q458_FRATN	3,4-dihydroxy-2-butanone 4-phosphate synthase
tr|A0Q459|A0Q459_FRATN	Riboflavin synthase
tr|A0Q460|A0Q460_FRATN	Riboflavin biosynthesis protein RibD
tr|A0Q461|A0Q461_FRATN	Na+/H+ antiporter
tr|A0Q462|A0Q462_FRATN	Indolepyruvate decarboxylase
tr|A0Q463|A0Q463_FRATN	Ferredoxin
tr|A0Q464|A0Q464_FRATN	Serine peptidase, S49 family
tr|A0Q465|A0Q465_FRATN	Uncharacterized protein
tr|A0Q466|A0Q466_FRATN	Rhodanese-related sulfurtransferase
tr|A0Q469|A0Q469_FRATN	Regulatory protein RecX
tr|A0Q470|A0Q470_FRATN	Single-stranded DNA-binding protein
tr|A0Q471|A0Q471_FRATN	Acetate kinase
tr|A0Q472|A0Q472_FRATN	Phosphate acetyltransferase
tr|A0Q473|A0Q473_FRATN	Succinate semialdehyde dehydrogenase (NAD(P)+ dependent)
tr|A0Q474|A0Q474_FRATN	Metabolite:H+ symporter (MHS) family protein
tr|A0Q475|A0Q475_FRATN	Aspartate--tRNA(Asp/Asn) ligase
tr|A0Q476|A0Q476_FRATN	Glycosyl transferase, group 1
tr|A0Q477|A0Q477_FRATN	Uncharacterized protein
tr|A0Q478|A0Q478_FRATN	Uncharacterized protein
tr|A0Q479|A0Q479_FRATN	Ribonuclease II family protein
tr|A0Q480|A0Q480_FRATN	Carboxylesterase/phospholipase family protein
tr|A0Q482|A0Q482_FRATN	Fluoride-specific ion channel FluC
tr|A0Q483|A0Q483_FRATN	Uncharacterized protein
tr|A0Q484|A0Q484_FRATN	Hypothetical membrane protein
tr|A0Q485|A0Q485_FRATN	Uncharacterized protein
tr|A0Q486|A0Q486_FRATN	ABC-type anion transport system, duplicated permease component
tr|A0Q487|A0Q487_FRATN	ABC transporter, ATP-binding protein
tr|A0Q488|A0Q488_FRATN	Uncharacterized protein
tr|A0Q489|A0Q489_FRATN	Monovalent cation:proton antiporter
tr|A0Q490|A0Q490_FRATN	Carbonic anhydrases/acetyltransferases, isoleucine patch superfamily
tr|A0Q493|A0Q493_FRATN	Hypothetical membrane protein
tr|A0Q494|A0Q494_FRATN	Peptidase M14 domain-containing protein
tr|A0Q495|A0Q495_FRATN	YggT family protein
tr|A0Q496|A0Q496_FRATN	ABC-type nitrate/sulfonate/bicarbonate transport system, ATPase component
tr|A0Q497|A0Q497_FRATN	ABC-type anion transport system, duplicated permease component
tr|A0Q498|A0Q498_FRATN	RimI-like acetyltransferase
tr|A0Q499|A0Q499_FRATN	Glutathione synthase/ribosomal protein S6 modification enzyme
tr|A0Q4A0|A0Q4A0_FRATN	Competence protein
tr|A0Q4A1|A0Q4A1_FRATN	1-acylglycerol-3-phosphate acyltransferase
tr|A0Q4A2|A0Q4A2_FRATN	Uncharacterized protein
tr|A0Q4A3|A0Q4A3_FRATN	L-threonylcarbamoyladenylate synthase
tr|A0Q4A4|A0Q4A4_FRATN	Small ribosomal subunit protein bS1
tr|A0Q4A5|A0Q4A5_FRATN	tRNA-specific adenosine deaminase
tr|A0Q4A7|A0Q4A7_FRATN	Cell division protein FtsQ
tr|A0Q4A8|A0Q4A8_FRATN	Cell division protein FtsA
tr|A0Q4A9|A0Q4A9_FRATN	Cell division protein FtsZ
tr|A0Q4B0|A0Q4B0_FRATN	UDP-3-O-acyl-N-acetylglucosamine deacetylase
tr|A0Q4B1|A0Q4B1_FRATN	DNA polymerase III subunit gamma/tau
tr|A0Q4B2|A0Q4B2_FRATN	Peptide chain release factor 2
tr|A0Q4B3|A0Q4B3_FRATN	Lysine--tRNA ligase
tr|A0Q4B4|A0Q4B4_FRATN	UPF0114 protein FTN_0169
tr|A0Q4B5|A0Q4B5_FRATN	Conserved hypothetical membrane protein
tr|A0Q4B6|A0Q4B6_FRATN	Glutaminase
tr|A0Q4B7|A0Q4B7_FRATN	Glutamine synthetase
tr|A0Q4B8|A0Q4B8_FRATN	DNA polymerase III subunit delta
tr|A0Q4B9|A0Q4B9_FRATN	Outer membrane lipoprotein Blc
tr|A0Q4C0|A0Q4C0_FRATN	Uncharacterized protein
tr|A0Q4C1|A0Q4C1_FRATN	Serine permease
tr|A0Q4C2|A0Q4C2_FRATN	Bifunctional purine biosynthesis protein PurH
tr|A0Q4C4|A0Q4C4_FRATN	Hypoxanthine phosphoribosyltransferase
tr|A0Q4C5|A0Q4C5_FRATN	Dienelactone hydrolase family protein
tr|A0Q4C6|A0Q4C6_FRATN	Manganese/zinc/iron chelate uptake transporter (MZT) family protein
tr|A0Q4C7|A0Q4C7_FRATN	ATP-binding cassette (ABC) superfamily protein
tr|A0Q4C8|A0Q4C8_FRATN	Manganese/Zinc/Iron chelate uptake transporter family protein
tr|A0Q4C9|A0Q4C9_FRATN	Lysosomal dipeptide transporter MFSD1
tr|A0Q4D0|A0Q4D0_FRATN	Outer membrane protein
tr|A0Q4D1|A0Q4D1_FRATN	Trp repressor binding protein
tr|A0Q4D2|A0Q4D2_FRATN	tRNA processing ribonuclease BN
tr|A0Q4D3|A0Q4D3_FRATN	Nicotinamide riboside transporter PnuC
tr|A0Q4D4|A0Q4D4_FRATN	Replication restart protein PriA
tr|A0Q4D5|A0Q4D5_FRATN	Drug:H+ antiporter-1 (DHA1) family protein
tr|A0Q4D6|A0Q4D6_FRATN	Polar amino acid uptake transporter
tr|A0Q4D7|A0Q4D7_FRATN	Cytochrome bd-I terminal oxidase subunit II
tr|A0Q4D8|A0Q4D8_FRATN	Cytochrome bd-I terminal oxidase subunit I
tr|A0Q4D9|A0Q4D9_FRATN	Major facilitator superfamily (MFS) transport protein
tr|A0Q4E0|A0Q4E0_FRATN	Ubiquinol oxidase subunit 2
tr|A0Q4E1|A0Q4E1_FRATN	Cytochrome bo(3) ubiquinol oxidase subunit 1
tr|A0Q4E2|A0Q4E2_FRATN	Cytochrome bo(3) ubiquinol oxidase subunit 3
tr|A0Q4E3|A0Q4E3_FRATN	Cytochrome bo(3) ubiquinol oxidase subunit 4
tr|A0Q4E5|A0Q4E5_FRATN	UDP-3-O-acylglucosamine N-acyltransferase
tr|A0Q4E6|A0Q4E6_FRATN	Uncharacterized protein
tr|A0Q4E7|A0Q4E7_FRATN	pyridoxal kinase
tr|A0Q4E8|A0Q4E8_FRATN	Uncharacterized protein
tr|A0Q4E9|A0Q4E9_FRATN	MoxR-like ATPase
tr|A0Q4F0|A0Q4F0_FRATN	DUF58 domain-containing protein
tr|A0Q4F1|A0Q4F1_FRATN	Uncharacterized protein
tr|A0Q4F2|A0Q4F2_FRATN	von Willebrand factor type A domain protein
tr|A0Q4F3|A0Q4F3_FRATN	Hypothetical membrane protein with von Willebrand factor type A domain
tr|A0Q4F4|A0Q4F4_FRATN	TPR repeat protein
tr|A0Q4F5|A0Q4F5_FRATN	DUF7939 domain-containing protein
tr|A0Q4F6|A0Q4F6_FRATN	Pyrrolidone-carboxylate peptidase
tr|A0Q4F7|A0Q4F7_FRATN	Hypothetical membrane protein
tr|A0Q4F8|A0Q4F8_FRATN	DNA polymerase III, chi subunit
tr|A0Q4F9|A0Q4F9_FRATN	Valine--tRNA ligase
tr|A0Q4G0|A0Q4G0_FRATN	Uncharacterized protein
tr|A0Q4G1|A0Q4G1_FRATN	Hypothetical membrane protein
tr|A0Q4G2|A0Q4G2_FRATN	L-lactate dehydrogenase
tr|A0Q4G3|A0Q4G3_FRATN	Dihydropteridine reductase
tr|A0Q4G4|A0Q4G4_FRATN	MutT/nudix family protein
tr|A0Q4G5|A0Q4G5_FRATN	Fumarate hydratase class II
tr|A0Q4G7|A0Q4G7_FRATN	Uncharacterized protein
tr|A0Q4G8|A0Q4G8_FRATN	Amino acid-polyamine-organocation (APC) superfamily protein
tr|A0Q4G9|A0Q4G9_FRATN	Uncharacterized protein
tr|A0Q4H0|A0Q4H0_FRATN	Dihydrofolate reductase
tr|A0Q4H5|A0Q4H5_FRATN	Ditrans,polycis-undecaprenyl-diphosphate synthase ((2E,6E)-farnesyl-diphosphate specific)
tr|A0Q4H6|A0Q4H6_FRATN	Phosphatidate cytidylyltransferase
tr|A0Q4H8|A0Q4H8_FRATN	CDP-diacylglycerol--glycerol-3-phosphate 3-phosphatidyltransferase
tr|A0Q4K3|A0Q4K3_FRATN	Protein translocase subunit SecY
tr|A0Q4L1|A0Q4L1_FRATN	Uncharacterized protein
tr|A0Q4L2|A0Q4L2_FRATN	C4-dicarboxylate anaerobic carrier
tr|A0Q4L5|A0Q4L5_FRATN	Acetyl-coenzyme A carboxylase carboxyl transferase subunit beta
tr|A0Q4L6|A0Q4L6_FRATN	Dihydrofolate synthase/folylpolyglutamate synthase
tr|A0Q4L7|A0Q4L7_FRATN	tRNA threonylcarbamoyladenosine biosynthesis protein TsaE
tr|A0Q4L8|A0Q4L8_FRATN	Uncharacterized protein
tr|A0Q4L9|A0Q4L9_FRATN	Probable lipid II flippase MurJ
tr|A0Q4M0|A0Q4M0_FRATN	Glutamate--cysteine ligase
tr|A0Q4M2|A0Q4M2_FRATN	ferredoxin--NADP(+) reductase
tr|A0Q4M3|A0Q4M3_FRATN	Uncharacterized protein
tr|A0Q4M4|A0Q4M4_FRATN	DUF4440 domain-containing protein
tr|A0Q4M5|A0Q4M5_FRATN	Uncharacterized protein
tr|A0Q4M6|A0Q4M6_FRATN	Prophage maintenance system killer protein (DOC)
tr|A0Q4M7|A0Q4M7_FRATN	Type I restriction-modification system, subunit S
tr|A0Q4M8|A0Q4M8_FRATN	Transposase
tr|A0Q4M9|A0Q4M9_FRATN	Type I restriction-modification system, subunit R (Restriction)
tr|A0Q4N0|A0Q4N0_FRATN	Activator of osmoprotectant transporter ProP
tr|A0Q4N1|A0Q4N1_FRATN	Uncharacterized protein
tr|A0Q4N2|A0Q4N2_FRATN	Trk system potassium uptake protein
tr|A0Q4N3|A0Q4N3_FRATN	Uncharacterized protein
tr|A0Q4N5|A0Q4N5_FRATN	DNA translocase FtsK
tr|A0Q4N7|A0Q4N7_FRATN	Lysine:H+ symporter
tr|A0Q4N8|A0Q4N8_FRATN	Alpha/beta hydrolase domain-containing protein
tr|A0Q4N9|A0Q4N9_FRATN	Fructose-1,6-bisphosphatase
tr|A0Q4P0|A0Q4P0_FRATN	Sodium/proline symporter
tr|A0Q4P1|A0Q4P1_FRATN	Glycosyl transferase, group 2
tr|A0Q4P2|A0Q4P2_FRATN	Transporter-associated protein, HlyC/CorC family
tr|A0Q4P3|A0Q4P3_FRATN	Uncharacterized protein
tr|A0Q4P4|A0Q4P4_FRATN	Pilus assembly protein
tr|A0Q4P5|A0Q4P5_FRATN	Pilus assembly protein
tr|A0Q4P6|A0Q4P6_FRATN	Pilus assembly protein
tr|A0Q4P7|A0Q4P7_FRATN	Pilus assembly protein
tr|A0Q4P8|A0Q4P8_FRATN	Pilus assembly protein
tr|A0Q4P9|A0Q4P9_FRATN	Uncharacterized protein
tr|A0Q4Q0|A0Q4Q0_FRATN	Hypothetical membrane protein
tr|A0Q4Q2|A0Q4Q2_FRATN	Ribosomal protein uL3 glutamine methyltransferase
tr|A0Q4Q3|A0Q4Q3_FRATN	Drug:H+ antiporter-1 (DHA1) family protein
tr|A0Q4Q4|A0Q4Q4_FRATN	Acetyltransferase
tr|A0Q4Q5|A0Q4Q5_FRATN	Uncharacterized protein
tr|A0Q4Q6|A0Q4Q6_FRATN	TraT-like protein
tr|A0Q4Q7|A0Q4Q7_FRATN	Alanine racemase
tr|A0Q4Q8|A0Q4Q8_FRATN	Amino acid transporter
tr|A0Q4Q9|A0Q4Q9_FRATN	Uncharacterized protein
tr|A0Q4R0|A0Q4R0_FRATN	Amino acid-polyamine-organocation family protein
tr|A0Q4R1|A0Q4R1_FRATN	Uncharacterized protein
tr|A0Q4R2|A0Q4R2_FRATN	Ubiquinone biosynthesis O-methyltransferase
tr|A0Q4R3|A0Q4R3_FRATN	VacJ like lipoprotein
tr|A0Q4R4|A0Q4R4_FRATN	BolA family protein
tr|A0Q4R5|A0Q4R5_FRATN	Uncharacterized protein
tr|A0Q4R6|A0Q4R6_FRATN	Uncharacterized protein
tr|A0Q4R7|A0Q4R7_FRATN	Uncharacterized protein
tr|A0Q4R8|A0Q4R8_FRATN	ABC-type transport system permease protein
tr|A0Q4R9|A0Q4R9_FRATN	ATP-binding cassette (ABC) superfamily protein
tr|A0Q4S1|A0Q4S1_FRATN	Septum site-determining protein MinD
tr|A0Q4S2|A0Q4S2_FRATN	Probable septum site-determining protein MinC
tr|A0Q4S5|A0Q4S5_FRATN	Uncharacterized protein
tr|A0Q4S6|A0Q4S6_FRATN	ATP-dependent DNA helicase
tr|A0Q4S7|A0Q4S7_FRATN	Uncharacterized protein
tr|A0Q4S8|A0Q4S8_FRATN	Fumarate hydratase class I
tr|A0Q4S9|A0Q4S9_FRATN	MutT/nudix family protein
tr|A0Q4T0|A0Q4T0_FRATN	Arsenate reductase
tr|A0Q4T1|A0Q4T1_FRATN	Uncharacterized protein
tr|A0Q4T2|A0Q4T2_FRATN	Uncharacterized protein
tr|A0Q4T3|A0Q4T3_FRATN	Permease
tr|A0Q4T4|A0Q4T4_FRATN	Aminotransferase
tr|A0Q4T5|A0Q4T5_FRATN	Aspartate:alanine exchanger (AAE) family protein
tr|A0Q4T6|A0Q4T6_FRATN	DNA uptake protein, SMF family
tr|A0Q4T7|A0Q4T7_FRATN	OmpA family protein
tr|A0Q4T8|A0Q4T8_FRATN	Peptidyl-prolyl cis-trans isomerase
tr|A0Q4U0|A0Q4U0_FRATN	chorismate mutase
tr|A0Q4U1|A0Q4U1_FRATN	Phosphatidylserine synthase
tr|A0Q4U2|A0Q4U2_FRATN	Uncharacterized protein
tr|A0Q4U3|A0Q4U3_FRATN	Group A colicin translocation tolQ protein
tr|A0Q4U4|A0Q4U4_FRATN	Tol-Pal system protein TolR
tr|A0Q4U5|A0Q4U5_FRATN	Group A colicin translocation tolA protein
tr|A0Q4U7|A0Q4U7_FRATN	Uncharacterized protein
tr|A0Q4U8|A0Q4U8_FRATN	Peptidoglycan-associated lipoprotein, OmpA family
tr|A0Q4V0|A0Q4V0_FRATN	Short-chain alcohol dehydrogenase-like dehydrogenase
tr|A0Q4V1|A0Q4V1_FRATN	Uncharacterized protein
tr|A0Q4V2|A0Q4V2_FRATN	Deoxyribodipyrimidine photolyase
tr|A0Q4V3|A0Q4V3_FRATN	Deoxyribodipyrimidine photolyase-related protein
tr|A0Q4V4|A0Q4V4_FRATN	Sodium bile acid symporter family protein
tr|A0Q4V5|A0Q4V5_FRATN	Sensory box protein
tr|A0Q4V6|A0Q4V6_FRATN	Probable membrane transporter protein
tr|A0Q4V7|A0Q4V7_FRATN	Phage integrase
tr|A0Q4V8|A0Q4V8_FRATN	Uncharacterized protein
tr|A0Q4V9|A0Q4V9_FRATN	Uncharacterized protein
tr|A0Q4W0|A0Q4W0_FRATN	Uncharacterized protein
tr|A0Q4W1|A0Q4W1_FRATN	Uncharacterized protein
tr|A0Q4W2|A0Q4W2_FRATN	Regulatory protein, AlpA family
tr|A0Q4W3|A0Q4W3_FRATN	Phage integrase
tr|A0Q4W4|A0Q4W4_FRATN	Winged helix-turn-helix domain-containing protein
tr|A0Q4W5|A0Q4W5_FRATN	Uncharacterized protein
tr|A0Q4W6|A0Q4W6_FRATN	DUF3987 domain-containing protein
tr|A0Q4W7|A0Q4W7_FRATN	Uncharacterized protein
tr|A0Q4W8|A0Q4W8_FRATN	Uncharacterized protein
tr|A0Q4W9|A0Q4W9_FRATN	Uncharacterized protein
tr|A0Q4X0|A0Q4X0_FRATN	Arsenite-antimonite (ArsB) efflux family protein
tr|A0Q4X1|A0Q4X1_FRATN	Conserved hypothetical membrane protein
tr|A0Q4X2|A0Q4X2_FRATN	Uncharacterized protein
tr|A0Q4X4|A0Q4X4_FRATN	Chorismate pyruvate lyase
tr|A0Q4X6|A0Q4X6_FRATN	Uncharacterized protein
tr|A0Q4X7|A0Q4X7_FRATN	Type IV pili, pilus assembly protein
tr|A0Q4X8|A0Q4X8_FRATN	Zn-dependent protease with chaperone function
tr|A0Q4X9|A0Q4X9_FRATN	LemA-like protein
tr|A0Q4Y0|A0Q4Y0_FRATN	Transcriptional regulator, LysR family
tr|A0Q4Y1|A0Q4Y1_FRATN	Uncharacterized protein
tr|A0Q4Y2|A0Q4Y2_FRATN	P-type Zn(2+) transporter
tr|A0Q4Y3|A0Q4Y3_FRATN	Transcriptional regulator, ArsR family
tr|A0Q4Y4|A0Q4Y4_FRATN	Peptidase C39-like domain-containing protein
tr|A0Q4Y6|A0Q4Y6_FRATN	Hypothetical membrane protein
tr|A0Q4Y7|A0Q4Y7_FRATN	DNA repair protein RadA
tr|A0Q4Y8|A0Q4Y8_FRATN	Uncharacterized protein
tr|A0Q4Y9|A0Q4Y9_FRATN	Hypothetical membrane protein
tr|A0Q4Z1|A0Q4Z1_FRATN	Hypothetical membrane protein
tr|A0Q4Z2|A0Q4Z2_FRATN	peptide-methionine (R)-S-oxide reductase
tr|A0Q4Z3|A0Q4Z3_FRATN	Superoxide dismutase [Cu-Zn]
tr|A0Q4Z4|A0Q4Z4_FRATN	Sterol desaturase
tr|A0Q4Z5|A0Q4Z5_FRATN	Amino acid transporter (AAT) family protein
tr|A0Q4Z6|A0Q4Z6_FRATN	Mannose-6-phosphate isomerase
tr|A0Q4Z7|A0Q4Z7_FRATN	S-(hydroxymethyl)glutathione dehydrogenase
tr|A0Q4Z8|A0Q4Z8_FRATN	Aminotransferase
tr|A0Q4Z9|A0Q4Z9_FRATN	Cation diffusion facilitator (CDF) family protein
tr|A0Q500|A0Q500_FRATN	DNA repair protein RecN
tr|A0Q501|A0Q501_FRATN	Type IV pili, pilus assembly protein
tr|A0Q502|A0Q502_FRATN	Type IV pili, pilus assembly protein
tr|A0Q503|A0Q503_FRATN	Type IV pili, pilus assembly protein
tr|A0Q504|A0Q504_FRATN	undecaprenyl-diphosphate phosphatase
tr|A0Q506|A0Q506_FRATN	Endonuclease
tr|A0Q507|A0Q507_FRATN	Phosphoribosylformylglycinamidine cyclo-ligase
tr|A0Q508|A0Q508_FRATN	Multifunctional fusion protein
tr|A0Q509|A0Q509_FRATN	Phosphoribosylglycinamide formyltransferase
tr|A0Q510|A0Q510_FRATN	N5-carboxyaminoimidazole ribonucleotide mutase
tr|A0Q511|A0Q511_FRATN	N5-carboxyaminoimidazole ribonucleotide synthase
tr|A0Q513|A0Q513_FRATN	oligopeptidase A
tr|A0Q514|A0Q514_FRATN	Uncharacterized protein
tr|A0Q515|A0Q515_FRATN	Uncharacterized protein
tr|A0Q516|A0Q516_FRATN	Uncharacterized protein
tr|A0Q517|A0Q517_FRATN	Uncharacterized protein
tr|A0Q518|A0Q518_FRATN	Type IV secretion system outer membrane lipoprotein VirB7
tr|A0Q519|A0Q519_FRATN	Hypothetical membrane protein
tr|A0Q520|A0Q520_FRATN	DNA topoisomerase 1
tr|A0Q521|A0Q521_FRATN	Chromosome partition protein A, ATPase
tr|A0Q522|A0Q522_FRATN	Chromosome partition protein B
tr|A0Q523|A0Q523_FRATN	Glutamine amidotransferase, class I
tr|A0Q524|A0Q524_FRATN	Lipolytic enzyme
tr|A0Q525|A0Q525_FRATN	Hydrolase, HD superfamily
tr|A0Q527|A0Q527_FRATN	Uncharacterized protein
tr|A0Q530|A0Q530_FRATN	Riboflavin biosynthesis protein
tr|A0Q531|A0Q531_FRATN	NAD-dependent malic enzyme
tr|A0Q532|A0Q532_FRATN	Uncharacterized protein
tr|A0Q533|A0Q533_FRATN	Uncharacterized protein
tr|A0Q535|A0Q535_FRATN	UDP-N-acetylglucosamine 1-carboxyvinyltransferase
tr|A0Q536|A0Q536_FRATN	UDP-N-acetylenolpyruvoylglucosamine reductase
tr|A0Q537|A0Q537_FRATN	Uncharacterized protein
tr|A0Q538|A0Q538_FRATN	Uncharacterized protein
tr|A0Q539|A0Q539_FRATN	Signal transduction protein with a PAS, a PAC, an EAL and a GGDEF domain
tr|A0Q540|A0Q540_FRATN	Uncharacterized protein
tr|A0Q541|A0Q541_FRATN	Glycosyl transferase
tr|A0Q542|A0Q542_FRATN	Uncharacterized protein
tr|A0Q543|A0Q543_FRATN	protein-glutamate O-methyltransferase
tr|A0Q544|A0Q544_FRATN	Signal transduction protein with a PAS, a PAC, an EAL and a GGDEF domain
tr|A0Q545|A0Q545_FRATN	Uncharacterized protein
tr|A0Q546|A0Q546_FRATN	Histidine triad (HIT) family protein
tr|A0Q547|A0Q547_FRATN	2-octaprenylphenol hydroxylase
tr|A0Q548|A0Q548_FRATN	Uncharacterized protein
tr|A0Q550|A0Q550_FRATN	Glucose kinase (Glucokinase)
tr|A0Q551|A0Q551_FRATN	Uncharacterized protein
tr|A0Q552|A0Q552_FRATN	Inner membrane-spanning protein YciB
tr|A0Q553|A0Q553_FRATN	Sua5/YciO/YrdC family protein
tr|A0Q554|A0Q554_FRATN	Uncharacterized protein
tr|A0Q555|A0Q555_FRATN	Sugar transporter, MFS superfamily
tr|A0Q557|A0Q557_FRATN	NADPH-dependent FMN reductase
tr|A0Q558|A0Q558_FRATN	Uncharacterized protein
tr|A0Q559|A0Q559_FRATN	Conserved hypothetical membrane protein
tr|A0Q560|A0Q560_FRATN	Metallopeptidase, M50B family
tr|A0Q561|A0Q561_FRATN	Uncharacterized protein
tr|A0Q563|A0Q563_FRATN	Uncharacterized protein
tr|A0Q564|A0Q564_FRATN	Bifunctional NMN adenylyltransferase/Nudix hydrolase
tr|A0Q566|A0Q566_FRATN	Glutamine--fructose-6-phosphate aminotransferase [isomerizing]
tr|A0Q567|A0Q567_FRATN	Acetyltransferase
tr|A0Q568|A0Q568_FRATN	Small ribosomal subunit protein bS21
tr|A0Q569|A0Q569_FRATN	Cold shock protein, DNA-binding
tr|A0Q570|A0Q570_FRATN	NTP pyrophosphohydrolase MazG-like domain-containing protein
tr|A0Q571|A0Q571_FRATN	Methionine aminopeptidase
tr|A0Q572|A0Q572_FRATN	Uncharacterized protein
tr|A0Q573|A0Q573_FRATN	DNA topoisomerase 4 subunit A
tr|A0Q574|A0Q574_FRATN	adenosylhomocysteine nucleosidase
tr|A0Q575|A0Q575_FRATN	Hypothetical membrane protein
tr|A0Q576|A0Q576_FRATN	BNR/Asp-box repeat protein
tr|A0Q577|A0Q577_FRATN	Soluble lytic murein transglycosylase
tr|A0Q578|A0Q578_FRATN	Uncharacterized protein
tr|A0Q579|A0Q579_FRATN	Hypothetical membrane protein
tr|A0Q580|A0Q580_FRATN	DNA polymerase III subunit alpha
tr|A0Q581|A0Q581_FRATN	Peptide deformylase
tr|A0Q582|A0Q582_FRATN	ABC transporter, involved in lipoprotein release, permease component
tr|A0Q583|A0Q583_FRATN	Lipoprotein-releasing system ATP-binding protein LolD
tr|A0Q584|A0Q584_FRATN	Lysine decarboxylase
tr|A0Q586|A0Q586_FRATN	Glycine cleavage system H protein
tr|A0Q589|A0Q589_FRATN	site-specific DNA-methyltransferase (adenine-specific)
tr|A0Q590|A0Q590_FRATN	Uncharacterized protein
tr|A0Q591|A0Q591_FRATN	Shikimate 5-dehydrogenase
tr|A0Q592|A0Q592_FRATN	Pullulanase
tr|A0Q594|A0Q594_FRATN	phosphoglucomutase (alpha-D-glucose-1,6-bisphosphate-dependent)
tr|A0Q597|A0Q597_FRATN	Alpha-1,4 glucan phosphorylase
tr|A0Q598|A0Q598_FRATN	4-alpha-glucanotransferase
tr|A0Q5A0|A0Q5A0_FRATN	UDP-N-acetylmuramyl-tripeptide synthetase
tr|A0Q5A1|A0Q5A1_FRATN	Uncharacterized protein
tr|A0Q5A2|A0Q5A2_FRATN	UDP-N-acetylmuramoyl-tripeptide--D-alanyl-D-alanine ligase
tr|A0Q5A3|A0Q5A3_FRATN	Uncharacterized protein
tr|A0Q5A4|A0Q5A4_FRATN	Aspartate-semialdehyde dehydrogenase
tr|A0Q5A5|A0Q5A5_FRATN	Bifunctional aspartokinase/homoserine dehydrogenase
tr|A0Q5A6|A0Q5A6_FRATN	Homoserine kinase
tr|A0Q5A7|A0Q5A7_FRATN	Threonine synthase
tr|A0Q5A8|A0Q5A8_FRATN	UDP-2,3-diacylglucosamine hydrolase
tr|A0Q5A9|A0Q5A9_FRATN	Orotate phosphoribosyltransferase
tr|A0Q5B0|A0Q5B0_FRATN	UDP-N-acetylmuramate:L-alanyl-gamma-D-glutamyl-meso-diaminopimelate ligase
tr|A0Q5B1|A0Q5B1_FRATN	tRNA/rRNA methyltransferase
tr|A0Q5B2|A0Q5B2_FRATN	Conserved hypothetical membrane protein
tr|A0Q5B3|A0Q5B3_FRATN	Bcr/CflA family efflux transporter
tr|A0Q5B4|A0Q5B4_FRATN	Conserved hypothetical membrane protein
tr|A0Q5B5|A0Q5B5_FRATN	Drug:H+ antiporter-1 (DHA1) family protein
tr|A0Q5B6|A0Q5B6_FRATN	ATP-binding protein Uup
tr|A0Q5B7|A0Q5B7_FRATN	Proton-dependent oligopeptide transporter (POT) family protein, di-or tripeptide:H+ symporter
tr|A0Q5B8|A0Q5B8_FRATN	Conserved hypothetical membrane protein
tr|A0Q5B9|A0Q5B9_FRATN	Glutamine--tRNA ligase
tr|A0Q5C0|A0Q5C0_FRATN	Phosphoenolpyruvate carboxykinase (ATP)
tr|A0Q5C3|A0Q5C3_FRATN	Probable peptidoglycan glycosyltransferase FtsW
tr|A0Q5C4|A0Q5C4_FRATN	Uncharacterized protein
tr|A0Q5C5|A0Q5C5_FRATN	Glycosyl transferase, group 2
tr|A0Q5C6|A0Q5C6_FRATN	Dolichyl-phosphate-mannose-protein mannosyltransferase family protein
tr|A0Q5C8|A0Q5C8_FRATN	Sulfurtransferase
tr|A0Q5C9|A0Q5C9_FRATN	Stringent starvation protein A
tr|A0Q5D0|A0Q5D0_FRATN	Peptidase family S49 protein
tr|A0Q5D1|A0Q5D1_FRATN	DNA polymerase III subunit delta'
tr|A0Q5D2|A0Q5D2_FRATN	RNA-binding protein
tr|A0Q5D3|A0Q5D3_FRATN	Delta-aminolevulinic acid dehydratase
tr|A0Q5D4|A0Q5D4_FRATN	tRNA (cytidine(34)-2'-O)-methyltransferase
tr|A0Q5D5|A0Q5D5_FRATN	Periplasmic L-asparaginase II
tr|A0Q5D6|A0Q5D6_FRATN	Uncharacterized protein
tr|A0Q5D9|A0Q5D9_FRATN	Peptidyl-prolyl cis-trans isomerase (PPIase)
tr|A0Q5E1|A0Q5E1_FRATN	bis(5'-nucleosyl)-tetraphosphatase (symmetrical)
tr|A0Q5E3|A0Q5E3_FRATN	Biotin carboxyl carrier protein of acetyl-CoA carboxylase
tr|A0Q5E4|A0Q5E4_FRATN	Biotin carboxylase
tr|A0Q5E5|A0Q5E5_FRATN	Uncharacterized protein
tr|A0Q5E6|A0Q5E6_FRATN	Mechanosensitive ion channel protein
tr|A0Q5E7|A0Q5E7_FRATN	tRNA synthetase class II (D, K and N)
tr|A0Q5E8|A0Q5E8_FRATN	BirA-like protein
tr|A0Q5E9|A0Q5E9_FRATN	Single-stranded-DNA-specific exonuclease RecJ
tr|A0Q5F0|A0Q5F0_FRATN	PerM family protein
tr|A0Q5F1|A0Q5F1_FRATN	Amino acid-polyamine-organocation (APC) superfamily protein
tr|A0Q5F2|A0Q5F2_FRATN	Putrescine-binding periplasmic protein
tr|A0Q5F3|A0Q5F3_FRATN	Uncharacterized protein
tr|A0Q5F4|A0Q5F4_FRATN	Small ribosomal subunit biogenesis GTPase RsgA
tr|A0Q5F5|A0Q5F5_FRATN	Uncharacterized protein
tr|A0Q5F6|A0Q5F6_FRATN	DUF2147 domain-containing protein
tr|A0Q5F7|A0Q5F7_FRATN	DNA mismatch repair protein MutL
tr|A0Q5F8|A0Q5F8_FRATN	Major facilitator superfamily (MFS) transport protein
tr|A0Q5F9|A0Q5F9_FRATN	Major facilitator superfamily (MFS) transport protein
tr|A0Q5G0|A0Q5G0_FRATN	Thioredoxin reductase
tr|A0Q5G1|A0Q5G1_FRATN	Phospholipase D family protein
tr|A0Q5G2|A0Q5G2_FRATN	phosphoglycolate phosphatase
tr|A0Q5G3|A0Q5G3_FRATN	Transcriptional regulator, LysR family
tr|A0Q5G4|A0Q5G4_FRATN	Uncharacterized protein
tr|A0Q5G5|A0Q5G5_FRATN	PF03932 family protein CutC
tr|A0Q5G6|A0Q5G6_FRATN	DUF1543 domain-containing protein
tr|A0Q5G7|A0Q5G7_FRATN	Deoxyguanosinetriphosphate triphosphohydrolase-like protein
tr|A0Q5G8|A0Q5G8_FRATN	Asparaginase
tr|A0Q5G9|A0Q5G9_FRATN	Proton-dependent oligopeptide transporter (POT) family protein, di-or tripeptide:H+ symporter
tr|A0Q5H0|A0Q5H0_FRATN	Uncharacterized protein
tr|A0Q5H1|A0Q5H1_FRATN	Conserved hypothetical membrane protein
tr|A0Q5H2|A0Q5H2_FRATN	Hypothetical membrane protein
tr|A0Q5H3|A0Q5H3_FRATN	Succinate--CoA ligase [ADP-forming] subunit alpha
tr|A0Q5H5|A0Q5H5_FRATN	Uncharacterized protein
tr|A0Q5H6|A0Q5H6_FRATN	Uncharacterized protein
tr|A0Q5H7|A0Q5H7_FRATN	Protein-disulfide isomerase
tr|A0Q5H8|A0Q5H8_FRATN	tRNA-dihydrouridine(20/20a) synthase
tr|A0Q5H9|A0Q5H9_FRATN	Gamma-glutamylcyclotransferase
tr|A0Q5I0|A0Q5I0_FRATN	DNA gyrase subunit B
tr|A0Q5I3|A0Q5I3_FRATN	Formamidopyrimidine-DNA glycosylase
tr|A0Q5I4|A0Q5I4_FRATN	AMP-binding protein
tr|A0Q5I6|A0Q5I6_FRATN	Cell division protein FtsL
tr|A0Q5I7|A0Q5I7_FRATN	Peptidoglycan D,D-transpeptidase FtsI
tr|A0Q5J2|A0Q5J2_FRATN	Uridine kinase
tr|A0Q5J4|A0Q5J4_FRATN	Uncharacterized protein
tr|A0Q5J6|A0Q5J6_FRATN	ROK family protein
tr|A0Q5J7|A0Q5J7_FRATN	ROK family protein
tr|A0Q5J8|A0Q5J8_FRATN	Major facilitator superfamily (MFS) transport protein
tr|A0Q5K0|A0Q5K0_FRATN	Cell division protein FtsB
tr|A0Q5K1|A0Q5K1_FRATN	2-C-methyl-D-erythritol 4-phosphate cytidylyltransferase
tr|A0Q5K2|A0Q5K2_FRATN	Serine permease
tr|A0Q5K4|A0Q5K4_FRATN	2-amino-3-ketobutyrate coenzyme A ligase
tr|A0Q5K5|A0Q5K5_FRATN	Chitinase
tr|A0Q5K7|A0Q5K7_FRATN	Formyltetrahydrofolate deformylase
tr|A0Q5K8|A0Q5K8_FRATN	Uncharacterized protein
tr|A0Q5K9|A0Q5K9_FRATN	Metabolite:H+ symporter (MHS) family protein
tr|A0Q5L0|A0Q5L0_FRATN	Deoxyguanosinetriphosphate triphosphohydrolase-like protein
tr|A0Q5L2|A0Q5L2_FRATN	Oxidoreductase, short chain dehydrogenase/reductase family
tr|A0Q5L3|A0Q5L3_FRATN	Serine-type D-Ala-D-Ala carboxypeptidase
tr|A0Q5L4|A0Q5L4_FRATN	Glycerol-3-phosphate transporter
tr|A0Q5L5|A0Q5L5_FRATN	Glycerophosphoryl diester phosphodiesterase
tr|A0Q5L6|A0Q5L6_FRATN	Sulfate permease family protein
tr|A0Q5L7|A0Q5L7_FRATN	Endoribonuclease L-PSP
tr|A0Q5L8|A0Q5L8_FRATN	C4-dicarboxylate transport protein
tr|A0Q5L9|A0Q5L9_FRATN	ABC-type transport ATP-binding protein CydC
tr|A0Q5M0|A0Q5M0_FRATN	ABC-type transport ATP-binding protein CydD
tr|A0Q5M1|A0Q5M1_FRATN	Uncharacterized protein
tr|A0Q5M2|A0Q5M2_FRATN	Uncharacterized protein
tr|A0Q5M3|A0Q5M3_FRATN	Multidrug/oligosaccharidyl-lipid/polysaccharide (MOP) transporter
tr|A0Q5M4|A0Q5M4_FRATN	fructokinase
tr|A0Q5M7|A0Q5M7_FRATN	D-2-hydroxyglutarate dehydrogenase
tr|A0Q5M8|A0Q5M8_FRATN	Cytidine deaminase
tr|A0Q5M9|A0Q5M9_FRATN	Uridine phosphorylase
tr|A0Q5N0|A0Q5N0_FRATN	tRNA-(Ms(2)io(6)a)-hydroxylase
tr|A0Q5N1|A0Q5N1_FRATN	Conserved hypothetical membrane protein
tr|A0Q5N2|A0Q5N2_FRATN	Ribosomal RNA small subunit methyltransferase D
tr|A0Q5N3|A0Q5N3_FRATN	Zn-dependent peptidase, M16 family
tr|A0Q5N4|A0Q5N4_FRATN	Pitrilysin
tr|A0Q5N5|A0Q5N5_FRATN	Uncharacterized protein
tr|A0Q5N6|A0Q5N6_FRATN	Lipopolysaccharide export system permease protein LptF
tr|A0Q5N7|A0Q5N7_FRATN	Probable cytosol aminopeptidase
tr|A0Q5N8|A0Q5N8_FRATN	Inosine-5'-monophosphate dehydrogenase
tr|A0Q5N9|A0Q5N9_FRATN	Thiamine diphosphokinase
tr|A0Q5P1|A0Q5P1_FRATN	Type II secretion system protein H
tr|A0Q5P3|A0Q5P3_FRATN	UvrABC system protein A
tr|A0Q5P4|A0Q5P4_FRATN	Drug:H+ antiporter-1 (DHA2) family protein
tr|A0Q5P5|A0Q5P5_FRATN	ATP-dependent zinc metalloprotease FtsH
tr|A0Q5P6|A0Q5P6_FRATN	Uridine phosphorylase
tr|A0Q5P7|A0Q5P7_FRATN	Uncharacterized protein
tr|A0Q5P8|A0Q5P8_FRATN	Lipoprotein LPP20-like domain-containing protein
tr|A0Q5Q0|A0Q5Q0_FRATN	3-methyladenine DNA glycosylase
tr|A0Q5Q1|A0Q5Q1_FRATN	Glycerate kinase
tr|A0Q5Q4|A0Q5Q4_FRATN	Uncharacterized protein
tr|A0Q5Q5|A0Q5Q5_FRATN	Bcr/CflA family efflux transporter
tr|A0Q5Q6|A0Q5Q6_FRATN	Ribonuclease D
tr|A0Q5Q8|A0Q5Q8_FRATN	Acid phosphatase/phosphotransferase
tr|A0Q5R1|A0Q5R1_FRATN	HIT family protein
tr|A0Q5R2|A0Q5R2_FRATN	Galactokinase
tr|A0Q5R3|A0Q5R3_FRATN	Galactose-1-phosphate uridylyltransferase
tr|A0Q5R4|A0Q5R4_FRATN	Galactose-proton symporter, major facilitator superfamily (MFS) transport protein
tr|A0Q5R5|A0Q5R5_FRATN	Galactose-proton symporter, major facilitator superfamily (MFS) transport protein
tr|A0Q5R6|A0Q5R6_FRATN	Peptidyl-prolyl cis-trans isomerase C
tr|A0Q5R7|A0Q5R7_FRATN	ATP-dependent RNA helicase DeaD
tr|A0Q5R8|A0Q5R8_FRATN	Guanylate kinase
tr|A0Q5R9|A0Q5R9_FRATN	Quinolinate synthase
tr|A0Q5S0|A0Q5S0_FRATN	nicotinate-nucleotide diphosphorylase (carboxylating)
tr|A0Q5S1|A0Q5S1_FRATN	L-aspartate oxidase
tr|A0Q5S2|A0Q5S2_FRATN	adenosine deaminase
tr|A0Q5S3|A0Q5S3_FRATN	Hypothetical membrane protein
tr|A0Q5S4|A0Q5S4_FRATN	chorismate mutase
tr|A0Q5S5|A0Q5S5_FRATN	Glutathione peroxidase
tr|A0Q5S6|A0Q5S6_FRATN	Uncharacterized protein
tr|A0Q5S8|A0Q5S8_FRATN	DUF676 domain-containing protein
tr|A0Q5S9|A0Q5S9_FRATN	Bifunctional NAD(P)H-hydrate repair enzyme
tr|A0Q5T0|A0Q5T0_FRATN	Type I restriction-modification system, subunit S
tr|A0Q5T1|A0Q5T1_FRATN	site-specific DNA-methyltransferase (adenine-specific)
tr|A0Q5T2|A0Q5T2_FRATN	Abortive infection bacteriophage resistance protein
tr|A0Q5T3|A0Q5T3_FRATN	Hypothetical membrane protein
tr|A0Q5T4|A0Q5T4_FRATN	Type I restriction-modification system, subunit S
tr|A0Q5T5|A0Q5T5_FRATN	Uncharacterized protein
tr|A0Q5T6|A0Q5T6_FRATN	Uncharacterized protein
tr|A0Q5T7|A0Q5T7_FRATN	Type I restriction enzyme endonuclease subunit
tr|A0Q5T8|A0Q5T8_FRATN	Predicted metal-dependent hydrolase
tr|A0Q5T9|A0Q5T9_FRATN	Heat shock protein 15
tr|A0Q5U0|A0Q5U0_FRATN	LPS-assembly protein LptD
tr|A0Q5U1|A0Q5U1_FRATN	PKD/Chitinase domain-containing protein
tr|A0Q5U2|A0Q5U2_FRATN	Uncharacterized protein
tr|A0Q5U3|A0Q5U3_FRATN	Uncharacterized protein
tr|A0Q5U4|A0Q5U4_FRATN	Conserved hypothetical membrane protein
tr|A0Q5U5|A0Q5U5_FRATN	Membrane fusion protein
tr|A0Q5U6|A0Q5U6_FRATN	Uncharacterized protein
tr|A0Q5U7|A0Q5U7_FRATN	Transcriptional regulator, IclR family
tr|A0Q5U8|A0Q5U8_FRATN	Uncharacterized protein
tr|A0Q5U9|A0Q5U9_FRATN	L-lysine 2,3-aminomutase
tr|A0Q5V0|A0Q5V0_FRATN	Cold shock protein, DNA-binding
tr|A0Q5V1|A0Q5V1_FRATN	Uncharacterized protein
tr|A0Q5V2|A0Q5V2_FRATN	Small ribosomal subunit protein bS21
tr|A0Q5V3|A0Q5V3_FRATN	Hypothetical membrane protein
tr|A0Q5V4|A0Q5V4_FRATN	Predicted Co/Zn/Cd cation transporter
tr|A0Q5V5|A0Q5V5_FRATN	UTP--glucose-1-phosphate uridylyltransferase
tr|A0Q5V6|A0Q5V6_FRATN	Acetate--CoA ligase
tr|A0Q5V7|A0Q5V7_FRATN	Conserved hypothetical membrane protein
tr|A0Q5V8|A0Q5V8_FRATN	Uncharacterized protein
tr|A0Q5V9|A0Q5V9_FRATN	DUF1311 domain-containing protein
tr|A0Q5W1|A0Q5W1_FRATN	Mg-dependent DNase
tr|A0Q5W2|A0Q5W2_FRATN	Glycine--tRNA ligase beta subunit
tr|A0Q5W3|A0Q5W3_FRATN	ATP-binding cassette putrescine uptake system, membrane protein, subunit I
tr|A0Q5W4|A0Q5W4_FRATN	ATP-binding cassette putrescine uptake system, membrane protein, subunit H
tr|A0Q5W5|A0Q5W5_FRATN	Spermidine/putrescine import ATP-binding protein PotA
tr|A0Q5W6|A0Q5W6_FRATN	Uncharacterized protein
tr|A0Q5W7|A0Q5W7_FRATN	Proton-dependent oligopeptide transporter (POT) family protein, di-or tripeptide:H+ symporter
tr|A0Q5W8|A0Q5W8_FRATN	phosphoserine phosphatase
tr|A0Q5W9|A0Q5W9_FRATN	Conserved hypothetical membrane protein
tr|A0Q5X0|A0Q5X0_FRATN	Uncharacterized protein
tr|A0Q5X1|A0Q5X1_FRATN	Uncharacterized protein
tr|A0Q5X3|A0Q5X3_FRATN	Amino acid-polyamine-organocation (APC) superfamily protein
tr|A0Q5X4|A0Q5X4_FRATN	Prephenate dehydratase
tr|A0Q5X5|A0Q5X5_FRATN	Predicted metal-dependent hydrolase
tr|A0Q5X6|A0Q5X6_FRATN	L-serine dehydratase
tr|A0Q5X7|A0Q5X7_FRATN	Cysteine desulfurase
tr|A0Q5X8|A0Q5X8_FRATN	Core domain-containing protein
tr|A0Q5X9|A0Q5X9_FRATN	Uncharacterized protein
tr|A0Q5Y1|A0Q5Y1_FRATN	4Fe-4S ferredoxin
tr|A0Q5Y2|A0Q5Y2_FRATN	OmpA family protein
tr|A0Q5Y7|A0Q5Y7_FRATN	Radical SAM family protein
tr|A0Q5Y8|A0Q5Y8_FRATN	Glutaredoxin like protein
tr|A0Q5Y9|A0Q5Y9_FRATN	Thioesterase superfamily protein
tr|A0Q5Z0|A0Q5Z0_FRATN	Uncharacterized protein
tr|A0Q5Z1|A0Q5Z1_FRATN	Choloylglycine hydrolase family protein
tr|A0Q5Z2|A0Q5Z2_FRATN	rRNA methyltransferase
tr|A0Q5Z3|A0Q5Z3_FRATN	Betaine/carnitine/choline transporter (BCCT) family protein
tr|A0Q5Z4|A0Q5Z4_FRATN	Tryptophan-rich sensory protein
tr|A0Q5Z5|A0Q5Z5_FRATN	Peptide methionine sulfoxide reductase MsrA
tr|A0Q5Z6|A0Q5Z6_FRATN	Bcr/CflA family efflux transporter
tr|A0Q5Z7|A0Q5Z7_FRATN	Protein-disulfide isomerase
tr|A0Q5Z8|A0Q5Z8_FRATN	Peptidyl-prolyl cis-trans isomerase FKBP-type N-terminal domain-containing protein
tr|A0Q5Z9|A0Q5Z9_FRATN	Epoxyqueuosine reductase
tr|A0Q600|A0Q600_FRATN	Ribosomal silencing factor RsfS
tr|A0Q601|A0Q601_FRATN	Uncharacterized protein
tr|A0Q602|A0Q602_FRATN	DNA 3'-5' helicase
tr|A0Q603|A0Q603_FRATN	Uncharacterized protein
tr|A0Q605|A0Q605_FRATN	TolC family protein
tr|A0Q606|A0Q606_FRATN	Cytosol aminopeptidase
tr|A0Q607|A0Q607_FRATN	Transaldolase
tr|A0Q608|A0Q608_FRATN	Uncharacterized protein
tr|A0Q609|A0Q609_FRATN	Isochorismatase family protein
tr|A0Q610|A0Q610_FRATN	Isochorismatase family protein
tr|A0Q611|A0Q611_FRATN	Uncharacterized protein
tr|A0Q612|A0Q612_FRATN	ATP-dependent DNA helicase Rep
tr|A0Q613|A0Q613_FRATN	Uncharacterized protein
tr|A0Q615|A0Q615_FRATN	Recombination-associated protein RdgC
tr|A0Q616|A0Q616_FRATN	Uncharacterized protein
tr|A0Q617|A0Q617_FRATN	Uncharacterized protein
tr|A0Q618|A0Q618_FRATN	SPM domain-containing protein
tr|A0Q619|A0Q619_FRATN	Transcriptional regulator
tr|A0Q620|A0Q620_FRATN	Fatty acid hydroxylase
tr|A0Q622|A0Q622_FRATN	Membrane transporter of cations and cationic drugs, multidrug resistance protein
tr|A0Q623|A0Q623_FRATN	ArsB arsenite/antimonite exporter
tr|A0Q624|A0Q624_FRATN	Transcriptional regulator, ArsR family
tr|A0Q625|A0Q625_FRATN	Uncharacterized protein
tr|A0Q627|A0Q627_FRATN	Glutathione synthetase
tr|A0Q629|A0Q629_FRATN	beta-N-acetylhexosaminidase
tr|A0Q630|A0Q630_FRATN	Short chain dehydrogenase
tr|A0Q631|A0Q631_FRATN	Acetoacetate decarboxylase
tr|A0Q632|A0Q632_FRATN	Fucose: H+ symporter (FHS) family protein
tr|A0Q633|A0Q633_FRATN	ROK family protein
tr|A0Q634|A0Q634_FRATN	Bifunctional ligase/repressor BirA
tr|A0Q636|A0Q636_FRATN	Biotin synthesis protein BioC
tr|A0Q637|A0Q637_FRATN	8-amino-7-oxononanoate synthase
tr|A0Q639|A0Q639_FRATN	Adenosylmethionine-8-amino-7-oxononanoate aminotransferase
tr|A0Q640|A0Q640_FRATN	Uncharacterized protein
tr|A0Q641|A0Q641_FRATN	Lipase/esterase
tr|A0Q642|A0Q642_FRATN	6-hydroxymethyl-7,8-dihydropterin pyrophosphokinase/dihydropteroate synthase
tr|A0Q643|A0Q643_FRATN	Dihydroneopterin aldolase
tr|A0Q644|A0Q644_FRATN	AMP-binding enzyme
tr|A0Q645|A0Q645_FRATN	aminodeoxychorismate synthase
tr|A0Q646|A0Q646_FRATN	Para-aminobenzoate synthase component II
tr|A0Q647|A0Q647_FRATN	Lysosomal dipeptide transporter MFSD1
tr|A0Q648|A0Q648_FRATN	Aldo/keto reductase family protein
tr|A0Q649|A0Q649_FRATN	Aldo/keto reductase family protein
tr|A0Q650|A0Q650_FRATN	Carbon-nitrogen hydrolase family protein
tr|A0Q651|A0Q651_FRATN	Uncharacterized protein
tr|A0Q652|A0Q652_FRATN	Conserved hypothetical membrane protein
tr|A0Q653|A0Q653_FRATN	GTP cyclohydrolase I
tr|A0Q654|A0Q654_FRATN	DEAD-box ATP-dependent RNA helicase RhpA
tr|A0Q655|A0Q655_FRATN	Proton-dependent oligopeptide transporter (POT) family protein, di-or tripeptide:H+ symporter
tr|A0Q657|A0Q657_FRATN	Glutathione reductase
tr|A0Q658|A0Q658_FRATN	Uncharacterized protein
tr|A0Q659|A0Q659_FRATN	Kinase-like protein
tr|A0Q660|A0Q660_FRATN	Uncharacterized protein
tr|A0Q661|A0Q661_FRATN	Exodeoxyribonuclease III
tr|A0Q662|A0Q662_FRATN	Succinylglutamate desuccinylase/Aspartoacylase catalytic domain-containing protein
tr|A0Q663|A0Q663_FRATN	NADPH-quinone reductase (Modulator of drug activity B)
tr|A0Q664|A0Q664_FRATN	ThiJ/PfpI family protein
tr|A0Q665|A0Q665_FRATN	Phospho-2-dehydro-3-deoxyheptonate aldolase
tr|A0Q666|A0Q666_FRATN	Signal recognition particle protein
tr|A0Q667|A0Q667_FRATN	Hypothetical membrane protein
tr|A0Q668|A0Q668_FRATN	Probable membrane transporter protein
tr|A0Q670|A0Q670_FRATN	Uncharacterized protein
tr|A0Q671|A0Q671_FRATN	Amino acid antiporter
tr|A0Q672|A0Q672_FRATN	Trk system potassium uptake protein TrkA
tr|A0Q673|A0Q673_FRATN	Transcriptional regulator
tr|A0Q674|A0Q674_FRATN	SufS activator complex, sufB subunit
tr|A0Q675|A0Q675_FRATN	SufS activator complex, sufC subunit
tr|A0Q676|A0Q676_FRATN	SufS activator complex, sufD subunit
tr|A0Q677|A0Q677_FRATN	Amidinotransferase
tr|A0Q678|A0Q678_FRATN	Uncharacterized protein
tr|A0Q679|A0Q679_FRATN	Thioredoxin
tr|A0Q680|A0Q680_FRATN	Uncharacterized protein
tr|A0Q681|A0Q681_FRATN	Transcriptional regulator, MarR family
tr|A0Q682|A0Q682_FRATN	Hypothetical membrane protein
tr|A0Q683|A0Q683_FRATN	Amino acid transporter (AAT) family protein
tr|A0Q684|A0Q684_FRATN	Aminotransferase class I/classII large domain-containing protein
tr|A0Q685|A0Q685_FRATN	PAC domain-containing protein
tr|A0Q686|A0Q686_FRATN	Hypothetical membrane protein
tr|A0Q687|A0Q687_FRATN	Uncharacterized protein
tr|A0Q688|A0Q688_FRATN	8-oxo-dGTP diphosphatase
tr|A0Q691|A0Q691_FRATN	Uncharacterized protein
tr|A0Q692|A0Q692_FRATN	Uncharacterized protein
tr|A0Q694|A0Q694_FRATN	LPS-assembly lipoprotein LptE
tr|A0Q695|A0Q695_FRATN	Small conductance mechanosensitive ion channel (MscS) family protein
tr|A0Q697|A0Q697_FRATN	Iron-sulfur cluster carrier protein
tr|A0Q698|A0Q698_FRATN	Metabolite:H+ symporter (MHS) family
tr|A0Q699|A0Q699_FRATN	Cardiolipin synthase
tr|A0Q6A0|A0Q6A0_FRATN	Cardiolipin synthase
tr|A0Q6A1|A0Q6A1_FRATN	Uncharacterized protein
tr|A0Q6A2|A0Q6A2_FRATN	Zinc (Zn2+)-iron (Fe2+) permease (ZIP) family protein
tr|A0Q6A3|A0Q6A3_FRATN	Uncharacterized protein
tr|A0Q6A4|A0Q6A4_FRATN	Fe2+/Zn2+ uptake regulator protein
tr|A0Q6A5|A0Q6A5_FRATN	Phenylalanine--tRNA ligase beta subunit
tr|A0Q6A7|A0Q6A7_FRATN	Drug/metabolite transporter superfamily protein
tr|A0Q6A8|A0Q6A8_FRATN	Proton-dependent oligopeptide transporter (POT) family protein, di-or tripeptide:H+ symporter
tr|A0Q6A9|A0Q6A9_FRATN	Sugar:cation symporter family protein
tr|A0Q6B0|A0Q6B0_FRATN	Uncharacterized protein
tr|A0Q6B1|A0Q6B1_FRATN	Hypothetical membrane protein
tr|A0Q6B2|A0Q6B2_FRATN	Transcriptional regulator, cro/C1-type HTH domain
tr|A0Q6B3|A0Q6B3_FRATN	Uncharacterized protein
tr|A0Q6B5|A0Q6B5_FRATN	Short chain dehydrogenase
tr|A0Q6B6|A0Q6B6_FRATN	Uncharacterized protein
tr|A0Q6B7|A0Q6B7_FRATN	GDSL-like lipolytic enzyme
tr|A0Q6B8|A0Q6B8_FRATN	Uncharacterized protein
tr|A0Q6C1|A0Q6C1_FRATN	Amino acid permease
tr|A0Q6C3|A0Q6C3_FRATN	Uncharacterized protein
tr|A0Q6C4|A0Q6C4_FRATN	Isomerase
tr|A0Q6C5|A0Q6C5_FRATN	Lipopolysaccharide export system ATP-binding protein LptB
tr|A0Q6C6|A0Q6C6_FRATN	Uncharacterized protein
tr|A0Q6C7|A0Q6C7_FRATN	Uncharacterized protein
tr|A0Q6C8|A0Q6C8_FRATN	3-deoxy-D-manno-octulosonate 8-phosphate phosphatase KdsC
tr|A0Q6C9|A0Q6C9_FRATN	Inorganic pyrophosphatase
tr|A0Q6D0|A0Q6D0_FRATN	serine-type D-Ala-D-Ala carboxypeptidase
tr|A0Q6D1|A0Q6D1_FRATN	UPF0250 protein FTN_0908
tr|A0Q6D3|A0Q6D3_FRATN	Sugar:cation symporter family protein
tr|A0Q6D4|A0Q6D4_FRATN	Glycosyl hydrolases family 31 protein
tr|A0Q6D5|A0Q6D5_FRATN	NADH:ubiquinone reductase (non-electrogenic)
tr|A0Q6D6|A0Q6D6_FRATN	RNA polymerase sigma factor RpoD
tr|A0Q6D7|A0Q6D7_FRATN	DNA primase
tr|A0Q6D8|A0Q6D8_FRATN	Uncharacterized protein
tr|A0Q6D9|A0Q6D9_FRATN	Small ribosomal subunit protein bS21
tr|A0Q6E0|A0Q6E0_FRATN	Serine-type D-Ala-D-Ala carboxypeptidase
tr|A0Q6E1|A0Q6E1_FRATN	Uncharacterized protein
tr|A0Q6E2|A0Q6E2_FRATN	Thioesterase
tr|A0Q6E4|A0Q6E4_FRATN	Peptidyl-prolyl cis-trans isomerase
tr|A0Q6E5|A0Q6E5_FRATN	Octaprenyl diphosphate synthase
tr|A0Q6E6|A0Q6E6_FRATN	Uncharacterized protein
tr|A0Q6E7|A0Q6E7_FRATN	Hypothetical membrane protein
tr|A0Q6E8|A0Q6E8_FRATN	Uncharacterized protein
tr|A0Q6E9|A0Q6E9_FRATN	Adenylyl-sulfate kinase
tr|A0Q6F1|A0Q6F1_FRATN	Sulfate adenylyltransferase subunit 2
tr|A0Q6F2|A0Q6F2_FRATN	Uncharacterized protein
tr|A0Q6F3|A0Q6F3_FRATN	Sulfotransferase domain-containing protein
tr|A0Q6F4|A0Q6F4_FRATN	Serine/threonine protein kinase
tr|A0Q6F5|A0Q6F5_FRATN	ABC transporter, ATP-binding protein
tr|A0Q6F6|A0Q6F6_FRATN	Uncharacterized protein
tr|A0Q6F7|A0Q6F7_FRATN	Microcin J25-processing protein McjB C-terminal domain-containing protein
tr|A0Q6F8|A0Q6F8_FRATN	asparagine synthase (glutamine-hydrolyzing)
tr|A0Q6F9|A0Q6F9_FRATN	Uncharacterized protein
tr|A0Q6G0|A0Q6G0_FRATN	Uncharacterized protein
tr|A0Q6G1|A0Q6G1_FRATN	Uncharacterized protein
tr|A0Q6G2|A0Q6G2_FRATN	Uncharacterized protein
tr|A0Q6G3|A0Q6G3_FRATN	Uncharacterized protein
tr|A0Q6G4|A0Q6G4_FRATN	Uncharacterized protein
tr|A0Q6G5|A0Q6G5_FRATN	Uncharacterized protein
tr|A0Q6G6|A0Q6G6_FRATN	Ribosomal-protein-alanine acetyltransferase
tr|A0Q6G7|A0Q6G7_FRATN	Uncharacterized protein
tr|A0Q6G8|A0Q6G8_FRATN	Pseudouridine synthase
tr|A0Q6G9|A0Q6G9_FRATN	Type IV pili, pilus assembly protein
tr|A0Q6H1|A0Q6H1_FRATN	Replicative DNA helicase
tr|A0Q6H5|A0Q6H5_FRATN	Prepilin-type N-terminal cleavage/methylation domain-containing protein
tr|A0Q6H7|A0Q6H7_FRATN	Histidine acid phosphatase
tr|A0Q6H8|A0Q6H8_FRATN	Phosphoserine aminotransferase
tr|A0Q6H9|A0Q6H9_FRATN	Cytidylate kinase
tr|A0Q6I0|A0Q6I0_FRATN	Short chain dehydrogenase
tr|A0Q6I1|A0Q6I1_FRATN	Glutathione-dependent peroxiredoxin
tr|A0Q6I2|A0Q6I2_FRATN	Oxidative stress transcriptional regulator
tr|A0Q6I3|A0Q6I3_FRATN	Methylamine utilization protein MauE
tr|A0Q6I4|A0Q6I4_FRATN	Uncharacterized protein
tr|A0Q6I5|A0Q6I5_FRATN	2-oxoadipate dioxygenase/decarboxylase
tr|A0Q6I6|A0Q6I6_FRATN	aldehyde dehydrogenase (NAD(+))
tr|A0Q6I7|A0Q6I7_FRATN	Dehydrogenase
tr|A0Q6I8|A0Q6I8_FRATN	Metal-dependent exopeptidase
tr|A0Q6I9|A0Q6I9_FRATN	Uncharacterized protein
tr|A0Q6J0|A0Q6J0_FRATN	D-alanyl-D-alanine carboxypeptidase
tr|A0Q6J1|A0Q6J1_FRATN	DNA polymerase III subunit epsilon
tr|A0Q6J2|A0Q6J2_FRATN	Uncharacterized protein
tr|A0Q6J3|A0Q6J3_FRATN	Uncharacterized protein
tr|A0Q6J4|A0Q6J4_FRATN	Phosphonoacetate hydrolase YjdM
tr|A0Q6J5|A0Q6J5_FRATN	Uncharacterized protein
tr|A0Q6J6|A0Q6J6_FRATN	Thioredoxin peroxidase
tr|A0Q6J7|A0Q6J7_FRATN	Haloacid dehalogenase-like hydrolase
tr|A0Q6J8|A0Q6J8_FRATN	Uncharacterized protein
tr|A0Q6J9|A0Q6J9_FRATN	ThiF family protein
tr|A0Q6K0|A0Q6K0_FRATN	Uncharacterized protein
tr|A0Q6K2|A0Q6K2_FRATN	Major facilitator superfamily (MFS) transport protein
tr|A0Q6K4|A0Q6K4_FRATN	Ribonucleoside-diphosphate reductase
tr|A0Q6K5|A0Q6K5_FRATN	Glutaredoxin 1
tr|A0Q6K6|A0Q6K6_FRATN	ribonucleoside-diphosphate reductase
tr|A0Q6K7|A0Q6K7_FRATN	Probable ATP-binding protein YheS
tr|A0Q6K8|A0Q6K8_FRATN	DJ-1/PfpI family protein
tr|A0Q6L0|A0Q6L0_FRATN	tRNA-dihydrouridine synthase
tr|A0Q6L1|A0Q6L1_FRATN	Ribosomal protein L11 methyltransferase
tr|A0Q6L2|A0Q6L2_FRATN	Fe-dependent alcohol dehydrogenase
tr|A0Q6L3|A0Q6L3_FRATN	4Fe-4S ferredoxin, FAD dependent
tr|A0Q6L4|A0Q6L4_FRATN	L-lactate dehydrogenase
tr|A0Q6L5|A0Q6L5_FRATN	Tyrosine--tRNA ligase
tr|A0Q6L6|A0Q6L6_FRATN	Lipoate-protein ligase A
tr|A0Q6L7|A0Q6L7_FRATN	Hypothetical membrane protein
tr|A0Q6L8|A0Q6L8_FRATN	ATP-dependent protease HslVU, peptidase subunit
tr|A0Q6M0|A0Q6M0_FRATN	Proton-dependent oligopeptide transporter (POT) family protein, di-or tripeptide:H+ symporter
tr|A0Q6M1|A0Q6M1_FRATN	Potassium channel protein
tr|A0Q6M2|A0Q6M2_FRATN	Soluble pyridine nucleotide transhydrogenase
tr|A0Q6M3|A0Q6M3_FRATN	Prepilin leader peptidase/N-methyltransferase
tr|A0Q6M4|A0Q6M4_FRATN	Thiol:disulfide interchange protein
tr|A0Q6M5|A0Q6M5_FRATN	Beta-lactamase
tr|A0Q6M7|A0Q6M7_FRATN	Ribosome-binding ATPase YchF
tr|A0Q6M8|A0Q6M8_FRATN	Uncharacterized protein
tr|A0Q6M9|A0Q6M9_FRATN	Transporter-associated protein, HlyC/CorC family
tr|A0Q6N1|A0Q6N1_FRATN	Ribose-phosphate pyrophosphokinase
tr|A0Q6N2|A0Q6N2_FRATN	Succinylglutamate desuccinylase/Aspartoacylase catalytic domain-containing protein
tr|A0Q6N3|A0Q6N3_FRATN	Major facilitator superfamily (MFS) transport protein
tr|A0Q6N4|A0Q6N4_FRATN	Lysosomal dipeptide transporter MFSD1
tr|A0Q6N5|A0Q6N5_FRATN	Small-conductance mechanosensitive channel
tr|A0Q6N6|A0Q6N6_FRATN	Monovalent cation:proton antiporter family protein
tr|A0Q6N7|A0Q6N7_FRATN	Nicotinamide riboside transporter PnuC
tr|A0Q6N8|A0Q6N8_FRATN	Isochorismatase family protein
tr|A0Q6N9|A0Q6N9_FRATN	Uncharacterized protein
tr|A0Q6P0|A0Q6P0_FRATN	Aldolase/adducin class II family protein
tr|A0Q6P1|A0Q6P1_FRATN	Pyridoxal-dependent decarboxylase
tr|A0Q6P2|A0Q6P2_FRATN	Uncharacterized protein
tr|A0Q6P3|A0Q6P3_FRATN	Metal-independent carbonic anhydrase domain-containing protein
tr|A0Q6P4|A0Q6P4_FRATN	Uncharacterized protein
tr|A0Q6P5|A0Q6P5_FRATN	Hypothetical membrane protein
tr|A0Q6P6|A0Q6P6_FRATN	RmuC family protein
tr|A0Q6P8|A0Q6P8_FRATN	Lysosomal dipeptide transporter MFSD1
tr|A0Q6Q1|A0Q6Q1_FRATN	Glyoxalase
tr|A0Q6Q3|A0Q6Q3_FRATN	Ferritin
tr|A0Q6Q4|A0Q6Q4_FRATN	Proton-dependent oligopeptide transporter (POT) family protein, di-or tripeptide:H+ symporter
tr|A0Q6Q5|A0Q6Q5_FRATN	Glutaredoxin 2
tr|A0Q6Q6|A0Q6Q6_FRATN	Iron-sulfur cluster-binding protein
tr|A0Q6Q7|A0Q6Q7_FRATN	Endonuclease III
tr|A0Q6Q8|A0Q6Q8_FRATN	Uncharacterized protein
tr|A0Q6Q9|A0Q6Q9_FRATN	Hypothetical membrane protein
tr|A0Q6R0|A0Q6R0_FRATN	Conserved hypothetical membrane protein
tr|A0Q6R1|A0Q6R1_FRATN	Transcription-repair-coupling factor
tr|A0Q6R2|A0Q6R2_FRATN	Ketol-acid reductoisomerase
tr|A0Q6R3|A0Q6R3_FRATN	Acetolactate synthase small subunit
tr|A0Q6R4|A0Q6R4_FRATN	Acetolactate synthase
tr|A0Q6R6|A0Q6R6_FRATN	Threonine synthase
tr|A0Q6R8|A0Q6R8_FRATN	protein-tyrosine-phosphatase
tr|A0Q6R9|A0Q6R9_FRATN	Protein HflC
tr|A0Q6S0|A0Q6S0_FRATN	Protein HflK
tr|A0Q6S1|A0Q6S1_FRATN	Oxidoreductase
tr|A0Q6S2|A0Q6S2_FRATN	GTPase HflX
tr|A0Q6S5|A0Q6S5_FRATN	Uncharacterized protein
tr|A0Q6S6|A0Q6S6_FRATN	DNA-binding protein HU-beta
tr|A0Q6S7|A0Q6S7_FRATN	Lon protease
tr|A0Q6S8|A0Q6S8_FRATN	ATP-dependent Clp protease ATP-binding subunit ClpX
tr|A0Q6T1|A0Q6T1_FRATN	Uncharacterized protein
tr|A0Q6T2|A0Q6T2_FRATN	Thymidine kinase
tr|A0Q6T3|A0Q6T3_FRATN	Acid phosphatase, HAD superfamily protein
tr|A0Q6T4|A0Q6T4_FRATN	O-methyltransferase family protein
tr|A0Q6T6|A0Q6T6_FRATN	PhoH-like protein
tr|A0Q6T8|A0Q6T8_FRATN	Magnesium and cobalt efflux protein CorC
tr|A0Q6T9|A0Q6T9_FRATN	Apolipoprotein N-acyltransferase
tr|A0Q6U0|A0Q6U0_FRATN	Uncharacterized protein
tr|A0Q6U1|A0Q6U1_FRATN	Uncharacterized protein
tr|A0Q6U2|A0Q6U2_FRATN	Uncharacterized protein
tr|A0Q6U3|A0Q6U3_FRATN	Uncharacterized protein
tr|A0Q6U4|A0Q6U4_FRATN	Beta-lactamase
tr|A0Q6U5|A0Q6U5_FRATN	Endonuclease
tr|A0Q6U6|A0Q6U6_FRATN	X-prolyl aminopeptidase 2
tr|A0Q6U7|A0Q6U7_FRATN	Peptidoglycan editing factor PgeF
tr|A0Q6U9|A0Q6U9_FRATN	Uncharacterized protein
tr|A0Q6V0|A0Q6V0_FRATN	Sugar porter (SP) family
tr|A0Q6V1|A0Q6V1_FRATN	Phosphosugar binding protein
tr|A0Q6V2|A0Q6V2_FRATN	Dicarboxylate/amino acid:cation (Na+ or H+) symporter
tr|A0Q6V3|A0Q6V3_FRATN	Protein nucleotidyltransferase YdiU
tr|A0Q6V4|A0Q6V4_FRATN	Uncharacterized protein
tr|A0Q6V5|A0Q6V5_FRATN	Rubredoxin
tr|A0Q6V6|A0Q6V6_FRATN	Uncharacterized protein
tr|A0Q6V7|A0Q6V7_FRATN	Hypothetical membrane protein
tr|A0Q6V8|A0Q6V8_FRATN	Carbonic anhydrase
tr|A0Q6V9|A0Q6V9_FRATN	asparaginase
tr|A0Q6W1|A0Q6W1_FRATN	Uncharacterized protein
tr|A0Q6W2|A0Q6W2_FRATN	3-phosphoshikimate 1-carboxyvinyltransferase
tr|A0Q6W3|A0Q6W3_FRATN	RNA polymerase sigma factor RpoH
tr|A0Q6W4|A0Q6W4_FRATN	Uncharacterized protein
tr|A0Q6W5|A0Q6W5_FRATN	Protein-export membrane protein SecF
tr|A0Q6W6|A0Q6W6_FRATN	Protein translocase subunit SecD
tr|A0Q6W7|A0Q6W7_FRATN	Sec translocon accessory complex subunit YajC
tr|A0Q6W8|A0Q6W8_FRATN	Isochorismatase family protein
tr|A0Q6W9|A0Q6W9_FRATN	Conserved hypothetical membrane protein
tr|A0Q6X0|A0Q6X0_FRATN	Transcriptional regulator, LysR family
tr|A0Q6X2|A0Q6X2_FRATN	Uncharacterized protein
tr|A0Q6X3|A0Q6X3_FRATN	Uncharacterized protein
tr|A0Q6X5|A0Q6X5_FRATN	Uncharacterized protein
tr|A0Q6X7|A0Q6X7_FRATN	Cell division ATP-binding protein FtsE
tr|A0Q6X8|A0Q6X8_FRATN	Methionine uptake transporter (MUT) family protein, membrane and periplasmic protein
tr|A0Q6X9|A0Q6X9_FRATN	Hydroxy/aromatic amino acid permease (HAAAP) family protein
tr|A0Q6Y0|A0Q6Y0_FRATN	Rhodanese-like family protein
tr|A0Q6Y2|A0Q6Y2_FRATN	Mur ligase family protein
tr|A0Q6Y3|A0Q6Y3_FRATN	Cyanophycin synthetase
tr|A0Q6Y4|A0Q6Y4_FRATN	Uncharacterized protein
tr|A0Q6Y5|A0Q6Y5_FRATN	Glycerophosphoryl diester phosphodiesterase
tr|A0Q6Y6|A0Q6Y6_FRATN	Type IV pili ATPase
tr|A0Q6Y7|A0Q6Y7_FRATN	Type IV pili polytopic inner membrane protein
tr|A0Q6Y8|A0Q6Y8_FRATN	ATP binding protein
tr|A0Q6Y9|A0Q6Y9_FRATN	Lipoprotein
tr|A0Q6Z0|A0Q6Z0_FRATN	Uncharacterized protein
tr|A0Q6Z2|A0Q6Z2_FRATN	Deoxyribodipyrimidine photo-lyase
tr|A0Q6Z3|A0Q6Z3_FRATN	Uncharacterized protein
tr|A0Q6Z4|A0Q6Z4_FRATN	Uncharacterized protein
tr|A0Q6Z5|A0Q6Z5_FRATN	Uncharacterized protein
tr|A0Q6Z6|A0Q6Z6_FRATN	Short chain dehydrogenase
tr|A0Q6Z7|A0Q6Z7_FRATN	Membrane ion antiporter regulator
tr|A0Q6Z8|A0Q6Z8_FRATN	Aldose 1-epimerase
tr|A0Q6Z9|A0Q6Z9_FRATN	Coenzyme A biosynthesis bifunctional protein CoaBC
tr|A0Q700|A0Q700_FRATN	Major facilitator superfamily (MFS) transport protein
tr|A0Q701|A0Q701_FRATN	Amino acid-polyamine-organocation (APC) superfamily
tr|A0Q702|A0Q702_FRATN	Bifunctional protein PutA
tr|A0Q703|A0Q703_FRATN	FAD assembly factor SdhE
tr|A0Q704|A0Q704_FRATN	Uncharacterized protein
tr|A0Q705|A0Q705_FRATN	Uncharacterized protein
tr|A0Q708|A0Q708_FRATN	Type IV pili secretin component
tr|A0Q709|A0Q709_FRATN	Type IV pili periplasmic component
tr|A0Q710|A0Q710_FRATN	Type IV pili glycosylation protein
tr|A0Q711|A0Q711_FRATN	Type IV pili associated protein
tr|A0Q712|A0Q712_FRATN	Type IV pili, pilus assembly protein
tr|A0Q714|A0Q714_FRATN	4Fe-4S ferredoxin, FAD dependent
tr|A0Q715|A0Q715_FRATN	Hypothetical membrane protein
tr|A0Q716|A0Q716_FRATN	GTPase Era
tr|A0Q717|A0Q717_FRATN	Aminotransferase
tr|A0Q718|A0Q718_FRATN	Glutamine amidotransferases class-II family protein
tr|A0Q719|A0Q719_FRATN	tRNA threonylcarbamoyladenosine biosynthesis protein TsaB
tr|A0Q720|A0Q720_FRATN	N-acetylglucosamine-6-phosphate deacetylase
tr|A0Q721|A0Q721_FRATN	Ribosome biogenesis GTPase A
tr|A0Q722|A0Q722_FRATN	Uncharacterized protein
tr|A0Q723|A0Q723_FRATN	site-specific DNA-methyltransferase (adenine-specific)
tr|A0Q724|A0Q724_FRATN	Uncharacterized protein
tr|A0Q725|A0Q725_FRATN	Type I restriction-modification system, subunit S
tr|A0Q726|A0Q726_FRATN	Type I restriction-modification system, subunit R (Restriction)
tr|A0Q727|A0Q727_FRATN	Uncharacterized protein
tr|A0Q728|A0Q728_FRATN	Large ribosomal subunit assembly factor BipA
tr|A0Q729|A0Q729_FRATN	Methyltransferase
tr|A0Q730|A0Q730_FRATN	Glutathione hydrolase proenzyme
tr|A0Q731|A0Q731_FRATN	VacJ like lipoprotein
tr|A0Q732|A0Q732_FRATN	Uncharacterized protein
tr|A0Q733|A0Q733_FRATN	UPF0125 protein FTN_1162
tr|A0Q734|A0Q734_FRATN	Oligoketide cyclase/lipid transport protein
tr|A0Q737|A0Q737_FRATN	Metabolite:H+ symporter (MHS) family protein
tr|A0Q738|A0Q738_FRATN	Uncharacterized protein
tr|A0Q739|A0Q739_FRATN	Exodeoxyribonuclease 7 large subunit
tr|A0Q740|A0Q740_FRATN	Peptidase, M20 family
tr|A0Q741|A0Q741_FRATN	Uncharacterized protein
tr|A0Q742|A0Q742_FRATN	DUF403 domain-containing protein
tr|A0Q743|A0Q743_FRATN	Uncharacterized protein
tr|A0Q744|A0Q744_FRATN	Metabolite:H+ symporter (MHS) family protein
tr|A0Q745|A0Q745_FRATN	Glutamate racemase
tr|A0Q746|A0Q746_FRATN	Uncharacterized protein
tr|A0Q747|A0Q747_FRATN	UvrABC system protein B
tr|A0Q748|A0Q748_FRATN	Exodeoxyribonuclease I
tr|A0Q749|A0Q749_FRATN	Short-chain dehydrogenase
tr|A0Q750|A0Q750_FRATN	Transcriptional regulator, LysR family
tr|A0Q751|A0Q751_FRATN	Hypothetical membrane protein
tr|A0Q752|A0Q752_FRATN	Hypothetical membrane protein
tr|A0Q754|A0Q754_FRATN	Uncharacterized protein
tr|A0Q755|A0Q755_FRATN	Hypothetical membrane protein
tr|A0Q757|A0Q757_FRATN	M13 family metallopeptidase
tr|A0Q758|A0Q758_FRATN	TVP38/TMEM64 family membrane protein
tr|A0Q761|A0Q761_FRATN	Translation initiation factor IF-3
tr|A0Q763|A0Q763_FRATN	Chitin-binding protein
tr|A0Q764|A0Q764_FRATN	Uncharacterized protein
tr|A0Q765|A0Q765_FRATN	Glycine cleavage system H protein
tr|A0Q769|A0Q769_FRATN	guanosine-3',5'-bis(diphosphate) 3'-diphosphatase
tr|A0Q770|A0Q770_FRATN	Uncharacterized protein
tr|A0Q771|A0Q771_FRATN	Capsule biosynthesis protein CapC
tr|A0Q772|A0Q772_FRATN	Capsule biosynthesis protein CapB
tr|A0Q773|A0Q773_FRATN	Metabolite:H+ symporter (MHS) family protein
tr|A0Q774|A0Q774_FRATN	Asparaginase
tr|A0Q775|A0Q775_FRATN	Cyanophycinase
tr|A0Q776|A0Q776_FRATN	Ribokinase, pfkB family
tr|A0Q777|A0Q777_FRATN	Haloacid dehalogenase-like hydrolase
tr|A0Q778|A0Q778_FRATN	Glycosyl transferase, group 1
tr|A0Q779|A0Q779_FRATN	Glycosyl transferase, family 2
tr|A0Q780|A0Q780_FRATN	Glycosyl transferase, family 2
tr|A0Q781|A0Q781_FRATN	Capsule polysaccharide export protein KpsC
tr|A0Q782|A0Q782_FRATN	Uncharacterized protein
tr|A0Q783|A0Q783_FRATN	ATP-binding cassette (ABC) superfamily protein
tr|A0Q784|A0Q784_FRATN	Glycosyl transferase, group 1
tr|A0Q785|A0Q785_FRATN	UDP-glucose 4-epimerase
tr|A0Q786|A0Q786_FRATN	Sugar transferase involved in lipopolysaccharide synthesis
tr|A0Q787|A0Q787_FRATN	Ribulose-phosphate 3-epimerase
tr|A0Q788|A0Q788_FRATN	Arabinose 5-phosphate isomerase
tr|A0Q789|A0Q789_FRATN	Conserved hypothetical membrane protein
tr|A0Q790|A0Q790_FRATN	HvfC N-terminal domain-containing protein
tr|A0Q791|A0Q791_FRATN	Uncharacterized protein
tr|A0Q792|A0Q792_FRATN	Uncharacterized protein
tr|A0Q793|A0Q793_FRATN	Metallo-beta-lactamase superfamily protein
tr|A0Q794|A0Q794_FRATN	Enoyl-[acyl-carrier-protein] reductase [NADH]
tr|A0Q795|A0Q795_FRATN	Cytokinin riboside 5'-monophosphate phosphoribohydrolase
tr|A0Q796|A0Q796_FRATN	Uncharacterized protein
tr|A0Q797|A0Q797_FRATN	lactoylglutathione lyase
tr|A0Q798|A0Q798_FRATN	Conserved hypothetical membrane protein
tr|A0Q799|A0Q799_FRATN	Haloacid dehalogenase-like hydrolase
tr|A0Q7A1|A0Q7A1_FRATN	Uncharacterized protein
tr|A0Q7A2|A0Q7A2_FRATN	2-octaprenyl-3-methyl-6-methoxy-1,4-benzoquinol hydroxylase
tr|A0Q7A3|A0Q7A3_FRATN	2-octaprenyl-6-methoxyphenyl hydroxylase
tr|A0Q7A4|A0Q7A4_FRATN	YecA family protein
tr|A0Q7A5|A0Q7A5_FRATN	5-formyltetrahydrofolate cyclo-ligase
tr|A0Q7A6|A0Q7A6_FRATN	BolA family protein
tr|A0Q7A7|A0Q7A7_FRATN	DedA family protein
tr|A0Q7A8|A0Q7A8_FRATN	DedA family protein
tr|A0Q7B0|A0Q7B0_FRATN	Uncharacterized protein
tr|A0Q7B1|A0Q7B1_FRATN	cysteine desulfurase
tr|A0Q7B2|A0Q7B2_FRATN	Ribonuclease E
tr|A0Q7B5|A0Q7B5_FRATN	D-3-phosphoglycerate dehydrogenase
tr|A0Q7B7|A0Q7B7_FRATN	Proton-dependent oligopeptide transporter (POT) family protein, di-or tripeptide:H+ symporter
tr|A0Q7B8|A0Q7B8_FRATN	Choloylglycine hydrolase family protein
tr|A0Q7B9|A0Q7B9_FRATN	Glycosyl transferase, group 1
tr|A0Q7C0|A0Q7C0_FRATN	Uncharacterized protein
tr|A0Q7C1|A0Q7C1_FRATN	Glycosyl transferase, family 8
tr|A0Q7C2|A0Q7C2_FRATN	O-antigen ligase-related domain-containing protein
tr|A0Q7C3|A0Q7C3_FRATN	Uncharacterized protein
tr|A0Q7C4|A0Q7C4_FRATN	Dual-action ribosomal maturation protein DarP
tr|A0Q7C6|A0Q7C6_FRATN	Hypothetical membrane protein
tr|A0Q7C7|A0Q7C7_FRATN	Uncharacterized protein
tr|A0Q7C8|A0Q7C8_FRATN	FAD binding family protein
tr|A0Q7C9|A0Q7C9_FRATN	Outer membrane protein assembly factor BamD
tr|A0Q7D0|A0Q7D0_FRATN	Pseudouridine synthase
tr|A0Q7D1|A0Q7D1_FRATN	Peptidoglycan hydrolase
tr|A0Q7D2|A0Q7D2_FRATN	ABC-type transport system permease protein
tr|A0Q7D3|A0Q7D3_FRATN	ATP-binding Cassette (ABC) superfamily protein
tr|A0Q7D4|A0Q7D4_FRATN	Uncharacterized protein
tr|A0Q7D5|A0Q7D5_FRATN	Uncharacterized protein
tr|A0Q7D6|A0Q7D6_FRATN	Uncharacterized protein
tr|A0Q7D7|A0Q7D7_FRATN	Ribosomal RNA small subunit methyltransferase E
tr|A0Q7D8|A0Q7D8_FRATN	Proton-dependent oligopeptide transporter (POT) family protein, di-or tripeptide:H+ symporter
tr|A0Q7D9|A0Q7D9_FRATN	Long-chain-fatty-acid--CoA ligase
tr|A0Q7E0|A0Q7E0_FRATN	Transcriptional regulator, AraC family
tr|A0Q7E1|A0Q7E1_FRATN	Drug:H+ antiporter-1 (DHA2) family protein
tr|A0Q7E2|A0Q7E2_FRATN	Membrane fusion protein
tr|A0Q7E3|A0Q7E3_FRATN	Outer membrane efflux protein
tr|A0Q7E4|A0Q7E4_FRATN	NH(3)-dependent NAD(+) synthetase
tr|A0Q7E5|A0Q7E5_FRATN	Uncharacterized protein
tr|A0Q7E6|A0Q7E6_FRATN	Tryptophan repressor binding protein-like flavidoxin
tr|A0Q7E7|A0Q7E7_FRATN	Pirin family protein
tr|A0Q7E8|A0Q7E8_FRATN	Transcriptional regulator, LysR family
tr|A0Q7E9|A0Q7E9_FRATN	Chaperone protein DnaJ
tr|A0Q7F2|A0Q7F2_FRATN	Membrane-bound lytic murein transglycosylase A
tr|A0Q7F3|A0Q7F3_FRATN	Protoporphyrinogen oxidase
tr|A0Q7F5|A0Q7F5_FRATN	Small ribosomal subunit protein uS9
tr|A0Q7F6|A0Q7F6_FRATN	Macrophage growth locus, protein A
tr|A0Q7F7|A0Q7F7_FRATN	Macrophage growth locus, subunit B
tr|A0Q7F8|A0Q7F8_FRATN	Solute:sodium symporter
tr|A0Q7G0|A0Q7G0_FRATN	tRNA (cytidine/uridine-2'-O-)-methyltransferase TrmJ
tr|A0Q7G1|A0Q7G1_FRATN	PEP-dependent sugar phosphotransferase system (PTS), enzyme IIA
tr|A0Q7G2|A0Q7G2_FRATN	Ribosome hibernation promoting factor
tr|A0Q7G3|A0Q7G3_FRATN	Uncharacterized protein
tr|A0Q7G5|A0Q7G5_FRATN	Uncharacterized protein
tr|A0Q7G6|A0Q7G6_FRATN	Transcriptional regulator, LysR family
tr|A0Q7G7|A0Q7G7_FRATN	Choloylglycine hydrolase family protein
tr|A0Q7G8|A0Q7G8_FRATN	cysteine synthase
tr|A0Q7G9|A0Q7G9_FRATN	Disulfide bond formation protein DsbB family
tr|A0Q7H0|A0Q7H0_FRATN	Uncharacterized protein
tr|A0Q7H1|A0Q7H1_FRATN	Uncharacterized protein
tr|A0Q7H2|A0Q7H2_FRATN	Type VI lipoprotein IgE-like C-terminal domain-containing protein
tr|A0Q7H3|A0Q7H3_FRATN	Uncharacterized protein
tr|A0Q7H4|A0Q7H4_FRATN	Uncharacterized protein
tr|A0Q7H5|A0Q7H5_FRATN	Uncharacterized protein
tr|A0Q7H6|A0Q7H6_FRATN	Uncharacterized protein
tr|A0Q7H7|A0Q7H7_FRATN	Type IV / VI secretion system DotU domain-containing protein
tr|A0Q7H8|A0Q7H8_FRATN	Uncharacterized protein
tr|A0Q7H9|A0Q7H9_FRATN	Uncharacterized protein
tr|A0Q7I0|A0Q7I0_FRATN	Uncharacterized protein
tr|A0Q7I1|A0Q7I1_FRATN	Uncharacterized protein
tr|A0Q7I2|A0Q7I2_FRATN	Intracellular growth locus protein D
tr|A0Q7I3|A0Q7I3_FRATN	Intracellular growth locus protein C
tr|A0Q7I4|A0Q7I4_FRATN	Intracellular growth locus protein B
tr|A0Q7I5|A0Q7I5_FRATN	Intracellular growth locus protein A
tr|A0Q7I6|A0Q7I6_FRATN	Uncharacterized protein
tr|A0Q7I8|A0Q7I8_FRATN	Trehalase
tr|A0Q7I9|A0Q7I9_FRATN	Fructose-1,6-bisphosphate aldolase
tr|A0Q7J0|A0Q7J0_FRATN	Pyruvate kinase
tr|A0Q7J2|A0Q7J2_FRATN	Glyceraldehyde-3-phosphate dehydrogenase
tr|A0Q7J3|A0Q7J3_FRATN	Transketolase
tr|A0Q7J4|A0Q7J4_FRATN	Large ribosomal RNA subunit accumulation protein YceD
tr|A0Q7J7|A0Q7J7_FRATN	Beta-ketoacyl-[acyl-carrier-protein] synthase III
tr|A0Q7J8|A0Q7J8_FRATN	Malonyl CoA-acyl carrier protein transacylase
tr|A0Q7J9|A0Q7J9_FRATN	3-oxoacyl-[acyl-carrier-protein] reductase
tr|A0Q7K0|A0Q7K0_FRATN	Acyl carrier protein
tr|A0Q7K1|A0Q7K1_FRATN	3-oxoacyl-[acyl-carrier-protein] synthase 2
tr|A0Q7K2|A0Q7K2_FRATN	Uncharacterized protein
tr|A0Q7K3|A0Q7K3_FRATN	MnmC-like methyltransferase domain-containing protein
tr|A0Q7K4|A0Q7K4_FRATN	Major facilitator superfamily (MFS) transport protein
tr|A0Q7K5|A0Q7K5_FRATN	Conserved hypothetical membrane protein
tr|A0Q7K6|A0Q7K6_FRATN	Inositol-1-monophosphatase
tr|A0Q7K7|A0Q7K7_FRATN	16S rRNA (cytosine(967)-C(5))-methyltransferase
tr|A0Q7K8|A0Q7K8_FRATN	Acetyltransferase
tr|A0Q7K9|A0Q7K9_FRATN	Uncharacterized protein
tr|A0Q7L1|A0Q7L1_FRATN	Uncharacterized protein
tr|A0Q7L5|A0Q7L5_FRATN	Type III pantothenate kinase
tr|A0Q7L6|A0Q7L6_FRATN	RecBCD enzyme subunit RecD
tr|A0Q7L7|A0Q7L7_FRATN	RecBCD enzyme subunit RecB
tr|A0Q7L8|A0Q7L8_FRATN	Hypothetical membrane protein
tr|A0Q7L9|A0Q7L9_FRATN	RecBCD enzyme subunit RecC
tr|A0Q7M0|A0Q7M0_FRATN	Glutamate synthase domain 2
tr|A0Q7M1|A0Q7M1_FRATN	Drug/metabolite exporter
tr|A0Q7M2|A0Q7M2_FRATN	Uncharacterized protein
tr|A0Q7M3|A0Q7M3_FRATN	Prophage repressor protein
tr|A0Q7M4|A0Q7M4_FRATN	Uncharacterized protein aq-1923 domain-containing protein
tr|A0Q7M5|A0Q7M5_FRATN	Fe2+ transport system protein A
tr|A0Q7M6|A0Q7M6_FRATN	Uncharacterized protein
tr|A0Q7M8|A0Q7M8_FRATN	Uncharacterized protein
tr|A0Q7M9|A0Q7M9_FRATN	Uncharacterized protein
tr|A0Q7N0|A0Q7N0_FRATN	Uroporphyrinogen-III synthase
tr|A0Q7N1|A0Q7N1_FRATN	Sulfur acceptor protein SufE
tr|A0Q7N2|A0Q7N2_FRATN	Disulfide bond formation protein, DsbB family
tr|A0Q7N4|A0Q7N4_FRATN	Uncharacterized protein
tr|A0Q7N5|A0Q7N5_FRATN	Aspartate/tyrosine/aromatic aminotransferase
tr|A0Q7N6|A0Q7N6_FRATN	Uncharacterized protein
tr|A0Q7N7|A0Q7N7_FRATN	Uncharacterized protein
tr|A0Q7N8|A0Q7N8_FRATN	Omega-amidase YafV
tr|A0Q7N9|A0Q7N9_FRATN	Transcription antitermination protein NusB
tr|A0Q7P0|A0Q7P0_FRATN	Uncharacterized protein
tr|A0Q7P1|A0Q7P1_FRATN	Uncharacterized protein
tr|A0Q7P2|A0Q7P2_FRATN	Uncharacterized protein
tr|A0Q7P3|A0Q7P3_FRATN	Oxidoreductase
tr|A0Q7P4|A0Q7P4_FRATN	Probable membrane transporter protein
tr|A0Q7P5|A0Q7P5_FRATN	Zn-dependent hydrolase
tr|A0Q7P6|A0Q7P6_FRATN	Uncharacterized NAD(FAD)-dependent dehydrogenase
tr|A0Q7P7|A0Q7P7_FRATN	Rhodanese-related sulfurtransferase
tr|A0Q7P8|A0Q7P8_FRATN	Transcriptional regulator, ArsR family
tr|A0Q7P9|A0Q7P9_FRATN	CRISPR-associated endoribonuclease Cas2
tr|A0Q7Q0|A0Q7Q0_FRATN	CRISPR-associated endonuclease Cas1
tr|A0Q7Q1|A0Q7Q1_FRATN	RecB family exonuclease
tr|A0Q7Q3|A0Q7Q3_FRATN	Acetyltransferase
tr|A0Q7Q4|A0Q7Q4_FRATN	Uncharacterized protein
tr|A0Q7Q6|A0Q7Q6_FRATN	Homoserine/threonine efflux family protein
tr|A0Q7Q8|A0Q7Q8_FRATN	Glycosyl transferase
tr|A0Q7Q9|A0Q7Q9_FRATN	Transport permease protein
tr|A0Q7R0|A0Q7R0_FRATN	ATP-binding cassette (ABC) superfamily protein
tr|A0Q7R1|A0Q7R1_FRATN	Probable membrane transporter protein
tr|A0Q7R2|A0Q7R2_FRATN	Uncharacterized protein
tr|A0Q7R3|A0Q7R3_FRATN	Mg-dependent DNase
tr|A0Q7R4|A0Q7R4_FRATN	Major facilitator superfamily (MFS) transport protein
tr|A0Q7R5|A0Q7R5_FRATN	Bacterioferritin
tr|A0Q7R7|A0Q7R7_FRATN	Replication-associated recombination protein A
tr|A0Q7R8|A0Q7R8_FRATN	Exopolyphosphatase
tr|A0Q7R9|A0Q7R9_FRATN	Thioredoxin
tr|A0Q7S0|A0Q7S0_FRATN	Transcription termination factor Rho
tr|A0Q7S1|A0Q7S1_FRATN	Phosphomannomutase
tr|A0Q7S2|A0Q7S2_FRATN	mannose-1-phosphate guanylyltransferase
tr|A0Q7S3|A0Q7S3_FRATN	O antigen flippase
tr|A0Q7S4|A0Q7S4_FRATN	asparagine synthase (glutamine-hydrolyzing)
tr|A0Q7S5|A0Q7S5_FRATN	Glycosyl transferase, group 1
tr|A0Q7S6|A0Q7S6_FRATN	Glycosyl transferase, group 1
tr|A0Q7S7|A0Q7S7_FRATN	Hypothetical membrane protein
tr|A0Q7S8|A0Q7S8_FRATN	NAD dependent epimerase
tr|A0Q7S9|A0Q7S9_FRATN	UDP-glucose/GDP-mannose dehydrogenase family protein
tr|A0Q7T0|A0Q7T0_FRATN	Glycosyl transferase, group 1
tr|A0Q7T1|A0Q7T1_FRATN	Transferase
tr|A0Q7T2|A0Q7T2_FRATN	Galactosyl transferase
tr|A0Q7T3|A0Q7T3_FRATN	GDP-perosamine synthase
tr|A0Q7T4|A0Q7T4_FRATN	dTDP-glucose 4,6-dehydratase
tr|A0Q7T5|A0Q7T5_FRATN	HrpA-like helicase
tr|A0Q7T6|A0Q7T6_FRATN	Uncharacterized protein
tr|A0Q7T7|A0Q7T7_FRATN	Isocitrate dehydrogenase [NADP]
tr|A0Q7T8|A0Q7T8_FRATN	Arsenate reductase
tr|A0Q7T9|A0Q7T9_FRATN	Long-chain-fatty-acid--CoA ligase
tr|A0Q7U0|A0Q7U0_FRATN	Acyl-coenzyme A dehydrogenase
tr|A0Q7U1|A0Q7U1_FRATN	Bifunctional protein: 3-hydroxacyl-CoA dehydrogenase/acyl-CoA-binding protein
tr|A0Q7U2|A0Q7U2_FRATN	Acetyl-CoA C-acetyltransferase
tr|A0Q7U3|A0Q7U3_FRATN	Uncharacterized protein
tr|A0Q7U4|A0Q7U4_FRATN	Sugar porter (SP) family protein
tr|A0Q7U5|A0Q7U5_FRATN	Uncharacterized protein
tr|A0Q7U6|A0Q7U6_FRATN	Nicotinamide phosphoribosyltransferase
tr|A0Q7U7|A0Q7U7_FRATN	Ornithine cyclodeaminase
tr|A0Q7U8|A0Q7U8_FRATN	Uncharacterized protein
tr|A0Q7U9|A0Q7U9_FRATN	Uncharacterized protein
tr|A0Q7V0|A0Q7V0_FRATN	Uncharacterized protein
tr|A0Q7V1|A0Q7V1_FRATN	DUF6844 domain-containing protein
tr|A0Q7V2|A0Q7V2_FRATN	Penicillin-binding protein activator LpoB
tr|A0Q7V3|A0Q7V3_FRATN	Hypothetical membrane protein
tr|A0Q7V4|A0Q7V4_FRATN	Uncharacterized protein
tr|A0Q7V7|A0Q7V7_FRATN	NAD/FAD-binding protein
tr|A0Q7V8|A0Q7V8_FRATN	Uncharacterized protein
tr|A0Q7V9|A0Q7V9_FRATN	Cyclopropane fatty acid synthase, methyltransferase
tr|A0Q7W0|A0Q7W0_FRATN	Uncharacterized protein
tr|A0Q7W1|A0Q7W1_FRATN	DUF3833 domain-containing protein
tr|A0Q7W2|A0Q7W2_FRATN	Short chain dehydrogenase
tr|A0Q7W3|A0Q7W3_FRATN	Delta 9 acyl-lipid fatty acid desaturase
tr|A0Q7W4|A0Q7W4_FRATN	Ribonuclease R
tr|A0Q7W7|A0Q7W7_FRATN	Signal peptidase I
tr|A0Q7W8|A0Q7W8_FRATN	Two-component response regulator
tr|A0Q7W9|A0Q7W9_FRATN	Uncharacterized protein
tr|A0Q7X0|A0Q7X0_FRATN	Pyrroline-5-carboxylate reductase
tr|A0Q7X1|A0Q7X1_FRATN	dITP/XTP pyrophosphatase
tr|A0Q7X2|A0Q7X2_FRATN	3-deoxy-D-manno-octulosonic acid transferase
tr|A0Q7X3|A0Q7X3_FRATN	Geranyl diphosphate synthase/farnesyl diphosphate synthase
tr|A0Q7X4|A0Q7X4_FRATN	Phosphatidylcholine synthase
tr|A0Q7X5|A0Q7X5_FRATN	ADP/GDP-polyphosphate phosphotransferase
tr|A0Q7X6|A0Q7X6_FRATN	beta-N-acetylhexosaminidase
tr|A0Q7X7|A0Q7X7_FRATN	Uncharacterized protein
tr|A0Q7X8|A0Q7X8_FRATN	Cell division protein ZipA
tr|A0Q7Y0|A0Q7Y0_FRATN	UDP-N-acetylglucosamine acyltransferase
tr|A0Q7Y2|A0Q7Y2_FRATN	UDP-3-O-acylglucosamine N-acyltransferase
tr|A0Q7Y3|A0Q7Y3_FRATN	Outer membrane protein OmpH
tr|A0Q7Y4|A0Q7Y4_FRATN	Outer membrane protein assembly factor BamA
tr|A0Q7Y6|A0Q7Y6_FRATN	DNA gyrase subunit A
tr|A0Q7Y7|A0Q7Y7_FRATN	Chitin-binding protein
tr|A0Q7Y9|A0Q7Y9_FRATN	Restriction endonuclease
tr|A0Q7Z0|A0Q7Z0_FRATN	Prophage maintenance system killer protein (DOC)
tr|A0Q7Z1|A0Q7Z1_FRATN	Uncharacterized protein
tr|A0Q7Z2|A0Q7Z2_FRATN	Uncharacterized protein
tr|A0Q7Z3|A0Q7Z3_FRATN	site-specific DNA-methyltransferase (adenine-specific)
tr|A0Q7Z4|A0Q7Z4_FRATN	Dihydrolipoyl dehydrogenase
tr|A0Q7Z5|A0Q7Z5_FRATN	Acetyltransferase component of pyruvate dehydrogenase complex
tr|A0Q7Z6|A0Q7Z6_FRATN	Pyruvate dehydrogenase E1 component
tr|A0Q7Z7|A0Q7Z7_FRATN	SAM-dependent methyltransferase
tr|A0Q7Z8|A0Q7Z8_FRATN	Dephospho-CoA kinase
tr|A0Q7Z9|A0Q7Z9_FRATN	Tryptophan--tRNA ligase
tr|A0Q800|A0Q800_FRATN	Uncharacterized protein
tr|A0Q801|A0Q801_FRATN	Monovalent cation:proton antiporter-1
tr|A0Q802|A0Q802_FRATN	Zeta toxin domain-containing protein
tr|A0Q803|A0Q803_FRATN	Uncharacterized protein
tr|A0Q805|A0Q805_FRATN	Uncharacterized protein
tr|A0Q806|A0Q806_FRATN	Pilus assembly protein
tr|A0Q807|A0Q807_FRATN	Pilus assembly protein
tr|A0Q811|A0Q811_FRATN	Uncharacterized protein
tr|A0Q812|A0Q812_FRATN	Hydroxy/aromatic amino acid permease (HAAAP) family protein
tr|A0Q813|A0Q813_FRATN	Tyrosine recombinase XerC
tr|A0Q815|A0Q815_FRATN	Hypothetical membrane protein
tr|A0Q816|A0Q816_FRATN	Uncharacterized protein
tr|A0Q817|A0Q817_FRATN	Uncharacterized protein
tr|A0Q818|A0Q818_FRATN	GTP pyrophosphokinase
tr|A0Q819|A0Q819_FRATN	Uncharacterized protein
tr|A0Q820|A0Q820_FRATN	Hydroxy/aromatic amino acid permease (HAAAP) family protein
tr|A0Q821|A0Q821_FRATN	10 TMS drug/metabolite exporter protein
tr|A0Q822|A0Q822_FRATN	Subunit of DnaJ/DnaK/GrpE: chaperone with DnaK heat shock protein
tr|A0Q823|A0Q823_FRATN	Amino acid-polyamine-organocation family protein
tr|A0Q824|A0Q824_FRATN	Hypothetical membrane protein
tr|A0Q825|A0Q825_FRATN	Phosphatidyltransferase
tr|A0Q826|A0Q826_FRATN	Dihydrolipoamide dehydrogenase
tr|A0Q827|A0Q827_FRATN	TVP38/TMEM64 family membrane protein
tr|A0Q828|A0Q828_FRATN	Methylated-DNA--[protein]-cysteine S-methyltransferase
tr|A0Q829|A0Q829_FRATN	Glutamate:GABA antiporter (APC family) protein
tr|A0Q830|A0Q830_FRATN	Diaminopimelate decarboxylase
tr|A0Q831|A0Q831_FRATN	Uncharacterized protein
tr|A0Q832|A0Q832_FRATN	Glutamate dehydrogenase
tr|A0Q833|A0Q833_FRATN	Uncharacterized protein
tr|A0Q834|A0Q834_FRATN	Uncharacterized protein
tr|A0Q835|A0Q835_FRATN	Short chain dehydrogenase
tr|A0Q836|A0Q836_FRATN	Amino acid-polyamine-organocation (APC) superfamily protein
tr|A0Q837|A0Q837_FRATN	Uncharacterized protein
tr|A0Q840|A0Q840_FRATN	Conserved hypothetical membrane protein
tr|A0Q843|A0Q843_FRATN	Release factor glutamine methyltransferase
tr|A0Q846|A0Q846_FRATN	Ancillary SecYEG translocon subunit
tr|A0Q847|A0Q847_FRATN	Outer membrane protein assembly factor BamB
tr|A0Q848|A0Q848_FRATN	Bcr/CflA family efflux transporter
tr|A0Q849|A0Q849_FRATN	DNA topoisomerase 4 subunit B
tr|A0Q850|A0Q850_FRATN	1,6-anhydro-N-acetylmuramyl-L-alanine amidase AmpD
tr|A0Q851|A0Q851_FRATN	undecaprenyl-diphosphate phosphatase
tr|A0Q852|A0Q852_FRATN	RNA pyrophosphohydrolase
tr|A0Q853|A0Q853_FRATN	Hypothetical membrane protein
tr|A0Q854|A0Q854_FRATN	LicB-like transmembrane protein
tr|A0Q855|A0Q855_FRATN	Acid phosphatase, HAD superfamily protein
tr|A0Q856|A0Q856_FRATN	2-oxoglutarate-dependent ethylene/succinate-forming enzyme
tr|A0Q857|A0Q857_FRATN	Tyrosine recombinase XerD
tr|A0Q863|A0Q863_FRATN	Fatty acid desaturase
tr|A0Q865|A0Q865_FRATN	Hypothetical membrane protein
tr|A0Q872|A0Q872_FRATN	Transcription termination/antitermination protein NusG
tr|A0Q873|A0Q873_FRATN	Protein translocase subunit SecE
tr|A0Q875|A0Q875_FRATN	DNA helicase
tr|A0Q876|A0Q876_FRATN	Small-conductance mechanosensitive channel
tr|A0Q877|A0Q877_FRATN	Hypothetical membrane protein
tr|A0Q878|A0Q878_FRATN	Glycerol uptake facilitator protein
tr|A0Q879|A0Q879_FRATN	Glycerol-3-phosphate dehydrogenase
tr|A0Q881|A0Q881_FRATN	Lysosomal dipeptide transporter MFSD1
tr|A0Q882|A0Q882_FRATN	Uncharacterized protein
tr|A0Q883|A0Q883_FRATN	Lysosomal dipeptide transporter MFSD1
tr|A0Q884|A0Q884_FRATN	Peptide/opine/nickel uptake transporter (PepT) family protein
tr|A0Q885|A0Q885_FRATN	Peptide/opine/nickel uptake transporter (PepT) family protein
tr|A0Q886|A0Q886_FRATN	Oligopeptide transport system permease protein OppC
tr|A0Q887|A0Q887_FRATN	Peptide/opine/nickel uptake transporter (PepT) family protein
tr|A0Q888|A0Q888_FRATN	ABC-type oligopeptide transport system, periplasmic component
tr|A0Q889|A0Q889_FRATN	DNA 3'-5' helicase
tr|A0Q890|A0Q890_FRATN	Signal recognition particle receptor FtsY
tr|A0Q891|A0Q891_FRATN	Type IV pili, pilus assembly protein
tr|A0Q894|A0Q894_FRATN	Nucleoside permease NUP family protein
tr|A0Q895|A0Q895_FRATN	Nucleoside permease NUP family protein
tr|A0Q896|A0Q896_FRATN	Deoxyribose-phosphate aldolase
tr|A0Q897|A0Q897_FRATN	Phosphopentomutase
tr|A0Q898|A0Q898_FRATN	Type III pantothenate kinase
tr|A0Q899|A0Q899_FRATN	DNA polymerase I
tr|A0Q8A1|A0Q8A1_FRATN	Lipid exporter (LipidE) family protein
tr|A0Q8A3|A0Q8A3_FRATN	Disulfide bond formation protein
tr|A0Q8A4|A0Q8A4_FRATN	Membrane fusion protein
tr|A0Q8A5|A0Q8A5_FRATN	RND efflux transporter, AcrB/AcrD/AcrF family
tr|A0Q8A6|A0Q8A6_FRATN	Lysosomal dipeptide transporter MFSD1
tr|A0Q8A7|A0Q8A7_FRATN	Transposase IS701-like DDE domain-containing protein
tr|A0Q8A8|A0Q8A8_FRATN	Peptidase, U61 family
tr|A0Q8A9|A0Q8A9_FRATN	Uncharacterized protein
tr|A0Q8B0|A0Q8B0_FRATN	N-formylglutamate amidohydrolase
tr|A0Q8B1|A0Q8B1_FRATN	histidine kinase
tr|A0Q8B2|A0Q8B2_FRATN	Uncharacterized protein
tr|A0Q8B3|A0Q8B3_FRATN	Cytochrome bd-II terminal oxidase subunit I
tr|A0Q8B4|A0Q8B4_FRATN	Cytochrome bd-II terminal oxidase subunit II
tr|A0Q8B5|A0Q8B5_FRATN	Predicted NAD/FAD-dependent oxidoreductase
tr|A0Q8B6|A0Q8B6_FRATN	Type IV pili nucleotide-binding protein
tr|A0Q8B7|A0Q8B7_FRATN	Aconitate hydratase
tr|A0Q8B8|A0Q8B8_FRATN	Uncharacterized protein
tr|A0Q8B9|A0Q8B9_FRATN	GtrA-like protein
tr|A0Q8C0|A0Q8C0_FRATN	Heme chaperone HemW
tr|A0Q8C1|A0Q8C1_FRATN	Uncharacterized protein
tr|A0Q8C2|A0Q8C2_FRATN	Transcriptional regulator, LysR family
tr|A0Q8C3|A0Q8C3_FRATN	Protein-export membrane protein SecG
tr|A0Q8C7|A0Q8C7_FRATN	Dihydrolipoyllysine-residue succinyltransferase component of 2-oxoglutarate dehydrogenase complex
tr|A0Q8C8|A0Q8C8_FRATN	oxoglutarate dehydrogenase (succinyl-transferring)
tr|A0Q8C9|A0Q8C9_FRATN	Succinate dehydrogenase iron-sulfur subunit
tr|A0Q8D0|A0Q8D0_FRATN	Succinate dehydrogenase flavoprotein subunit
tr|A0Q8D1|A0Q8D1_FRATN	Succinate dehydrogenase hydrophobic membrane anchor subunit
tr|A0Q8D2|A0Q8D2_FRATN	Succinate dehydrogenase cytochrome b556 subunit
tr|A0Q8D3|A0Q8D3_FRATN	Citrate synthase
tr|A0Q8D4|A0Q8D4_FRATN	Peptide-acetyl-coenzyme A transporter (PAT) family protein
tr|A0Q8D5|A0Q8D5_FRATN	Superoxide dismutase
tr|A0Q8D6|A0Q8D6_FRATN	Glutaredoxin
tr|A0Q8D7|A0Q8D7_FRATN	Uncharacterized protein
tr|A0Q8E4|A0Q8E4_FRATN	ATP synthase subunit c
tr|A0Q8E5|A0Q8E5_FRATN	ATP synthase subunit a
tr|A0Q8E6|A0Q8E6_FRATN	Hypothetical membrane protein
tr|A0Q8E7|A0Q8E7_FRATN	Lysosomal dipeptide transporter MFSD1
tr|A0Q8E8|A0Q8E8_FRATN	Pseudouridine synthase
tr|A0Q8E9|A0Q8E9_FRATN	Uncharacterized protein
tr|A0Q8F0|A0Q8F0_FRATN	Lysosomal dipeptide transporter MFSD1
tr|A0Q8F4|A0Q8F4_FRATN	Transcription termination/antitermination protein NusA
tr|A0Q8F7|A0Q8F7_FRATN	Magnesium chelatase
tr|A0Q8F8|A0Q8F8_FRATN	Ubiquinone biosynthesis accessory factor UbiK
tr|A0Q8F9|A0Q8F9_FRATN	NADH-quinone oxidoreductase subunit N
tr|A0Q8G0|A0Q8G0_FRATN	NADH-quinone oxidoreductase subunit M
tr|A0Q8G1|A0Q8G1_FRATN	NADH dehydrogenase I, L subunit
tr|A0Q8G2|A0Q8G2_FRATN	NADH-quinone oxidoreductase subunit K
tr|A0Q8G3|A0Q8G3_FRATN	NADH-quinone oxidoreductase subunit J
tr|A0Q8G6|A0Q8G6_FRATN	NADH-quinone oxidoreductase
tr|A0Q8G7|A0Q8G7_FRATN	NADH-quinone oxidoreductase subunit F
tr|A0Q8G8|A0Q8G8_FRATN	NADH-quinone oxidoreductase subunit E
tr|A0Q8H2|A0Q8H2_FRATN	NADH-quinone oxidoreductase subunit A
tr|A0Q8H3|A0Q8H3_FRATN	Ferric uptake regulation protein
tr|A0Q8H4|A0Q8H4_FRATN	Siderophore biosynthesis protein
tr|A0Q8H5|A0Q8H5_FRATN	Drug:H+ antiporter-1 (DHA1) family protein
tr|A0Q8H6|A0Q8H6_FRATN	Pyridoxal-dependent decarboxylase
tr|A0Q8H7|A0Q8H7_FRATN	Bcr/CflA family efflux transporter
tr|A0Q8H8|A0Q8H8_FRATN	Hypothetical membrane protein
tr|A0Q8H9|A0Q8H9_FRATN	GDSL-like lipolytic enzyme
tr|A0Q8I0|A0Q8I0_FRATN	Uncharacterized protein
tr|A0Q8I3|A0Q8I3_FRATN	Glu-tRNAGln amidotransferase C subunit
tr|A0Q8I4|A0Q8I4_FRATN	Membrane fusion protein
tr|A0Q8I5|A0Q8I5_FRATN	ATP-binding cassette (ABC) superfamily protein
tr|A0Q8I6|A0Q8I6_FRATN	Adenylosuccinate lyase
tr|A0Q8I7|A0Q8I7_FRATN	Uncharacterized protein
tr|A0Q8I8|A0Q8I8_FRATN	Uncharacterized protein
tr|A0Q8I9|A0Q8I9_FRATN	Galactose mutarotase
tr|A0Q8J0|A0Q8J0_FRATN	Dam-replacing family protein
tr|A0Q8J1|A0Q8J1_FRATN	Phosphoribosylformylglycinamidine synthase
tr|A0Q8J2|A0Q8J2_FRATN	Amidophosphoribosyltransferase
tr|A0Q8J3|A0Q8J3_FRATN	Glutamate decarboxylase
tr|A0Q8J4|A0Q8J4_FRATN	Phosphopantetheinyl transferase
tr|A0Q8J5|A0Q8J5_FRATN	Outer membrane efflux protein, tolC
tr|A0Q8J6|A0Q8J6_FRATN	Protein-L-isoaspartate O-methyltransferase
tr|A0Q8J7|A0Q8J7_FRATN	Peptidase, U32 family
tr|A0Q8J8|A0Q8J8_FRATN	Bcr/CflA family efflux transporter
tr|A0Q8J9|A0Q8J9_FRATN	Na+:H+ antiporter
tr|A0Q8K0|A0Q8K0_FRATN	ATP-binding cassette (ABC) superfamily protein
tr|A0Q8K1|A0Q8K1_FRATN	Amino acid-polyamine-organocation (APC) superfamily protein
tr|A0Q8K3|A0Q8K3_FRATN	Tyrosine permease
tr|A0Q8K4|A0Q8K4_FRATN	DUF6314 domain-containing protein
tr|A0Q8K5|A0Q8K5_FRATN	Uncharacterized protein
tr|A0Q8K6|A0Q8K6_FRATN	Two-component response regulator
tr|A0Q8K7|A0Q8K7_FRATN	histidine kinase
tr|A0Q8K8|A0Q8K8_FRATN	Potassium-transporting ATPase KdpC subunit
tr|A0Q8K9|A0Q8K9_FRATN	Potassium-transporting ATPase ATP-binding subunit
tr|A0Q8L1|A0Q8L1_FRATN	Formate dehydrogenase
tr|A0Q8L2|A0Q8L2_FRATN	Aminotransferase
tr|A0Q8L3|A0Q8L3_FRATN	Pyridoxal-dependent decarboxylase
tr|A0Q8L4|A0Q8L4_FRATN	Tetrahydrodipicolinate succinylase subunit
tr|A0Q8L6|A0Q8L6_FRATN	4-hydroxy-tetrahydrodipicolinate reductase
tr|A0Q8L7|A0Q8L7_FRATN	Aspartokinase
tr|A0Q8L8|A0Q8L8_FRATN	Proline iminopeptidase
tr|A0Q8L9|A0Q8L9_FRATN	Mg-dependent DNase
tr|A0Q8M0|A0Q8M0_FRATN	Nicotinamide riboside transporter PnuC
tr|A0Q8M1|A0Q8M1_FRATN	Uncharacterized protein
tr|A0Q8M2|A0Q8M2_FRATN	Uncharacterized protein
tr|A0Q8M3|A0Q8M3_FRATN	Uncharacterized protein
tr|A0Q8M4|A0Q8M4_FRATN	Cl-:H+ antiporter
tr|A0Q8M5|A0Q8M5_FRATN	Metal-dependent carboxypeptidase
tr|A0Q8M7|A0Q8M7_FRATN	Tryptophan synthase alpha chain
tr|A0Q8M8|A0Q8M8_FRATN	Uncharacterized protein
tr|A0Q8M9|A0Q8M9_FRATN	Nicotinamide riboside transporter PnuC
tr|A0Q8N0|A0Q8N0_FRATN	Chaperone protein ClpB
tr|A0Q8N1|A0Q8N1_FRATN	Chitinase
tr|A0Q8N3|A0Q8N3_FRATN	Hypothetical membrane protein
tr|A0Q8N4|A0Q8N4_FRATN	Ferredoxin
tr|A0Q8N5|A0Q8N5_FRATN	Acyltransferase
tr|A0Q8N6|A0Q8N6_FRATN	Acyltransferase
tr|A0Q8N7|A0Q8N7_FRATN	Uncharacterized protein
tr|A0Q8N9|A0Q8N9_FRATN	Rieske (2Fe-2S) domain protein
tr|A0Q8P0|A0Q8P0_FRATN	Cytochrome b561 family protein
tr|A0Q8P1|A0Q8P1_FRATN	Metabolite:H+ symporter (MHS) family protein
tr|A0Q8P2|A0Q8P2_FRATN	thioredoxin-dependent peroxiredoxin
tr|A0Q8P3|A0Q8P3_FRATN	D-isomer specific 2-hydroxyacid dehydrogenase
tr|A0Q8P4|A0Q8P4_FRATN	Uncharacterized protein
tr|A0Q8P5|A0Q8P5_FRATN	Uncharacterized protein
tr|A0Q8P6|A0Q8P6_FRATN	Zinc-binding alcohol dehydrogenase
tr|A0Q8P7|A0Q8P7_FRATN	Energy-dependent translational throttle protein EttA
tr|A0Q8P8|A0Q8P8_FRATN	Metabolite:H+ symporter (MHS) family protein
tr|A0Q8P9|A0Q8P9_FRATN	Uncharacterized protein
tr|A0Q8Q0|A0Q8Q0_FRATN	Uncharacterized protein
tr|A0Q8Q1|A0Q8Q1_FRATN	Drug/metabolite transporter (DMT) superfamily protein
tr|A0Q8Q2|A0Q8Q2_FRATN	Ribokinase
tr|A0Q8Q3|A0Q8Q3_FRATN	Aminopeptidase N
tr|A0Q8Q4|A0Q8Q4_FRATN	Heat shock protein, HSP20 family
tr|A0Q8Q5|A0Q8Q5_FRATN	Multifunctional fusion protein
tr|A0Q8Q6|A0Q8Q6_FRATN	Integron-associated effector binding protein domain-containing protein
tr|A0Q8Q7|A0Q8Q7_FRATN	Peptide methionine sulfoxide reductase MsrA
tr|A0Q8Q8|A0Q8Q8_FRATN	Nitrile hydratase alpha/Thiocyanate hydrolase gamma domain-containing protein
tr|A0Q8Q9|A0Q8Q9_FRATN	Uncharacterized protein
tr|A0Q8R0|A0Q8R0_FRATN	Uncharacterized protein
tr|A0Q8R2|A0Q8R2_FRATN	anthranilate synthase
tr|A0Q8R3|A0Q8R3_FRATN	Anthranilate synthase component 1
tr|A0Q8R4|A0Q8R4_FRATN	Trp operon repressor
tr|A0Q8R5|A0Q8R5_FRATN	Ribonuclease G
tr|Cont_A0A3Q1M032|A0A3Q1M032_BOVIN	Uncharacterized protein
tr|Cont_A0A3Q1M3L6|A0A3Q1M3L6_BOVIN	Uncharacterized protein
tr|Cont_A0A3Q1MJB2|A0A3Q1MJB2_BOVIN	Fibulin-1
tr|Cont_A5PJ69|A5PJ69_BOVIN	SERPINA10 protein
tr|Cont_E1BCW0|E1BCW0_BOVIN	HGF activator
tr|Cont_E1BJK2|E1BJK2_BOVIN	Tubulin beta chain
tr|Cont_G3N188|G3N188_BOVIN	Ig-like domain-containing protein
tr|Cont_G5E513|G5E513_BOVIN	Uncharacterized protein
tr|Cont_Q05B55|Q05B55_BOVIN	IGK protein
tr|Cont_Q1A7A4|Q1A7A4_BOVIN	Complement component C5a (Fragment)
tr|Cont_Q1RMN8|Q1RMN8_BOVIN	Immunoglobulin light chain, lambda gene cluster
tr|Cont_Q1WEI2|Q1WEI2_PSEAI	Protease IV
tr|Cont_Q2HJF0|Q2HJF0_BOVIN	Serotransferrin-like
tr|Cont_Q2KIF2|Q2KIF2_BOVIN	Leucine-rich alpha-2-glycoprotein 1
tr|Cont_Q2KIH2|Q2KIH2_BOVIN	ApoN protein
tr|Cont_Q2KJC7|Q2KJC7_BOVIN	Periostin
tr|Cont_Q2TBQ1|Q2TBQ1_BOVIN	Coagulation factor XIII B chain
tr|Cont_Q32PI4|Q32PI4_BOVIN	Complement factor I
tr|Cont_Q3KNV1|Q3KNV1_HUMAN	KRT7 protein
tr|Cont_Q3KUS7|Q3KUS7_BOVIN	C3/C5 convertase (Fragment)
tr|Cont_Q3MHH8|Q3MHH8_BOVIN	Alpha-amylase
tr|Cont_Q3ZBS7|Q3ZBS7_BOVIN	Vitronectin
tr|Cont_Q6T181|Q6T181_BOVIN	Sex hormone-binding globulin (Fragment)
