logFC	se	df	t	pval	adjPval	protein	fit_status	model	adjPval_BH
-1.89763001044768	0.110684762164736	5.71530525544285	-17.1444557799508	3.92348005603138e-06	0.00461008906583688	sp|A0Q767|Y1196_FRATN	rlm	naive	0.00461008906583688
-2.91331039343215	0.232321606386573	6.00043011697071	-12.5399890210148	1.57246019961386e-05	0.00820065537318825	tr|A0Q7P1|A0Q7P1_FRATN	rlm	naive	0.00820065537318825
-5.09833825480821	0.392041397158631	5.61610759149382	-13.0045915858862	2.09378435060125e-05	0.00820065537318825	tr|A0Q5U1|A0Q5U1_FRATN	rlm	naive	0.00820065537318825
-1.59102831967459	0.146035645419095	6.00043011697071	-10.8947943162002	3.54428636508093e-05	0.0104113411974252	tr|A0Q5R7|A0Q5R7_FRATN	rlm	naive	0.0104113411974252
-1.35764416148869	0.143542114653771	6.00043011697071	-9.45815912468184	7.94715055879131e-05	0.0172411487287816	tr|A0Q3Z0|A0Q3Z0_FRATN	rlm	naive	0.0172411487287816
-0.890198401520941	0.0933589913828443	5.85201130671295	-9.5352187115051	8.80399084022891e-05	0.0172411487287816	tr|A0Q7E9|A0Q7E9_FRATN	rlm	naive	0.0172411487287816
-2.16802576591287	0.253267194178097	6.00043011697071	-8.56023131202817	0.000139448358972228	0.0234074031131954	tr|A0Q3Y9|A0Q3Y9_FRATN	rlm	naive	0.0234074031131954
-1.38894030842536	0.160120338765094	5.28698759329527	-8.67435279701115	0.000253476521945973	0.031757666040671	sp|A0Q4X5|RNPH_FRATN	rlm	naive	0.031757666040671
-1.24956619228398	0.152332444649816	5.53992662213443	-8.20288937892712	0.000265592597719756	0.031757666040671	tr|A0Q457|A0Q457_FRATN	rlm	naive	0.031757666040671
-1.8219075223023	0.240903861341007	6.00043011697071	-7.56279916876603	0.0002774544306125	0.031757666040671	tr|A0Q7C7|A0Q7C7_FRATN	rlm	naive	0.031757666040671
0.767233861307651	0.102732280764833	6.00043011697071	7.46828412253347	0.000297305809742452	0.031757666040671	tr|A0Q4T1|A0Q4T1_FRATN	rlm	naive	0.031757666040671
-0.984577040527816	0.135993728015943	6.00043011697071	-7.23987094766895	0.000352415069228779	0.0345073088619846	tr|A0Q557|A0Q557_FRATN	rlm	naive	0.0345073088619846
-0.939412075655817	0.130851989178012	5.7947381127359	-7.17919598744378	0.000431318775261238	0.0389845816101503	tr|A0Q4Z6|A0Q4Z6_FRATN	rlm	naive	0.0389845816101503
-1.53339544596272	0.216741709313292	5.79897720365488	-7.07475940289027	0.000464499260244433	0.0389847593419435	sp|A0Q6T5|MIAB_FRATN	rlm	naive	0.0389847593419435
-0.904124598408905	0.134339529540972	6.00043011697071	-6.73014563545243	0.00052358630850367	0.0410142608327875	sp|A0Q4L3|PYRG_FRATN	rlm	naive	0.0410142608327875
-2.66034975027307	0.379743082893059	5.43125670158412	-7.00565690362359	0.000647419108144537	0.0435834982822342	tr|A0Q5H8|A0Q5H8_FRATN	rlm	naive	0.0435834982822342
-1.11498198051859	0.174683258783264	6.00043011697071	-6.38287829231531	0.000695322160152782	0.0435834982822342	sp|A0Q406|LEUD_FRATN	rlm	naive	0.0435834982822342
-0.717699040153836	0.111891246019418	5.92482714019961	-6.41425549974913	0.000712253115882337	0.0435834982822342	tr|A0Q7Q6|A0Q7Q6_FRATN	rlm	naive	0.0435834982822342
-0.880817644423272	0.121629610746628	5.06608548718654	-7.24180270755073	0.000741311029255572	0.0435834982822342	sp|A0Q638|BIOB_FRATN	rlm	naive	0.0435834982822342
-1.0868972475055	0.17027301198583	5.90193644406161	-6.38326200276503	0.000741846779272071	0.0435834982822342	tr|A0Q407|A0Q407_FRATN	rlm	naive	0.0435834982822342
-1.81033216128397	0.293374654061317	6.00043011697071	-6.17071766842407	0.000831858103901815	0.0454467010659067	sp|A0Q6H0|RLMN_FRATN	rlm	naive	0.0454467010659067
-1.77897097466977	0.289943292470628	6.00043011697071	-6.13558244272881	0.000857317479064676	0.0454467010659067	tr|A0Q7X1|A0Q7X1_FRATN	rlm	naive	0.0454467010659067
-0.710850882361949	0.116672237269554	6.00043011697071	-6.09271664791715	0.00088959499958796	0.0454467010659067	tr|A0Q674|A0Q674_FRATN	rlm	naive	0.0454467010659067
-1.11452267252783	0.185271559331942	6.00043011697071	-6.0156166253828	0.000951214613514895	0.0465698821200001	tr|A0Q5R9|A0Q5R9_FRATN	rlm	naive	0.0465698821200001
-0.938962829423345	0.158790813483655	6.00043011697071	-5.91320624174518	0.00104075997611709	0.0489157188775031	sp|A0Q858|RL19_FRATN	rlm	naive	0.0489157188775031
-0.492820672754896	0.0869310567839013	6.00043011697071	-5.66909791491412	0.00129584892458004	0.058562403322367	tr|A0Q4Z8|A0Q4Z8_FRATN	rlm	naive	0.058562403322367
-0.546782546870302	0.0977451153900681	6.00043011697071	-5.59396287669492	0.00138822910073907	0.0599360266082005	tr|A0Q6S8|A0Q6S8_FRATN	rlm	naive	0.0599360266082005
-1.67426820781246	0.292131668143606	5.73771459682811	-5.73121092434739	0.00142826276172733	0.0599360266082005	tr|A0Q5R2|A0Q5R2_FRATN	rlm	naive	0.0599360266082005
-0.924905858596258	0.167013556262301	5.76385493090799	-5.53790889371674	0.00166877733987365	0.0632995863849063	tr|A0Q3Z2|A0Q3Z2_FRATN	rlm	naive	0.0632995863849063
-0.517438041142115	0.0960053655456498	6.00043011697071	-5.38967836017537	0.00167981237111936	0.0632995863849063	sp|A0Q866|RPOC_FRATN	rlm	naive	0.0632995863849063
-0.745225350373037	0.13184979759754	5.55306195937457	-5.65207807635604	0.00170739949932583	0.0632995863849063	sp|A0Q4Y5|GPDA_FRATN	rlm	naive	0.0632995863849063
-0.512245619292332	0.0959847144713885	6.00043011697071	-5.33674160634217	0.00176635906616839	0.0632995863849063	sp|A0Q4Z0|AROC_FRATN	rlm	naive	0.0632995863849063
-1.16451992019447	0.219076362399783	6.00043011697071	-5.3155890824469	0.0018023517698575	0.0632995863849063	tr|A0Q685|A0Q685_FRATN	rlm	naive	0.0632995863849063
-2.95290424568404	0.50986069536345	5.25346198930113	-5.79159027659326	0.00183164760603133	0.0632995863849063	tr|A0Q3Y8|A0Q3Y8_FRATN	rlm	naive	0.0632995863849063
-0.763400686073662	0.14698412213574	6.00043011697071	-5.19376293834419	0.00202662112462013	0.068019359323567	sp|A0Q5Y0|COAD_FRATN	rlm	naive	0.068019359323567
0.503655287340562	0.0974482610231332	5.99385620378089	5.16843791826105	0.0020839973920412	0.068019359323567	tr|A0Q678|A0Q678_FRATN	rlm	naive	0.068019359323567
-1.15082105134382	0.225702693537097	5.99746495759339	-5.09883614284232	0.00222672245302722	0.0707134833055943	tr|A0Q569|A0Q569_FRATN	rlm	naive	0.0707134833055943
-0.682600838269193	0.136781114316859	6.00043011697071	-4.99046115889887	0.00247524952032773	0.0748917209793566	tr|A0Q4X6|A0Q4X6_FRATN	rlm	naive	0.0748917209793566
-0.503511302049088	0.100980782486979	6.00043011697071	-4.98620915434094	0.00248576776016588	0.0748917209793566	tr|A0Q5B0|A0Q5B0_FRATN	rlm	naive	0.0748917209793566
-0.575769170923861	0.116017797572108	5.81089895959201	-4.96276591154911	0.00278732561648166	0.0818776899841486	sp|A0Q4K7|RS4_FRATN	rlm	naive	0.0818776899841486
-7.74895632944762	1.5656594033517	5.72403236958729	-4.94932442704904	0.00294643572624412	0.0833258365558421	tr|A0Q5X9|A0Q5X9_FRATN	rlm	naive	0.0833258365558421
-0.61803921105231	0.12875881087568	6.00043011697071	-4.79997607036805	0.00300023576398799	0.0833258365558421	sp|A0Q6S3|HFQ_FRATN	rlm	naive	0.0833258365558421
-0.624717540885628	0.130581777143796	6.00043011697071	-4.78410965565042	0.00304937103991593	0.0833258365558421	tr|A0Q7K2|A0Q7K2_FRATN	rlm	naive	0.0833258365558421
0.865833396932376	0.163281420959598	5.02742807312224	5.3027061612026	0.00313333511865899	0.0836742901005526	tr|A0Q8P4|A0Q8P4_FRATN	rlm	naive	0.0836742901005526
0.484813780508487	0.102527252057338	6.00043011697071	4.72863332216644	0.00322846493666869	0.0842988066796826	tr|A0Q8C2|A0Q8C2_FRATN	rlm	naive	0.0842988066796826
-1.09930307826203	0.210001311593274	5.02201394356419	-5.23474386860563	0.00332524578813646	0.0849383435013119	tr|A0Q5R6|A0Q5R6_FRATN	rlm	naive	0.0849383435013119
-1.26074882058846	0.244346534648826	5.08412374521746	-5.15967546828687	0.00341686266431165	0.0854215666077912	tr|A0Q5Y8|A0Q5Y8_FRATN	rlm	naive	0.0854215666077912
-0.526144642899669	0.109639790815402	5.64643953716211	-4.79884756242858	0.00353943764265169	0.0866424839607446	tr|A0Q5P3|A0Q5P3_FRATN	rlm	naive	0.0866424839607446
-0.893755750606977	0.196700555275536	6.00043011697071	-4.5437378117973	0.00391700865207617	0.0939282686977448	tr|A0Q7D9|A0Q7D9_FRATN	rlm	naive	0.0939282686977448
-1.47089338648538	0.32880184717317	6.00043011697071	-4.47349490013876	0.00422089092172175	0.099190936660461	sp|A0Q6F0|CYSN_FRATN	rlm	naive	0.099190936660461
-0.593332493281957	0.130264058067112	5.64365553653772	-4.55484423014267	0.00451283710473857	0.10080219126654	tr|A0Q5X7|A0Q5X7_FRATN	rlm	naive	0.10080219126654
0.450227475197805	0.101957122085525	5.91996475025912	4.41585115378342	0.00463769938044213	0.10080219126654	tr|A0Q7H8|A0Q7H8_FRATN	rlm	naive	0.10080219126654
-0.565023418362021	0.129221457750409	6.00043011697071	-4.37252007676126	0.00470536862866504	0.10080219126654	sp|A0Q4J1|RL29_FRATN	rlm	naive	0.10080219126654
-0.408917046339647	0.093101294838304	5.89110246015061	-4.3921735680459	0.00481190331696188	0.10080219126654	tr|A0Q666|A0Q666_FRATN	rlm	naive	0.10080219126654
-1.14997574541324	0.248283594201978	5.30292698540507	-4.63170250579562	0.00489462632553495	0.10080219126654	tr|A0Q6R2|A0Q6R2_FRATN	rlm	naive	0.10080219126654
-0.409846195651846	0.0946846023349226	6.00043011697071	-4.32854113071226	0.00493570155602814	0.10080219126654	tr|A0Q4Y0|A0Q4Y0_FRATN	rlm	naive	0.10080219126654
-0.569732032536911	0.131979846888007	6.00043011697071	-4.3168108311291	0.00499925973333553	0.10080219126654	sp|A0Q862|METK_FRATN	rlm	naive	0.10080219126654
0.49029161544815	0.103635764625023	5.01381313536686	4.73091135306557	0.00515513340905016	0.10080219126654	tr|A0Q7W1|A0Q7W1_FRATN	rlm	naive	0.10080219126654
-0.399810371198142	0.0933585542808334	6.00043011697071	-4.28252530555975	0.00519036369904362	0.10080219126654	tr|A0Q723|A0Q723_FRATN	rlm	naive	0.10080219126654
-0.554712458183614	0.12973205557364	6.00043011697071	-4.27583187309278	0.00522862193597486	0.10080219126654	sp|A0Q7F4|RL13_FRATN	rlm	naive	0.10080219126654
-0.510509629885482	0.115215281268442	5.59153385128745	-4.4309194428475	0.00523313503596504	0.10080219126654	tr|A0Q7S0|A0Q7S0_FRATN	rlm	naive	0.10080219126654
-0.881687320649824	0.207012582191168	5.99746495759339	-4.25910015380429	0.0053316154493227	0.101042712144422	tr|A0Q4Z7|A0Q4Z7_FRATN	rlm	naive	0.101042712144422
-1.57145288044349	0.360527926519427	5.59598398140927	-4.35875493922055	0.00562344566141631	0.104515835255806	tr|A0Q684|A0Q684_FRATN	rlm	naive	0.104515835255806
-0.488419110117318	0.117032686514139	6.00043011697071	-4.17335639012535	0.00585569518859793	0.104515835255806	sp|A0Q4J4|RL24_FRATN	rlm	naive	0.104515835255806
-0.544618123314627	0.125281103430669	5.52638217605377	-4.34716895366444	0.00585863075337939	0.104515835255806	sp|A0Q861|RS16_FRATN	rlm	naive	0.104515835255806
-0.392280324659243	0.0940480934366774	6.00043011697071	-4.17106089368378	0.00587067670373036	0.104515835255806	tr|A0Q5Y2|A0Q5Y2_FRATN	rlm	naive	0.104515835255806
0.722090148908984	0.17408777559173	6.00043011697071	4.14785097031985	0.00602459316798436	0.105655178692263	tr|A0Q4U1|A0Q4U1_FRATN	rlm	naive	0.105655178692263
-0.339867719926514	0.0827813811267388	6.00043011697071	-4.10560581740203	0.0063164852523035	0.108418116799283	tr|A0Q7F6|A0Q7F6_FRATN	rlm	naive	0.108418116799283
-0.554583585625575	0.132966294067294	5.73598793293456	-4.17085840825871	0.00648059738599028	0.108418116799283	sp|A0Q7F1|GRPE_FRATN	rlm	naive	0.108418116799283
-0.393193083503586	0.0967308457405903	6.00043011697071	-4.06481593842401	0.00661342380849444	0.108418116799283	sp|A0Q869|RL10_FRATN	rlm	naive	0.108418116799283
0.444767686241845	0.109998754063671	6.00043011697071	4.04338840042133	0.00677564516432715	0.108418116799283	tr|A0Q7V1|A0Q7V1_FRATN	rlm	naive	0.108418116799283
-0.348850322562511	0.0863104299501666	5.99746495759339	-4.04180957925859	0.0067947651968034	0.108418116799283	sp|A0Q4I9|RS3_FRATN	rlm	naive	0.108418116799283
-0.438545560338828	0.108686344748529	6.00043011697071	-4.03496466233641	0.00684063342036525	0.108418116799283	sp|A0Q736|TTCA2_FRATN	rlm	naive	0.108418116799283
0.45968473957529	0.114484102493881	6.00043011697071	4.01527137446756	0.0069953015797966	0.108418116799283	sp|A0Q7Q2|CS12A_FRATN	rlm	naive	0.108418116799283
-0.676419519869235	0.168249813735071	5.98346413792475	-4.0203284916222	0.00699599895540302	0.108418116799283	tr|A0Q6R3|A0Q6R3_FRATN	rlm	naive	0.108418116799283
0.376708221176037	0.0938695821022083	6.00043011697071	4.0131021438432	0.00701257606531535	0.108418116799283	tr|A0Q8B2|A0Q8B2_FRATN	rlm	naive	0.108418116799283
-0.570702248133543	0.143463191488288	6.00043011697071	-3.97803953901396	0.00729851096764925	0.111373381649193	tr|A0Q4Y1|A0Q4Y1_FRATN	rlm	naive	0.111373381649193
-0.380707511526993	0.0962301701807954	6.00043011697071	-3.95621779335656	0.00748303100334968	0.112125067845296	tr|A0Q524|A0Q524_FRATN	rlm	naive	0.112125067845296
-1.48947542123611	0.374603919300876	5.89307729966384	-3.97613410990445	0.00758709108659451	0.112125067845296	tr|A0Q663|A0Q663_FRATN	rlm	naive	0.112125067845296
0.674271183337581	0.166467411225705	5.62580842686663	4.05046956862546	0.00768960959822256	0.112125067845296	sp|A0Q8G5|NUOH_FRATN	rlm	naive	0.112125067845296
-0.485453605985778	0.121053784772936	5.69794561543949	-4.0102307160107	0.00782435331322585	0.112125067845296	sp|A0Q6T0|TIG_FRATN	rlm	naive	0.112125067845296
0.341273710473789	0.0859499471860983	5.81972338721151	3.97060989153217	0.00783033112126044	0.112125067845296	tr|A0Q8D5|A0Q8D5_FRATN	rlm	naive	0.112125067845296
0.533786513805446	0.136934433141128	6.00043011697071	3.89811752647569	0.00800021788827884	0.112125067845296	sp|A0Q5L1|KATG_FRATN	rlm	naive	0.112125067845296
-0.404655010796256	0.102986734366968	5.85913176169136	-3.92919547632578	0.00809325754472958	0.112125067845296	tr|A0Q4Z2|A0Q4Z2_FRATN	rlm	naive	0.112125067845296
-0.37323421257438	0.09646772643706	6.00043011697071	-3.86900600189738	0.00827425820031794	0.112125067845296	sp|A0Q4H1|RS2_FRATN	rlm	naive	0.112125067845296
-1.59337077196863	0.369054090367275	4.80719605762455	-4.31744509424878	0.00829442949008086	0.112125067845296	tr|A0Q6W7|A0Q6W7_FRATN	rlm	naive	0.112125067845296
-0.415022441933422	0.105825176169588	5.80884156942673	-3.92177416523583	0.00830202630003468	0.112125067845296	sp|A0Q4K5|RS13_FRATN	rlm	naive	0.112125067845296
-0.652535420784159	0.157906078472479	5.14593464711043	-4.13242749801988	0.00852484994804772	0.11382612146541	tr|A0Q6D7|A0Q6D7_FRATN	rlm	naive	0.11382612146541
-0.571326595629405	0.148784942679545	5.87697408378824	-3.83994902535223	0.00890558026209417	0.116576811767245	tr|A0Q5A9|A0Q5A9_FRATN	rlm	naive	0.116576811767245
-0.689138640598029	0.176507790636178	5.63098271513189	-3.90429588469836	0.00900060650461438	0.116576811767245	sp|A0Q422|RL34_FRATN	rlm	naive	0.116576811767245
-0.381307685214151	0.0990626564926756	5.80322978580391	-3.84915667229602	0.00902850201771858	0.116576811767245	sp|A0Q4J3|RL14_FRATN	rlm	naive	0.116576811767245
-0.56791474144547	0.151033254026891	5.75948369720951	-3.76019668717695	0.0101339394308708	0.127239588317153	tr|A0Q4B6|A0Q4B6_FRATN	rlm	naive	0.127239588317153
0.649345513205622	0.175685329119865	6.00043011697071	3.69607135928005	0.0101341696297839	0.127239588317153	tr|A0Q6Z5|A0Q6Z5_FRATN	rlm	naive	0.127239588317153
0.326922489375903	0.088624435822622	6.00043011697071	3.68885270006371	0.0102213316809292	0.127239588317153	tr|A0Q8L1|A0Q8L1_FRATN	rlm	naive	0.127239588317153
-0.446577817430299	0.121239935399973	6.00043011697071	-3.68342176987336	0.010287456076706	0.127239588317153	sp|A0Q4S4|RL28_FRATN	rlm	naive	0.127239588317153
-1.00736290467509	0.273630521330276	5.84114292884546	-3.68147127658757	0.0108175875590352	0.132402764394441	sp|A0Q4J6|RS14_FRATN	rlm	naive	0.132402764394441
0.722215652972889	0.197413744080993	5.85579266594351	3.65838587548689	0.0110641394336618	0.13294762152496	tr|A0Q7U2|A0Q7U2_FRATN	rlm	naive	0.13294762152496
-0.477637082209467	0.1210286804353	4.95447364224964	-3.94647847511487	0.0110883973697414	0.13294762152496	sp|A0Q5Q2|RL21_FRATN	rlm	naive	0.13294762152496
0.322673642985677	0.0888844709416155	5.8658811018489	3.63025891437918	0.0114012439977352	0.135317794922615	tr|A0Q797|A0Q797_FRATN	rlm	naive	0.135317794922615
0.67553741299779	0.191719270288987	5.96472980884676	3.5235759659398	0.0125861918024363	0.14703648455591	tr|A0Q7H7|A0Q7H7_FRATN	rlm	naive	0.14703648455591
-0.719799735971275	0.18428747348575	4.72982995169686	-3.90585275470138	0.012638880800125	0.14703648455591	tr|A0Q5X8|A0Q5X8_FRATN	rlm	naive	0.14703648455591
0.546890802029905	0.155881757133854	5.91655424694472	3.50836949804393	0.0129910373948479	0.147960631919794	tr|A0Q7T9|A0Q7T9_FRATN	rlm	naive	0.147960631919794
-0.811129914877587	0.222493324431643	5.34144597495515	-3.64563708574003	0.0131954194739454	0.147960631919794	tr|A0Q819|A0Q819_FRATN	rlm	naive	0.147960631919794
-0.418921889157543	0.11640420973969	5.48250504787913	-3.59885514531098	0.0132857667590107	0.147960631919794	tr|A0Q4U5|A0Q4U5_FRATN	rlm	naive	0.147960631919794
-0.39127704761253	0.11097131783337	5.7603059168	-3.52592953973977	0.0132953531310927	0.147960631919794	tr|A0Q7U7|A0Q7U7_FRATN	rlm	naive	0.147960631919794
-0.47341027442944	0.13678893045357	6.00043011697071	-3.46088146796445	0.0134512471095263	0.147960631919794	tr|A0Q721|A0Q721_FRATN	rlm	naive	0.147960631919794
0.558821804291678	0.161672571044419	6.00043011697071	3.45650347910991	0.0135234265501555	0.147960631919794	tr|A0Q6Z3|A0Q6Z3_FRATN	rlm	naive	0.147960631919794
-0.346206972204094	0.100348692475531	6.00043011697071	-3.45003969322783	0.0136307762309569	0.147960631919794	tr|A0Q6S7|A0Q6S7_FRATN	rlm	naive	0.147960631919794
-0.572702129924237	0.14463671404362	4.41958668687566	-3.95959029981502	0.0137257096844745	0.147960631919794	tr|A0Q6R4|A0Q6R4_FRATN	rlm	naive	0.147960631919794
-0.344830554359161	0.098017256311331	5.55891461789177	-3.51805964925074	0.014230615804633	0.151549155916026	tr|A0Q5W5|A0Q5W5_FRATN	rlm	naive	0.151549155916026
0.551853041240061	0.161388661634098	5.95635709562562	3.41940403775841	0.0143165585588757	0.151549155916026	tr|A0Q537|A0Q537_FRATN	rlm	naive	0.151549155916026
1.15603367540679	0.336149252420317	5.7274470763526	3.43904877694418	0.0148713833525031	0.156016744992778	tr|A0Q6M9|A0Q6M9_FRATN	rlm	naive	0.156016744992778
-0.465737818815854	0.136140094147774	5.72737332509269	-3.42101878018622	0.0151938254287053	0.157988892732112	sp|A0Q7J5|RL32_FRATN	rlm	naive	0.157988892732112
0.601561982357965	0.170567220912355	5.26391114482443	3.52683229016832	0.0154215674357194	0.158950366113774	tr|A0Q7U1|A0Q7U1_FRATN	rlm	naive	0.158950366113774
0.287050748081512	0.0862838169606647	6.00043011697071	3.32682023342076	0.0158675690503101	0.161827281768867	tr|A0Q4H5|A0Q4H5_FRATN	rlm	naive	0.161827281768867
-0.341398034352408	0.0979654009139714	5.25174411260303	-3.48488375658471	0.0162168547867511	0.161827281768867	tr|A0Q6D9|A0Q6D9_FRATN	rlm	naive	0.161827281768867
0.56063607353904	0.160942480213283	5.24717013045954	3.48345615648571	0.0162656095803015	0.161827281768867	tr|A0Q7W2|A0Q7W2_FRATN	rlm	naive	0.161827281768867
-0.352845324649394	0.106871331434327	5.95965408960138	-3.30159005145567	0.0165382112256722	0.161827281768867	sp|A0Q7L0|DNLJ_FRATN	rlm	naive	0.161827281768867
0.958675286797897	0.29174190460566	6.00043011697071	3.28603903540602	0.0166944212219014	0.161827281768867	tr|A0Q412|A0Q412_FRATN	rlm	naive	0.161827281768867
0.407422592810222	0.124075621804875	6.00043011697071	3.28366351813208	0.0167440220281616	0.161827281768867	sp|A0Q5K6|UPP_FRATN	rlm	naive	0.161827281768867
-1.20239135731033	0.362882179027784	5.85003857912742	-3.31344834990718	0.0167501855842315	0.161827281768867	tr|A0Q6P4|A0Q6P4_FRATN	rlm	naive	0.161827281768867
0.433944404158738	0.1322649152983	6.00043011697071	3.28087311121059	0.0168024922347249	0.161827281768867	tr|A0Q7G9|A0Q7G9_FRATN	rlm	naive	0.161827281768867
-0.324310628808488	0.0998678899068655	6.00043011697071	-3.24739642652841	0.0175216863791499	0.167026327948755	sp|A0Q804|MURQ_FRATN	rlm	naive	0.167026327948755
-0.345564281948541	0.10695683809853	6.00043011697071	-3.23087600654577	0.0178889730962185	0.167026327948755	sp|A0Q4I5|RL23_FRATN	rlm	naive	0.167026327948755
-0.522154869371084	0.160568365027284	5.8795509031526	-3.25191621202817	0.0179360045321857	0.167026327948755	tr|A0Q675|A0Q675_FRATN	rlm	naive	0.167026327948755
0.291904955583234	0.0891252257991677	5.75327321141013	3.27522262037243	0.0179839387262116	0.167026327948755	sp|A0Q562|PSD_FRATN	rlm	naive	0.167026327948755
1.67223860262122	0.456899341476107	4.42207838103625	3.65997157539931	0.0181144398255302	0.167026327948755	tr|A0Q7D7|A0Q7D7_FRATN	rlm	naive	0.167026327948755
-0.362369903454154	0.103737529806623	4.85894179423993	-3.49314181790956	0.0182453986110808	0.167026327948755	sp|A0Q867|RPOB_FRATN	rlm	naive	0.167026327948755
-0.545092567697253	0.169747102630329	6.00043011697071	-3.21120395724422	0.0183373585577782	0.167026327948755	sp|A0Q7R6|RPOA2_FRATN	rlm	naive	0.167026327948755
0.495894319956611	0.154907982394257	6.00043011697071	3.20121863503785	0.0185696465298262	0.16759509847241	tr|A0Q440|A0Q440_FRATN	rlm	naive	0.16759509847241
-0.354516250168284	0.106359722601407	5.34592968477266	-3.33318141019291	0.0187191183031922	0.16759509847241	tr|A0Q434|A0Q434_FRATN	rlm	naive	0.16759509847241
0.6552139757312	0.205377917884257	6.00043011697071	3.19028443992919	0.0188277046794537	0.16759509847241	tr|A0Q603|A0Q603_FRATN	rlm	naive	0.16759509847241
0.425051143656353	0.133756189623622	6.00043011697071	3.17780541485527	0.0191270216347604	0.167793943273535	tr|A0Q4M5|A0Q4M5_FRATN	rlm	naive	0.167793943273535
-0.467194861940138	0.139869096397826	5.24057843966543	-3.34022935710765	0.0191356497009819	0.167793943273535	sp|A0Q6H4|RS6_FRATN	rlm	naive	0.167793943273535
-0.316586399442156	0.0995099228272396	5.91781788587229	-3.18145558199041	0.0194037771538192	0.168884727079538	sp|A0Q870|RL1_FRATN	rlm	naive	0.168884727079538
1.355505245696	0.425577710375284	5.75843898594329	3.18509454947884	0.0200548148445843	0.170190976491215	tr|A0Q8E5|A0Q8E5_FRATN	rlm	naive	0.170190976491215
0.298227617335979	0.0950337049046943	5.90823933258875	3.13812470675599	0.0205337303377052	0.170190976491215	tr|A0Q743|A0Q743_FRATN	rlm	naive	0.170190976491215
-0.374250137674367	0.112429401816617	5.03632629997357	-3.32875681652032	0.0205815598854835	0.170190976491215	sp|A0Q8F5|RIMP_FRATN	rlm	naive	0.170190976491215
-0.312618130852453	0.0994859001869349	5.86881497281793	-3.14233605229526	0.0206092874349539	0.170190976491215	sp|A0Q6A6|SYFA_FRATN	rlm	naive	0.170190976491215
-0.304269606229453	0.097616611052583	6.00043011697071	-3.11698596118597	0.0206621275047092	0.170190976491215	tr|A0Q6K4|A0Q6K4_FRATN	rlm	naive	0.170190976491215
-0.496764475711249	0.148643875898244	4.93837625541548	-3.34197741218291	0.0208977138956363	0.170190976491215	tr|A0Q7R8|A0Q7R8_FRATN	rlm	naive	0.170190976491215
-0.39262730423001	0.121795644501874	5.39724685315482	-3.22365636173442	0.0209620157749361	0.170190976491215	sp|A0Q4K8|RPOA1_FRATN	rlm	naive	0.170190976491215
0.287352263618806	0.0903735333068781	5.60224571255862	3.179606385899	0.0209693512668667	0.170190976491215	tr|A0Q7H6|A0Q7H6_FRATN	rlm	naive	0.170190976491215
-0.689195939328971	0.22214225149154	6.00043011697071	-3.10249821770271	0.0210472977865435	0.170190976491215	tr|A0Q6J9|A0Q6J9_FRATN	rlm	naive	0.170190976491215
0.623418900467665	0.193422939285911	5.37025521198934	3.2230866864563	0.0211256920891827	0.170190976491215	tr|A0Q7L6|A0Q7L6_FRATN	rlm	naive	0.170190976491215
0.414446361199203	0.127127265458075	5.18968701428822	3.2600902702173	0.0212615930672078	0.170190976491215	tr|A0Q8N6|A0Q8N6_FRATN	rlm	naive	0.170190976491215
-0.394800815511632	0.127903025792149	5.9428990209471	-3.08671990413431	0.0217447835971549	0.170190976491215	tr|A0Q6D6|A0Q6D6_FRATN	rlm	naive	0.170190976491215
-0.343266646329731	0.111599322017247	6.00043011697071	-3.07588469288982	0.0217753804776237	0.170190976491215	sp|A0Q6S9|CLPP_FRATN	rlm	naive	0.170190976491215
-0.324981926974695	0.105770667698465	6.00043011697071	-3.07251465880092	0.0218695153208002	0.170190976491215	sp|A0Q4J9|RL18_FRATN	rlm	naive	0.170190976491215
-0.482046422540351	0.154643698732402	5.6818123787893	-3.11714235039406	0.0222021139780658	0.170190976491215	tr|A0Q777|A0Q777_FRATN	rlm	naive	0.170190976491215
-0.29564916611479	0.093447959555514	5.43106725401342	-3.16378407320019	0.0223017772668652	0.170190976491215	tr|A0Q4B3|A0Q4B3_FRATN	rlm	naive	0.170190976491215
0.552802876443103	0.181205552270641	6.00043011697071	3.05069502295084	0.0224898168175227	0.170190976491215	tr|A0Q7R7|A0Q7R7_FRATN	rlm	naive	0.170190976491215
-0.529998035109506	0.173930225144039	6.00043011697071	-3.04718765626039	0.0225912990201916	0.170190976491215	tr|A0Q561|A0Q561_FRATN	rlm	naive	0.170190976491215
-0.326876459238432	0.107398716213368	6.00043011697071	-3.04357883188314	0.0226962365734923	0.170190976491215	sp|A0Q6L9|HSLU_FRATN	rlm	naive	0.170190976491215
0.465781973845665	0.15305942869678	5.99565946685359	3.04314459952941	0.0227316091858478	0.170190976491215	tr|A0Q8D2|A0Q8D2_FRATN	rlm	naive	0.170190976491215
-0.470590340172899	0.153051880254891	5.80930633967608	-3.07471126384846	0.022734475496345	0.170190976491215	tr|A0Q477|A0Q477_FRATN	rlm	naive	0.170190976491215
-0.368106748282947	0.115264770839555	5.2053552767788	-3.19357550101183	0.0228428212218876	0.170190976491215	tr|A0Q6K6|A0Q6K6_FRATN	rlm	naive	0.170190976491215
-0.499013496250227	0.161956311985389	5.73828929236787	-3.08116114854015	0.022913384374623	0.170190976491215	tr|A0Q4R2|A0Q4R2_FRATN	rlm	naive	0.170190976491215
-0.608985126481276	0.182390582893787	4.59751019987278	-3.33890663004192	0.0233703270092619	0.170190976491215	sp|A0Q414|ORN_FRATN	rlm	naive	0.170190976491215
0.406349004660305	0.134609309019054	6.00043011697071	3.01872885034114	0.0234333647788566	0.170190976491215	tr|A0Q6V9|A0Q6V9_FRATN	rlm	naive	0.170190976491215
-0.341556664684348	0.112816378706054	5.94573671748006	-3.02754501254009	0.0234345970609301	0.170190976491215	sp|A0Q556|SYM_FRATN	rlm	naive	0.170190976491215
-0.463160915780807	0.153481749876601	6.00043011697071	-3.01769373983023	0.0234646282481505	0.170190976491215	tr|A0Q7Z8|A0Q7Z8_FRATN	rlm	naive	0.170190976491215
-0.653621477962773	0.21538510555447	5.85046798501539	-3.03466424142998	0.0236971879856697	0.17082328762676	sp|A0Q6Q2|LIPA_FRATN	rlm	naive	0.17082328762676
-0.402131008129585	0.124696618685422	4.92415434743268	-3.22487499957043	0.0238535671068044	0.170902081405458	tr|A0Q761|A0Q761_FRATN	rlm	naive	0.170902081405458
-0.360754128190614	0.119988010256584	5.92649878928237	-3.00658480309135	0.0241684402183519	0.172108589433718	tr|A0Q676|A0Q676_FRATN	rlm	naive	0.172108589433718
-0.2979896907676	0.10019397536723	6.00043011697071	-2.97412783229142	0.0248223810827183	0.175700588989121	tr|A0Q520|A0Q520_FRATN	rlm	naive	0.175700588989121
-0.863488179713744	0.276408310589841	5.14965415983283	-3.12395881972979	0.0251163307381371	0.175739525367709	tr|A0Q6D8|A0Q6D8_FRATN	rlm	naive	0.175739525367709
-1.05503814699839	0.350161061917274	5.70541980591723	-3.01300818892205	0.0251270129887448	0.175739525367709	tr|A0Q7J4|A0Q7J4_FRATN	rlm	naive	0.175739525367709
-0.346970810202747	0.114318733438134	5.55407567111888	-3.03511769040476	0.0252878336012893	0.17581777799713	tr|A0Q5L2|A0Q5L2_FRATN	rlm	naive	0.17581777799713
1.05514580123264	0.341850288178969	5.26284615054222	3.08657280019678	0.0254849109207211	0.176145707834396	tr|A0Q8N7|A0Q8N7_FRATN	rlm	naive	0.176145707834396
0.845556743349585	0.28744955811921	6.00043011697071	2.94158303419245	0.0258921706925691	0.177652705053087	tr|A0Q5H0|A0Q5H0_FRATN	rlm	naive	0.177652705053087
0.701093223207271	0.237547576234758	5.91460739671256	2.95138024272834	0.0260053321439413	0.177652705053087	tr|A0Q763|A0Q763_FRATN	rlm	naive	0.177652705053087
-2.10564337616128	0.684056474114856	5.18448134071556	-3.07817184083508	0.0262482716146718	0.178275833221037	tr|A0Q5E8|A0Q5E8_FRATN	rlm	naive	0.178275833221037
0.457469371220651	0.154323576815888	5.70661490822713	2.96435179030632	0.0266991810632916	0.179357696783683	tr|A0Q601|A0Q601_FRATN	rlm	naive	0.179357696783683
-0.50854131684144	0.16712877001537	5.28137335200572	-3.04281134118723	0.0267128484571443	0.179357696783683	tr|A0Q4T8|A0Q4T8_FRATN	rlm	naive	0.179357696783683
-0.530769808441856	0.167327098713345	4.7086149105284	-3.17204931253328	0.0269121028530252	0.179668868479003	sp|A0Q4K6|RS11_FRATN	rlm	naive	0.179668868479003
0.276462642209762	0.0951493855102861	6.00043011697071	2.90556413714174	0.0271346235069853	0.180130975258235	tr|A0Q8P2|A0Q8P2_FRATN	rlm	naive	0.180130975258235
-0.318238240147475	0.110403936099453	6.00043011697071	-2.88248998532807	0.0279643115525516	0.184217217755672	tr|A0Q872|A0Q872_FRATN	rlm	naive	0.184217217755672
0.371338188591064	0.123040364101415	5.1853104660297	3.01801925980155	0.0281550329094905	0.184217217755672	tr|A0Q5G7|A0Q5G7_FRATN	rlm	naive	0.184217217755672
-0.425170027144031	0.144065204442953	5.51038702736148	-2.95123328903747	0.0283054737579288	0.184217217755672	sp|A0Q6N0|RL25_FRATN	rlm	naive	0.184217217755672
0.793535262878874	0.270594756341706	5.60638570395232	2.93255964604429	0.0283772905649163	0.184217217755672	tr|A0Q5U2|A0Q5U2_FRATN	rlm	naive	0.184217217755672
0.706573272613001	0.242919258052122	5.72178673913881	2.90867541041722	0.0285516171574436	0.184330495384595	tr|A0Q852|A0Q852_FRATN	rlm	naive	0.184330495384595
-0.907938017992455	0.320213802686384	6.00043011697071	-2.83541187286572	0.0297432472297263	0.18889960844964	tr|A0Q7E3|A0Q7E3_FRATN	rlm	naive	0.18889960844964
-0.695701411525307	0.242129339254032	5.73034201377857	-2.87326357751056	0.0298131501825947	0.18889960844964	sp|A0Q6C2|TRUA_FRATN	rlm	naive	0.18889960844964
-0.290022497396111	0.102401229008184	6.00043011697071	-2.83221695877235	0.0298683141431402	0.18889960844964	tr|A0Q863|A0Q863_FRATN	rlm	naive	0.18889960844964
0.569251720441347	0.191403209409937	5.14196767854317	2.97409704986792	0.0299572348949249	0.18889960844964	tr|A0Q668|A0Q668_FRATN	rlm	naive	0.18889960844964
-0.255524282296618	0.090636969955312	6.00043011697071	-2.81920592030606	0.0303835163495862	0.18889960844964	tr|A0Q8F4|A0Q8F4_FRATN	rlm	naive	0.18889960844964
-0.547487192659947	0.18895788782894	5.47746587843522	-2.89740322010572	0.0304621920475967	0.18889960844964	sp|A0Q5Q3|RL27_FRATN	rlm	naive	0.18889960844964
-0.373750664756923	0.125272210028688	5.013754279655	-2.98350819125273	0.0305711530046826	0.18889960844964	tr|A0Q6N9|A0Q6N9_FRATN	rlm	naive	0.18889960844964
-0.415146182831376	0.136504067432294	4.76207177052007	-3.04127335280532	0.0305725759372513	0.18889960844964	sp|A0Q4K2|RL15_FRATN	rlm	naive	0.18889960844964
-0.497292272506204	0.176872889399528	5.99746495759339	-2.8115799668026	0.0307062342245798	0.18889960844964	sp|A0Q868|RL7_FRATN	rlm	naive	0.18889960844964
0.370263843346718	0.12919330130553	5.596293865646	2.86596781415994	0.0309073250508292	0.189146390285022	tr|A0Q616|A0Q616_FRATN	rlm	naive	0.189146390285022
-0.470847737783233	0.168424108226515	6.00043011697071	-2.79560772350943	0.031342494077478	0.189855080273293	tr|A0Q4W9|A0Q4W9_FRATN	rlm	naive	0.189855080273293
-0.237283035627931	0.0848798712343181	6.00043011697071	-2.79551597071691	0.0313462855940585	0.189855080273293	sp|A0Q4T9|ISPH_FRATN	rlm	naive	0.189855080273293
-0.358140854596833	0.128331241698316	6.00043011697071	-2.79075344286591	0.0315437665780105	0.190071413995704	tr|A0Q4E3|A0Q4E3_FRATN	rlm	naive	0.190071413995704
-0.304793727111443	0.10559864386992	5.34267766278326	-2.88634130081158	0.0317832462931921	0.190537318339289	sp|A0Q4J8|RL6_FRATN	rlm	naive	0.190537318339289
-0.35531370544872	0.128328911907755	6.00043011697071	-2.7687736159107	0.032472644368451	0.193682015903198	tr|A0Q741|A0Q741_FRATN	rlm	naive	0.193682015903198
0.347862770718498	0.126007851437538	6.00043011697071	2.76064361664744	0.0328236229820474	0.194532649080272	tr|A0Q4T2|A0Q4T2_FRATN	rlm	naive	0.194532649080272
-0.431770002045438	0.156556644573304	5.99971249650258	-2.75791553416484	0.0329463805676375	0.194532649080272	sp|A0Q549|UBIE_FRATN	rlm	naive	0.194532649080272
-0.376467761916818	0.132403415379614	5.3923197648674	-2.84333875253479	0.0331487050140962	0.194748641957815	sp|A0Q5Q9|Y682_FRATN	rlm	naive	0.194748641957815
0.297016018244397	0.107568031006137	5.90861370688462	2.76119229353051	0.0333292202676591	0.194834994101987	tr|A0Q5X6|A0Q5X6_FRATN	rlm	naive	0.194834994101987
-0.583991786801111	0.215150658857647	6.00043011697071	-2.71433882611304	0.0349017448951647	0.202168735337389	tr|A0Q4R9|A0Q4R9_FRATN	rlm	naive	0.202168735337389
0.291215208501721	0.107353207540792	6.00043011697071	2.71268288272677	0.0349786238017384	0.202168735337389	tr|A0Q7G6|A0Q7G6_FRATN	rlm	naive	0.202168735337389
-0.327079881591065	0.120690217690477	6.00043011697071	-2.71007781616483	0.035099933624534	0.202168735337389	tr|A0Q7M0|A0Q7M0_FRATN	rlm	naive	0.202168735337389
-0.288417039010635	0.106675223149462	6.00043011697071	-2.70369285852382	0.0353991682203696	0.202221480030457	sp|A0Q4K9|RL17_FRATN	rlm	naive	0.202221480030457
-0.282724734330394	0.104772037105528	6.00043011697071	-2.69847510978171	0.0356457261946158	0.202221480030457	tr|A0Q879|A0Q879_FRATN	rlm	naive	0.202221480030457
0.343575467377636	0.127391957150748	6.00043011697071	2.69699496783042	0.0357160021564155	0.202221480030457	tr|A0Q742|A0Q742_FRATN	rlm	naive	0.202221480030457
0.457360355008846	0.169738550705036	6.00043011697071	2.69449899924989	0.0358348443711355	0.202221480030457	tr|A0Q7U9|A0Q7U9_FRATN	rlm	naive	0.202221480030457
-1.31286815557564	0.478172719906757	5.58776892745268	-2.74559401011343	0.0360424962748248	0.202221480030457	tr|A0Q637|A0Q637_FRATN	rlm	naive	0.202221480030457
1.03068139140481	0.365456083881167	5.11802434638102	2.82026059180327	0.0361417113245923	0.202221480030457	tr|A0Q6Y9|A0Q6Y9_FRATN	rlm	naive	0.202221480030457
-0.351222680928348	0.131103445176742	5.99637522809871	-2.6789736948168	0.0366077190380094	0.203858151041048	sp|A0Q4I6|RL2_FRATN	rlm	naive	0.203858151041048
0.364592070739232	0.136256267442954	5.95005652032955	2.67578202149031	0.0370422284356699	0.205304803829774	tr|A0Q411|A0Q411_FRATN	rlm	naive	0.205304803829774
-0.340659237060737	0.128379700475025	6.00043011697071	-2.65352883516821	0.0378471423013959	0.208738184163256	tr|A0Q6G8|A0Q6G8_FRATN	rlm	naive	0.208738184163256
0.370074454957946	0.139731383900267	6.00043011697071	2.6484705484781	0.0381038260386785	0.208738184163256	tr|A0Q850|A0Q850_FRATN	rlm	naive	0.208738184163256
1.45280026389063	0.544066452842773	5.80921339388822	2.67026253190153	0.0381946464639149	0.208738184163256	tr|A0Q887|A0Q887_FRATN	rlm	naive	0.208738184163256
-0.30248471525155	0.11433513666711	5.8659126746654	-2.64559718096321	0.0390854182972914	0.212441490942118	tr|A0Q728|A0Q728_FRATN	rlm	naive	0.212441490942118
-0.329274219677994	0.120747344367079	5.2379579390202	-2.72696862530558	0.0394610734727086	0.212441490942118	tr|A0Q606|A0Q606_FRATN	rlm	naive	0.212441490942118
0.466469964196368	0.167040916386091	4.86160464587577	2.79254912082851	0.0395340903781355	0.212441490942118	tr|A0Q5U8|A0Q5U8_FRATN	rlm	naive	0.212441490942118
-0.326742402203317	0.124868156016259	6.00043011697071	-2.61669918598599	0.0397590724967604	0.212441490942118	tr|A0Q483|A0Q483_FRATN	rlm	naive	0.212441490942118
-0.437911336540018	0.151690351061203	4.41129347962048	-2.88687667657473	0.0397762791551199	0.212441490942118	sp|A0Q5I8|RS15_FRATN	rlm	naive	0.212441490942118
1.92018544344399	0.708179642045359	5.22192332933272	2.7114383546781	0.0403471678739699	0.214348551241846	sp|A0Q6M6|PTH_FRATN	rlm	naive	0.214348551241846
0.274853779676814	0.105974971561764	6.00043011697071	2.59357257309218	0.0410119739940443	0.214348551241846	tr|A0Q3V0|A0Q3V0_FRATN	rlm	naive	0.214348551241846
-0.28302471210083	0.109152533817044	6.00043011697071	-2.59292846628024	0.0410474639526241	0.214348551241846	tr|A0Q4K3|A0Q4K3_FRATN	rlm	naive	0.214348551241846
-0.705527247643779	0.272263806780792	5.98222291843615	-2.59133689485148	0.041249189050611	0.214348551241846	sp|A0Q860|RIMM_FRATN	rlm	naive	0.214348551241846
-0.314627420478071	0.121726606563747	6.00043011697071	-2.5847054260344	0.0415034268683867	0.214348551241846	tr|A0Q600|A0Q600_FRATN	rlm	naive	0.214348551241846
0.268379326291353	0.0991919184008553	5.11315479644751	2.70565718072692	0.0415240657625092	0.214348551241846	tr|A0Q4N1|A0Q4N1_FRATN	rlm	naive	0.214348551241846
0.530035060566051	0.205110983910182	6.00043011697071	2.58413786751739	0.0415350954616121	0.214348551241846	tr|A0Q7H2|A0Q7H2_FRATN	rlm	naive	0.214348551241846
-0.249304511426157	0.096513467272947	6.00043011697071	-2.58310594853157	0.0415927401558646	0.214348551241846	tr|A0Q4B2|A0Q4B2_FRATN	rlm	naive	0.214348551241846
-0.408407584319934	0.157749601253045	5.8947262377792	-2.58896111987509	0.0419396432329769	0.215192492570951	tr|A0Q4Y8|A0Q4Y8_FRATN	rlm	naive	0.215192492570951
0.314188111423873	0.119216118249991	5.47227068854162	2.63544993777631	0.042334026593584	0.215882489797427	tr|A0Q7D4|A0Q7D4_FRATN	rlm	naive	0.215882489797427
0.963902070901082	0.375339007204761	6.00043011697071	2.56808392519469	0.0424415788452813	0.215882489797427	tr|A0Q8N9|A0Q8N9_FRATN	rlm	naive	0.215882489797427
0.26090463801382	0.101490827680958	5.91773852251329	2.57072135458376	0.0428204428761214	0.216870777497598	tr|A0Q7A1|A0Q7A1_FRATN	rlm	naive	0.216870777497598
-0.389257553508912	0.153318498882796	6.00043011697071	-2.53888184625705	0.0441446837848135	0.222618040545733	tr|A0Q408|A0Q408_FRATN	rlm	naive	0.222618040545733
0.579380827779357	0.228537206569545	6.00043011697071	2.53517069048032	0.0443662535159773	0.222779264449886	tr|A0Q8I9|A0Q8I9_FRATN	rlm	naive	0.222779264449886
-0.776459194871815	0.30711171170983	5.99746495759339	-2.52826305629608	0.0448009247719652	0.222885342872137	tr|A0Q7E4|A0Q7E4_FRATN	rlm	naive	0.222885342872137
0.307523199050506	0.11520525107078	4.95193025404853	2.66935053907889	0.0448184602995092	0.222885342872137	tr|A0Q7D2|A0Q7D2_FRATN	rlm	naive	0.222885342872137
-4.58679338944462	1.77703647185153	5.52264513456169	-2.58114758031136	0.044983000906377	0.222885342872137	tr|A0Q782|A0Q782_FRATN	rlm	naive	0.222885342872137
1.10468972746959	0.437975737184954	6.00043011697071	2.52226238505785	0.0451461375349521	0.222885342872137	tr|A0Q6Q3|A0Q6Q3_FRATN	rlm	naive	0.222885342872137
-0.408611967900985	0.160881299603353	5.80433880906207	-2.53983507659624	0.0453904560574624	0.223153915763675	tr|A0Q6M7|A0Q6M7_FRATN	rlm	naive	0.223153915763675
0.279341536219409	0.110291954887559	5.74429581606764	2.53274625972667	0.0462385391312467	0.226376181163395	tr|A0Q4L8|A0Q4L8_FRATN	rlm	naive	0.226376181163395
0.246798170032825	0.0989183277130587	6.00043011697071	2.49496908953753	0.046843236878048	0.228385076065172	sp|A0Q7M7|GLO2_FRATN	rlm	naive	0.228385076065172
-0.209911749325229	0.0845415977604295	6.00043011697071	-2.48294040905246	0.0476124478125856	0.230471549428222	sp|A0Q8F3|IF2_FRATN	rlm	naive	0.230471549428222
-0.335947383765807	0.135440383961348	6.00043011697071	-2.48040779227028	0.0477760953431531	0.230471549428222	tr|A0Q6W5|A0Q6W5_FRATN	rlm	naive	0.230471549428222
0.295018626839763	0.118172186629903	5.83009252467879	2.49651491821604	0.0478962396837268	0.230471549428222	tr|A0Q8C1|A0Q8C1_FRATN	rlm	naive	0.230471549428222
-2.99441899497402	1.21065622194612	6.00043011697071	-2.47338504580641	0.0482329869767214	0.230471549428222	tr|A0Q705|A0Q705_FRATN	rlm	naive	0.230471549428222
-0.281216784938164	0.113754291541237	6.00043011697071	-2.47214220341058	0.0483143233943634	0.230471549428222	tr|A0Q6L8|A0Q6L8_FRATN	rlm	naive	0.230471549428222
-0.317084750276138	0.125184404879339	5.44759420940292	-2.53294130831844	0.0484480618798049	0.230471549428222	tr|A0Q4U4|A0Q4U4_FRATN	rlm	naive	0.230471549428222
-0.567381540763039	0.230039110043451	6.00043011697071	-2.46645685881792	0.0486882415299036	0.230680176603374	tr|A0Q6Z9|A0Q6Z9_FRATN	rlm	naive	0.230680176603374
1.45631778479641	0.543085693649666	4.47199640454088	2.68156167953827	0.0490607985944974	0.231511800596524	tr|A0Q645|A0Q645_FRATN	rlm	naive	0.231511800596524
-2.24247690126006	0.812700918262461	4.00043011697071	-2.75928924265821	0.0508806506568507	0.239139058087198	tr|A0Q3Z9|A0Q3Z9_FRATN	rlm	naive	0.239139058087198
-0.346322483426892	0.14286669389713	6.00043011697071	-2.42409531556921	0.0515720377832323	0.240609874024332	sp|A0Q871|RL11_FRATN	rlm	naive	0.240609874024332
1.06602187184056	0.410321403378947	4.6752214308823	2.59801673288792	0.0516031389396864	0.240609874024332	tr|A0Q7A2|A0Q7A2_FRATN	rlm	naive	0.240609874024332
0.376106563052916	0.145197818074114	4.68809747978854	2.59030451036763	0.0519296374489949	0.241175193686043	tr|A0Q7V0|A0Q7V0_FRATN	rlm	naive	0.241175193686043
-1.20186235973695	0.500779068870629	6.00043011697071	-2.39998521193673	0.0532929989988131	0.246363457480904	tr|A0Q6R0|A0Q6R0_FRATN	rlm	naive	0.246363457480904
-0.264475487935143	0.110507890870502	6.00043011697071	-2.39327242472727	0.0537827973313072	0.246363457480904	sp|A0Q6H3|RS18_FRATN	rlm	naive	0.246363457480904
0.230354904456921	0.0956921524275498	5.81866991922141	2.40724969198834	0.0540527114729113	0.246363457480904	tr|A0Q4C4|A0Q4C4_FRATN	rlm	naive	0.246363457480904
-0.370989958849791	0.155808534959687	5.99746495759339	-2.38106313589162	0.0547063164860744	0.246363457480904	sp|A0Q8I1|GATB_FRATN	rlm	naive	0.246363457480904
-0.307101995507861	0.127702549379776	5.71628006689278	-2.4048227462912	0.0549914857039982	0.246363457480904	sp|A0Q4H9|RS12_FRATN	rlm	naive	0.246363457480904
0.228084993226835	0.0959861211650465	6.00043011697071	2.37622888036747	0.0550476860460284	0.246363457480904	tr|A0Q7H4|A0Q7H4_FRATN	rlm	naive	0.246363457480904
-0.19961669517785	0.08411426254525	6.00043011697071	-2.3731610922757	0.0552786504495041	0.246363457480904	tr|A0Q717|A0Q717_FRATN	rlm	naive	0.246363457480904
-0.510389601238705	0.21523479009542	6.00043011697071	-2.37131553413105	0.0554180851841401	0.246363457480904	tr|A0Q6R1|A0Q6R1_FRATN	rlm	naive	0.246363457480904
-0.671005850177419	0.277172100909898	5.50505418789652	-2.42089967920525	0.0554866358025951	0.246363457480904	tr|A0Q460|A0Q460_FRATN	rlm	naive	0.246363457480904
-0.440421692830117	0.1858367550364	6.00043011697071	-2.36993856647923	0.0555223568457264	0.246363457480904	tr|A0Q576|A0Q576_FRATN	rlm	naive	0.246363457480904
0.344935739310457	0.138986124189909	5.02011475096888	2.48179982945017	0.0555226656605591	0.246363457480904	tr|A0Q630|A0Q630_FRATN	rlm	naive	0.246363457480904
-0.270806287968679	0.114292953950893	6.00043011697071	-2.36940492486556	0.0555628223254804	0.246363457480904	sp|A0Q4I3|RL3_FRATN	rlm	naive	0.246363457480904
0.353082196057463	0.142905881938639	5.05291573346457	2.47073242379953	0.0559666532578103	0.247221118714012	tr|A0Q504|A0Q504_FRATN	rlm	naive	0.247221118714012
-0.351119246243186	0.140086843297382	4.79040817953888	-2.50643984815773	0.0561805227757066	0.247236383001705	sp|A0Q6B9|DXS_FRATN	rlm	naive	0.247236383001705
0.230114699974274	0.0976695400673125	6.00043011697071	2.35605389168089	0.0565853191560087	0.247673654886055	tr|A0Q8K7|A0Q8K7_FRATN	rlm	naive	0.247673654886055
0.26172839316496	0.110839336639834	5.92657835442867	2.36133128453693	0.0567014580122118	0.247673654886055	tr|A0Q7T4|A0Q7T4_FRATN	rlm	naive	0.247673654886055
0.286451146107062	0.120816831076245	5.74537507029942	2.3709539768204	0.0573025085151742	0.248508853283339	tr|A0Q651|A0Q651_FRATN	rlm	naive	0.248508853283339
-0.320151736987438	0.129991822098631	4.97091114203797	-2.46286060014239	0.0573156589274765	0.248508853283339	tr|A0Q6C9|A0Q6C9_FRATN	rlm	naive	0.248508853283339
-0.574033840615224	0.245219329208648	6.00043011697071	-2.34089964468829	0.0577697814422211	0.24930267654896	sp|A0Q5S7|AEEP_FRATN	rlm	naive	0.24930267654896
-0.436550761294139	0.186642952730731	6.00043011697071	-2.33896193189758	0.0579230899556307	0.24930267654896	sp|A0Q4K4|RL36_FRATN	rlm	naive	0.24930267654896
-1.81064306874235	0.769411355157645	5.79629200596568	-2.3532835285117	0.0582840478179447	0.249940716007609	tr|A0Q8Q4|A0Q8Q4_FRATN	rlm	naive	0.249940716007609
0.396598539634428	0.155850994860196	4.35583912231136	2.54472895723375	0.0586887388840343	0.250760975231783	tr|A0Q7B0|A0Q7B0_FRATN	rlm	naive	0.250760975231783
0.339050785444776	0.144979284879849	5.81526902643354	2.33861538029908	0.0593006612225568	0.252457525132262	tr|A0Q8K8|A0Q8K8_FRATN	rlm	naive	0.252457525132262
0.273418646828051	0.115945363728395	5.56065666349027	2.35816800289264	0.0597547713205737	0.253472405421206	tr|A0Q5E1|A0Q5E1_FRATN	rlm	naive	0.253472405421206
0.710685417599684	0.307314929284069	6.00043011697071	2.31256392019523	0.0600544402348722	0.253827220417176	tr|A0Q7L9|A0Q7L9_FRATN	rlm	naive	0.253827220417176
-0.226042609310771	0.0985412806268232	6.00043011697071	-2.29388747409116	0.0616115831686032	0.259132101421112	tr|A0Q6Q5|A0Q6Q5_FRATN	rlm	naive	0.259132101421112
0.231677881231423	0.100495125886624	5.83919093694251	2.30536435660369	0.0618370706039753	0.259132101421112	tr|A0Q577|A0Q577_FRATN	rlm	naive	0.259132101421112
0.298861176231351	0.126003555872523	5.18701711554893	2.37184716067622	0.0619711663824106	0.259132101421112	tr|A0Q6Q4|A0Q6Q4_FRATN	rlm	naive	0.259132101421112
0.499351375940413	0.219421519173757	5.82974780901786	2.27576300547342	0.0644371554401813	0.268488147667422	tr|A0Q5S0|A0Q5S0_FRATN	rlm	naive	0.268488147667422
0.267412745265324	0.118617940601802	6.00043011697071	2.25440387776604	0.0650431991834599	0.270055685655708	tr|A0Q652|A0Q652_FRATN	rlm	naive	0.270055685655708
-0.36628159456718	0.163695894009796	6.00043011697071	-2.23757350044015	0.0665656617535996	0.275403706198872	tr|A0Q6T8|A0Q6T8_FRATN	rlm	naive	0.275403706198872
-0.231015401575443	0.103930129406721	6.00043011697071	-2.22279528462228	0.0679328873220828	0.279160507623614	tr|A0Q8H3|A0Q8H3_FRATN	rlm	naive	0.279160507623614
-2.52112020680333	1.08913217919811	5.05313714974199	-2.31479728076674	0.0679488554726413	0.279160507623614	tr|A0Q7U5|A0Q7U5_FRATN	rlm	naive	0.279160507623614
0.225336285634825	0.101893478540805	6.00043011697071	2.21148879066471	0.0689984985180723	0.281891103096559	tr|A0Q5V6|A0Q5V6_FRATN	rlm	naive	0.281891103096559
0.245623095884978	0.11110530638982	5.99746495759339	2.21072335666123	0.0690933086738799	0.281891103096559	tr|A0Q6Y2|A0Q6Y2_FRATN	rlm	naive	0.281891103096559
-0.271384098674158	0.122315603250334	5.84333501979032	-2.21872019155837	0.0695112024270326	0.282614750352122	sp|A0Q4I0|RS7_FRATN	rlm	naive	0.282614750352122
-0.219433761617046	0.0965460200835791	5.21744202540027	-2.27284109098525	0.0699815408651926	0.282957715342584	sp|A0Q467|SECB1_FRATN	rlm	naive	0.282957715342584
0.266004967074521	0.121108928000237	5.99351216337305	2.19641087958437	0.070498216688939	0.282957715342584	sp|A0Q6Y1|ISPF_FRATN	rlm	naive	0.282957715342584
0.237740196017437	0.1086089792018	6.00043011697071	2.1889552573338	0.0711739902720723	0.282957715342584	tr|A0Q5E3|A0Q5E3_FRATN	rlm	naive	0.282957715342584
-0.378765120511538	0.170597877719657	5.60315229083658	-2.22022176110515	0.0713305085564594	0.282957715342584	sp|A0Q4K0|RS5_FRATN	rlm	naive	0.282957715342584
-0.526088287245845	0.230730304655461	5.01524392259903	-2.28010051835813	0.0713688569627554	0.282957715342584	tr|A0Q4X4|A0Q4X4_FRATN	rlm	naive	0.282957715342584
0.313435545137425	0.138778973818774	5.19197449565342	2.25852329436251	0.0715256188721764	0.282957715342584	tr|A0Q7M8|A0Q7M8_FRATN	rlm	naive	0.282957715342584
-0.222929206754797	0.102128082980464	6.00043011697071	-2.18283943308171	0.0717765523887435	0.282957715342584	tr|A0Q6E4|A0Q6E4_FRATN	rlm	naive	0.282957715342584
0.775958634299873	0.355703399849042	5.99746495759339	2.18147657466638	0.0719338283249221	0.282957715342584	tr|A0Q634|A0Q634_FRATN	rlm	naive	0.282957715342584
-0.454563601735423	0.201337731914841	5.15298533793249	-2.25771690885883	0.0719858111160476	0.282957715342584	tr|A0Q787|A0Q787_FRATN	rlm	naive	0.282957715342584
-0.436640820628369	0.19914442765026	5.84624764582043	-2.19258367296726	0.0720037079893044	0.282957715342584	tr|A0Q4F8|A0Q4F8_FRATN	rlm	naive	0.282957715342584
-0.220101215981365	0.101323367288868	6.00043011697071	-2.17226511386922	0.0728308081506616	0.285253998590091	tr|A0Q4D6|A0Q4D6_FRATN	rlm	naive	0.285253998590091
0.189007421649301	0.0872231976526534	6.00043011697071	2.1669398363722	0.0733677548929143	0.286402365445762	tr|A0Q7T0|A0Q7T0_FRATN	rlm	naive	0.286402365445762
-0.226428248570931	0.10539573962604	6.00043011697071	-2.14836244210945	0.0752729726087477	0.292866698063836	sp|A0Q5I2|PDXT_FRATN	rlm	naive	0.292866698063836
1.11539445173374	0.513940782803386	5.5814650690676	2.17027815082044	0.076432373512638	0.295306660957566	tr|A0Q8G1|A0Q8G1_FRATN	rlm	naive	0.295306660957566
0.347237981554761	0.162543550378485	6.00043011697071	2.13627659015822	0.0765396440873087	0.295306660957566	tr|A0Q7L5|A0Q7L5_FRATN	rlm	naive	0.295306660957566
0.284358399865079	0.131173235946556	5.57804940297474	2.16780807314181	0.0767143752924832	0.295306660957566	tr|A0Q7D3|A0Q7D3_FRATN	rlm	naive	0.295306660957566
-0.306073516107831	0.143359458456148	5.9544952367542	-2.13500747982705	0.0770273005768379	0.295306660957566	tr|A0Q6D1|A0Q6D1_FRATN	rlm	naive	0.295306660957566
-0.557808739453516	0.261825137050254	6.00043011697071	-2.13046289496051	0.0771567190757216	0.295306660957566	tr|A0Q8E4|A0Q8E4_FRATN	rlm	naive	0.295306660957566
-0.270432226276707	0.126277374877211	5.71181065800124	-2.14157307704304	0.0782929723173658	0.298682605431509	tr|A0Q4A4|A0Q4A4_FRATN	rlm	naive	0.298682605431509
-0.395962118181883	0.187097747915108	6.00043011697071	-2.11633823813605	0.0786772498606368	0.29917724461569	tr|A0Q458|A0Q458_FRATN	rlm	naive	0.29917724461569
0.291878267573279	0.138168789073192	6.00043011697071	2.11247612091803	0.0790983246161266	0.299369031707257	tr|A0Q6S6|A0Q6S6_FRATN	rlm	naive	0.299369031707257
0.198702772873728	0.0929327339370441	5.64379720461465	2.13813544975807	0.0792372500944315	0.299369031707257	tr|A0Q885|A0Q885_FRATN	rlm	naive	0.299369031707257
0.325021763119752	0.154298551012109	6.00043011697071	2.10644728020967	0.0797602420905283	0.299788620048901	tr|A0Q7H1|A0Q7H1_FRATN	rlm	naive	0.299788620048901
-0.324126336685811	0.154200757377439	6.00043011697071	-2.10197629504791	0.0802547735877454	0.299788620048901	sp|A0Q4U9|RIMO_FRATN	rlm	naive	0.299788620048901
0.524630522155968	0.249697643935464	6.00043011697071	2.10106316538398	0.0803561586225165	0.299788620048901	tr|A0Q703|A0Q703_FRATN	rlm	naive	0.299788620048901
-0.262081130845497	0.121468105985202	5.27419704481967	-2.15761272244934	0.0805900272597614	0.299788620048901	sp|A0Q874|EFTU_FRATN	rlm	naive	0.299788620048901
0.191720162234506	0.0913994410774624	6.00043011697071	2.09760759994167	0.0807410166645188	0.299788620048901	tr|A0Q516|A0Q516_FRATN	rlm	naive	0.299788620048901
0.242261818228665	0.115651502495527	6.00043011697071	2.09475720592592	0.0810598909930349	0.299788620048901	tr|A0Q649|A0Q649_FRATN	rlm	naive	0.299788620048901
-0.307262778823424	0.146728273268799	6.00043011697071	-2.09409387828434	0.0811342818515323	0.299788620048901	tr|A0Q7N9|A0Q7N9_FRATN	rlm	naive	0.299788620048901
0.190009715980982	0.0909534428351234	6.00043011697071	2.08908767011078	0.0816979699111535	0.300393200625098	tr|A0Q772|A0Q772_FRATN	rlm	naive	0.300393200625098
-0.319870012528587	0.151379801706618	5.61733517590832	-2.11302967055349	0.0821860858193648	0.300393200625098	tr|A0Q8D6|A0Q8D6_FRATN	rlm	naive	0.300393200625098
0.84701509012667	0.391912276643955	5.06242241223771	2.16123643122353	0.0823820631345923	0.300393200625098	tr|A0Q6F8|A0Q6F8_FRATN	rlm	naive	0.300393200625098
-0.42083891743431	0.192567742390837	4.80912516611582	-2.18540713106649	0.0827204629470809	0.300393200625098	tr|A0Q677|A0Q677_FRATN	rlm	naive	0.300393200625098
0.284477122232978	0.13689363891818	6.00043011697071	2.07808868608576	0.082950502619253	0.300393200625098	tr|A0Q3X0|A0Q3X0_FRATN	rlm	naive	0.300393200625098
-0.218251766731409	0.105051203747362	6.00043011697071	-2.07757511523888	0.0830094626708372	0.300393200625098	tr|A0Q3W6|A0Q3W6_FRATN	rlm	naive	0.300393200625098
-0.192826123086461	0.0928434129734479	6.00043011697071	-2.07689610830665	0.0830874810239632	0.300393200625098	sp|A0Q4L4|NDK_FRATN	rlm	naive	0.300393200625098
-0.214844654724956	0.103876407617627	6.00043011697071	-2.06827189784815	0.0840849323944672	0.303066857556745	tr|A0Q5G0|A0Q5G0_FRATN	rlm	naive	0.303066857556745
0.212159819271165	0.102920567004314	6.00043011697071	2.06139380540211	0.0848891650304082	0.304441322880466	tr|A0Q594|A0Q594_FRATN	rlm	naive	0.304441322880466
1.28970168340965	0.626570681958699	6.00043011697071	2.05834987264	0.0852475758132121	0.304441322880466	sp|A0Q6W0|RNH_FRATN	rlm	naive	0.304441322880466
0.461910134076087	0.224414153667287	6.00043011697071	2.0582932338613	0.085254259364872	0.304441322880466	tr|A0Q6Y4|A0Q6Y4_FRATN	rlm	naive	0.304441322880466
0.226245105913398	0.110031155277369	6.00043011697071	2.05619131547854	0.0855026694047267	0.304441322880466	tr|A0Q404|A0Q404_FRATN	rlm	naive	0.304441322880466
0.363377012000174	0.176977964719733	5.99746495759339	2.05323308229715	0.0858767483822837	0.304849484438621	tr|A0Q7X6|A0Q7X6_FRATN	rlm	naive	0.304849484438621
0.449153178386083	0.216378033498582	5.62016415067857	2.07577992610338	0.0863740976468599	0.305691460045363	tr|A0Q5K5|A0Q5K5_FRATN	rlm	naive	0.305691460045363
0.292750829563793	0.143969411828181	6.00043011697071	2.03342380750414	0.0882409786433294	0.310383020651059	tr|A0Q7T3|A0Q7T3_FRATN	rlm	naive	0.310383020651059
-0.347364906375337	0.165965157232272	5.20272983644171	-2.0929989894758	0.0883807626246524	0.310383020651059	tr|A0Q7A3|A0Q7A3_FRATN	rlm	naive	0.310383020651059
-0.29191216220654	0.143758445636985	6.00043011697071	-2.03057400150018	0.0885899433052744	0.310383020651059	tr|A0Q4R5|A0Q4R5_FRATN	rlm	naive	0.310383020651059
0.190690585294411	0.0939723951414342	6.00043011697071	2.02921916598391	0.0887563361180902	0.310383020651059	tr|A0Q770|A0Q770_FRATN	rlm	naive	0.310383020651059
-0.221865648253483	0.109570845191296	5.99746495759339	-2.02486024330774	0.0893172251177751	0.311417624668801	sp|A0Q6H2|RL9_FRATN	rlm	naive	0.311417624668801
-0.171930119608286	0.0855482067303628	6.00043011697071	-2.00974545439845	0.0911832617628161	0.316983232459494	tr|A0Q8N5|A0Q8N5_FRATN	rlm	naive	0.316983232459494
0.202911519624079	0.101131351287513	6.00043011697071	2.00641558765697	0.0916049235859906	0.317509690895395	tr|A0Q7B7|A0Q7B7_FRATN	rlm	naive	0.317509690895395
-0.401101386244221	0.200504019322203	6.00043011697071	-2.00046556473097	0.0923632910213262	0.318767904643899	sp|A0Q481|HEM3_FRATN	rlm	naive	0.318767904643899
-0.258838462601734	0.127487890125274	5.54440442518091	-2.03029842557901	0.0925105153051657	0.318767904643899	tr|A0Q4X9|A0Q4X9_FRATN	rlm	naive	0.318767904643899
-0.186465907551294	0.0931466712084677	5.87034375964411	-2.00185261729829	0.0932408276643828	0.320022934944215	tr|A0Q7J0|A0Q7J0_FRATN	rlm	naive	0.320022934944215
0.388799228860056	0.195154789859789	6.00043011697071	1.99226075434476	0.0934194610092475	0.320022934944215	tr|A0Q465|A0Q465_FRATN	rlm	naive	0.320022934944215
0.272106176446134	0.13406334378042	5.40278608473005	2.02968364635012	0.0939268726755814	0.320825800563396	tr|A0Q3X8|A0Q3X8_FRATN	rlm	naive	0.320825800563396
0.298232134798855	0.150482265595312	6.00043011697071	1.98184240261828	0.0947781577493925	0.322795174943583	tr|A0Q4W1|A0Q4W1_FRATN	rlm	naive	0.322795174943583
0.538700259967911	0.272299496060564	5.8115621203044	1.97833733723875	0.0967952691908306	0.327804450569173	tr|A0Q572|A0Q572_FRATN	rlm	naive	0.327804450569173
-1.11798233060602	0.563349266322831	5.71567972059144	-1.98452788960473	0.096806931359577	0.327804450569173	tr|A0Q704|A0Q704_FRATN	rlm	naive	0.327804450569173
-0.370361989679458	0.18160700789958	4.9207719140904	-2.03935957077301	0.0978573570734799	0.328728117671285	tr|A0Q6Q6|A0Q6Q6_FRATN	rlm	naive	0.328728117671285
-0.222263578136448	0.113069921841222	5.85658828071441	-1.96571797801859	0.0980993638594005	0.328728117671285	tr|A0Q4N5|A0Q4N5_FRATN	rlm	naive	0.328728117671285
0.305655910623772	0.155811043274855	5.91251842547808	1.96170890201015	0.0981749689483845	0.328728117671285	sp|A0Q7Q5|TRMB_FRATN	rlm	naive	0.328728117671285
0.983347414880161	0.502897633953119	6.00043011697071	1.95536297745205	0.098321743484218	0.328728117671285	tr|A0Q683|A0Q683_FRATN	rlm	naive	0.328728117671285
-1.05549365349773	0.534750842463794	5.68718076192221	-1.97380456407451	0.0984785509959935	0.328728117671285	tr|A0Q536|A0Q536_FRATN	rlm	naive	0.328728117671285
0.24548150524853	0.125762709818584	6.00043011697071	1.95194191984765	0.0987891827270057	0.328830849020486	tr|A0Q417|A0Q417_FRATN	rlm	naive	0.328830849020486
-0.2024861524848	0.103981081097546	6.00043011697071	-1.9473364803242	0.0994219787018465	0.329747717086184	tr|A0Q7W8|A0Q7W8_FRATN	rlm	naive	0.329747717086184
-0.781643162115867	0.380820865769744	4.6459565864781	-2.05252188725518	0.0996259060132726	0.329747717086184	tr|A0Q8E9|A0Q8E9_FRATN	rlm	naive	0.329747717086184
-0.403741579746556	0.203157863911188	5.33320255722017	-1.9873293210203	0.100031549515329	0.329833470698601	sp|A0Q766|MURG_FRATN	rlm	naive	0.329833470698601
2.36349753894406	1.2176915558529	6.00043011697071	1.94096569659516	0.100304050510317	0.329833470698601	tr|A0Q7P3|A0Q7P3_FRATN	rlm	naive	0.329833470698601
0.201076272480168	0.102625037312972	5.6799393020729	1.95932959192944	0.100493942561786	0.329833470698601	tr|A0Q6Y7|A0Q6Y7_FRATN	rlm	naive	0.329833470698601
0.48249516552321	0.248716917882583	5.67858815568404	1.93993705627613	0.103181449851268	0.337710873468634	tr|A0Q4E7|A0Q4E7_FRATN	rlm	naive	0.337710873468634
-0.205827611197028	0.106992826034705	5.74475311040112	-1.92375151517415	0.104881045752796	0.342320079887599	tr|A0Q8C3|A0Q8C3_FRATN	rlm	naive	0.342320079887599
0.190166997384282	0.0975217045348512	5.32099987067463	1.94999665245107	0.105198101815441	0.342403793997627	tr|A0Q6Y3|A0Q6Y3_FRATN	rlm	naive	0.342403793997627
0.183278792381187	0.0963141148545795	6.00043011697071	1.90292765144457	0.105736248056989	0.343204672560667	tr|A0Q5H9|A0Q5H9_FRATN	rlm	naive	0.343204672560667
0.179243311000032	0.0942956719939183	6.00043011697071	1.90086466547046	0.106039133179659	0.343239618419008	tr|A0Q527|A0Q527_FRATN	rlm	naive	0.343239618419008
-0.187977334380271	0.0990395224237669	6.00043011697071	-1.89800323931249	0.106460678625438	0.343657410398048	tr|A0Q4F9|A0Q4F9_FRATN	rlm	naive	0.343657410398048
-0.387618444086335	0.204578363797145	6.00043011697071	-1.89471866375218	0.106946624336349	0.344280229027972	sp|A0Q4I8|RL22_FRATN	rlm	naive	0.344280229027972
-0.260013588575296	0.137595144670993	6.00043011697071	-1.88970031752952	0.107693353261281	0.344868792412746	sp|A0Q453|LEPA_FRATN	rlm	naive	0.344868792412746
-0.268153447261391	0.141313340754704	5.85239773687043	-1.897580552758	0.107753431499875	0.344868792412746	sp|A0Q4S0|MINE_FRATN	rlm	naive	0.344868792412746
-0.178318502075964	0.0945959012825441	6.00043011697071	-1.8850552683393	0.108389166650781	0.344868792412746	sp|A0Q844|RF1_FRATN	rlm	naive	0.344868792412746
0.286659330762916	0.15208778258982	6.00043011697071	1.88482812939705	0.108423305976618	0.344868792412746	tr|A0Q5F1|A0Q5F1_FRATN	rlm	naive	0.344868792412746
-0.211801710033153	0.112440762988436	6.00043011697071	-1.88367371764399	0.108596981440609	0.344868792412746	tr|A0Q822|A0Q822_FRATN	rlm	naive	0.344868792412746
-1.02824198419218	0.536138946580097	5.30460977779151	-1.91786474523272	0.109915706330765	0.348115781505794	tr|A0Q3Z3|A0Q3Z3_FRATN	rlm	naive	0.348115781505794
0.229629951769737	0.123036873918293	5.90091612118153	1.86635066754241	0.1120611006864	0.352137515705905	tr|A0Q5R1|A0Q5R1_FRATN	rlm	naive	0.352137515705905
-0.246577478938756	0.131143449171977	5.65773630981784	-1.88021193964026	0.112071977556183	0.352137515705905	sp|A0Q753|MNMG_FRATN	rlm	naive	0.352137515705905
0.234109837409615	0.125806495319749	6.00043011697071	1.86087242009725	0.112084622020433	0.352137515705905	tr|A0Q774|A0Q774_FRATN	rlm	naive	0.352137515705905
0.226267049284318	0.116211868899471	4.66221337752186	1.94702186125283	0.11324622799229	0.353751798551241	sp|A0Q4H7|DUT_FRATN	rlm	naive	0.353751798551241
0.608584653040826	0.328718060438071	6.00043011697071	1.8513879408688	0.113567917801301	0.353751798551241	tr|A0Q7E6|A0Q7E6_FRATN	rlm	naive	0.353751798551241
-0.209591551605732	0.11327484805876	6.00043011697071	-1.85029205686516	0.113740555414073	0.353751798551241	tr|A0Q665|A0Q665_FRATN	rlm	naive	0.353751798551241
-0.247200035240374	0.133670427041702	5.92423665736983	-1.84932479615146	0.114523447551297	0.353751798551241	sp|A0Q8C4|TPIS_FRATN	rlm	naive	0.353751798551241
0.245040551876244	0.131917345017204	5.77357076626624	1.85753095504072	0.114527416283744	0.353751798551241	sp|A0Q6K1|COQ7_FRATN	rlm	naive	0.353751798551241
-0.192771414217137	0.102341912708378	5.34007246251354	-1.88360183150412	0.114625006295984	0.353751798551241	tr|A0Q641|A0Q641_FRATN	rlm	naive	0.353751798551241
0.389086004582604	0.210978848152939	6.00043011697071	1.84419437298546	0.114705902338743	0.353751798551241	tr|A0Q8Q7|A0Q8Q7_FRATN	rlm	naive	0.353751798551241
0.183434512189388	0.0989836027618342	5.78310285257371	1.85318080036703	0.115125798934045	0.354117313475139	tr|A0Q817|A0Q817_FRATN	rlm	naive	0.354117313475139
0.236168660314251	0.128617728110246	6.00043011697071	1.83620612635777	0.11598284302936	0.355822038014355	tr|A0Q4S9|A0Q4S9_FRATN	rlm	naive	0.355822038014355
0.18270799584555	0.100136966663384	6.00043011697071	1.82458089088851	0.117866334971009	0.360658707268063	tr|A0Q510|A0Q510_FRATN	rlm	naive	0.360658707268063
0.229327093748993	0.12599397254178	6.00043011697071	1.82014336973897	0.118593236568434	0.36103032165672	tr|A0Q8K9|A0Q8K9_FRATN	rlm	naive	0.36103032165672
0.236628160671208	0.128590949270231	5.58601535105655	1.84016186220027	0.118983624369433	0.36103032165672	sp|A0Q585|GCST_FRATN	rlm	naive	0.36103032165672
-0.323997465431776	0.176788287359095	5.65072504308227	-1.83268626146973	0.119585657604268	0.36103032165672	tr|A0Q7T2|A0Q7T2_FRATN	rlm	naive	0.36103032165672
0.520489709387138	0.269644434322199	4.36725164112887	1.93028167147408	0.119776141902219	0.36103032165672	tr|A0Q6P0|A0Q6P0_FRATN	rlm	naive	0.36103032165672
0.787043163270994	0.433641109987382	5.9551397286098	1.8149643683319	0.119821476757879	0.36103032165672	tr|A0Q5W1|A0Q5W1_FRATN	rlm	naive	0.36103032165672
0.249791073085364	0.136766051418635	5.73602396998776	1.82641138275436	0.119831340805209	0.36103032165672	tr|A0Q6F5|A0Q6F5_FRATN	rlm	naive	0.36103032165672
-0.285241533368939	0.152852697287508	5.04708097170809	-1.86612037884039	0.120472513904827	0.361565781562559	tr|A0Q3Y1|A0Q3Y1_FRATN	rlm	naive	0.361565781562559
-0.180014832134862	0.0995721142084025	6.00043011697071	-1.80788400011367	0.120624499040445	0.361565781562559	sp|A0Q4I1|EFG_FRATN	rlm	naive	0.361565781562559
0.218859559556078	0.121342666559456	5.96155222219512	1.80364883813427	0.12165547989624	0.363421880721938	tr|A0Q847|A0Q847_FRATN	rlm	naive	0.363421880721938
-0.230019497996074	0.126865960861579	5.75417053191347	-1.81309073319551	0.121862315748463	0.363421880721938	tr|A0Q765|A0Q765_FRATN	rlm	naive	0.363421880721938
-0.224837342670642	0.125401945479525	6.00043011697071	-1.79293344940452	0.123148119362825	0.364715299448386	sp|A0Q5J3|RPOZ_FRATN	rlm	naive	0.364715299448386
-0.232780339510936	0.127584285224276	5.38132816206374	-1.82452203342864	0.123516724375792	0.364715299448386	tr|A0Q6W6|A0Q6W6_FRATN	rlm	naive	0.364715299448386
-0.205482322941491	0.115081454075679	6.00043011697071	-1.78553811812599	0.124415568856021	0.364715299448386	tr|A0Q6A5|A0Q6A5_FRATN	rlm	naive	0.364715299448386
-0.333392092756679	0.186367693024739	5.91992480188609	-1.78889424097997	0.124509569057764	0.364715299448386	tr|A0Q4R6|A0Q4R6_FRATN	rlm	naive	0.364715299448386
0.203913146325053	0.114275566676049	6.00043011697071	1.78439846991186	0.124612024324483	0.364715299448386	tr|A0Q749|A0Q749_FRATN	rlm	naive	0.364715299448386
-0.235687005402347	0.131637342053196	5.86387541908721	-1.79042665041887	0.124724519261121	0.364715299448386	tr|A0Q5C9|A0Q5C9_FRATN	rlm	naive	0.364715299448386
0.234387863496419	0.13141000370164	6.00043011697071	1.7836379034627	0.124743302236133	0.364715299448386	tr|A0Q5J4|A0Q5J4_FRATN	rlm	naive	0.364715299448386
-1.13334312772616	0.632636693227906	5.83708099649288	-1.79145967955716	0.124779191811278	0.364715299448386	tr|A0Q5L4|A0Q5L4_FRATN	rlm	naive	0.364715299448386
0.233567727172245	0.127910279888213	5.1074475382991	1.82602780149	0.126188010882331	0.367917897733842	tr|A0Q8F8|A0Q8F8_FRATN	rlm	naive	0.367917897733842
0.428019035492883	0.240238920563104	5.72693770891602	1.78163902206035	0.12744355945694	0.370658867232438	tr|A0Q740|A0Q740_FRATN	rlm	naive	0.370658867232438
0.177849330098628	0.10068971429923	6.00043011697071	1.76631080281045	0.127771097409102	0.370693924581964	tr|A0Q4T4|A0Q4T4_FRATN	rlm	naive	0.370693924581964
0.278174024628942	0.157857049936806	6.00043011697071	1.76218942860203	0.128501820020133	0.371895661388317	tr|A0Q4T7|A0Q4T7_FRATN	rlm	naive	0.371895661388317
0.238229508688493	0.134931626593068	5.82673287497904	1.76555722852845	0.12937654481462	0.373507223973412	tr|A0Q8E7|A0Q8E7_FRATN	rlm	naive	0.373507223973412
-0.731917039986118	0.404391270035637	4.95179868754854	-1.80992294893413	0.130654072969528	0.375578584035644	tr|A0Q654|A0Q654_FRATN	rlm	naive	0.375578584035644
-0.412137249031557	0.235758724913346	6.00043011697071	-1.74813148138225	0.13102520316807	0.375578584035644	tr|A0Q4N0|A0Q4N0_FRATN	rlm	naive	0.375578584035644
0.42461309758157	0.240766726546213	5.67832049577521	1.76358711883749	0.131052952727331	0.375578584035644	tr|A0Q490|A0Q490_FRATN	rlm	naive	0.375578584035644
-0.50608574303305	0.290423344835026	6.00043011697071	-1.74257941736926	0.132035077445642	0.376586081163792	tr|A0Q7F2|A0Q7F2_FRATN	rlm	naive	0.376586081163792
0.241552290383019	0.138622207426128	6.00043011697071	1.74252231924487	0.132045502501687	0.376586081163792	tr|A0Q3U8|A0Q3U8_FRATN	rlm	naive	0.376586081163792
0.546967273842929	0.306859269381357	5.10678042133885	1.78246945235072	0.133540577502756	0.379927793137382	tr|A0Q7H3|A0Q7H3_FRATN	rlm	naive	0.379927793137382
-0.471718241751218	0.267564395588062	5.36851003905793	-1.76300826840006	0.134154492565795	0.380752484939152	tr|A0Q500|A0Q500_FRATN	rlm	naive	0.380752484939152
-0.173245535145043	0.100550933993225	6.00043011697071	-1.7229629627977	0.135664318579952	0.383736478334138	tr|A0Q7J3|A0Q7J3_FRATN	rlm	naive	0.383736478334138
-0.273626487440573	0.158907323829287	6.00043011697071	-1.72192496133487	0.135859042542129	0.383736478334138	tr|A0Q3Y2|A0Q3Y2_FRATN	rlm	naive	0.383736478334138
-0.266279353893862	0.155297536565355	6.00043011697071	-1.71463990854614	0.137233352902312	0.38481448180943	sp|A0Q4I2|RS10_FRATN	rlm	naive	0.38481448180943
-0.187567239402158	0.109517655492036	5.99746495759339	-1.71266667971903	0.137632404931798	0.38481448180943	sp|A0Q5P9|SECA_FRATN	rlm	naive	0.38481448180943
-0.259708616818743	0.151681223137544	6.00043011697071	-1.71220017512148	0.137696617381316	0.38481448180943	tr|A0Q522|A0Q522_FRATN	rlm	naive	0.38481448180943
0.176456109233416	0.10312978156185	6.00043011697071	1.71101021025231	0.137923122688184	0.38481448180943	tr|A0Q4D8|A0Q4D8_FRATN	rlm	naive	0.38481448180943
-0.460859403070536	0.269581193708647	6.00043011697071	-1.70953840188354	0.138203776510312	0.38481448180943	tr|A0Q6L3|A0Q6L3_FRATN	rlm	naive	0.38481448180943
-0.449948378644399	0.263436304723177	6.00043011697071	-1.70799685000597	0.13849832408285	0.38481448180943	tr|A0Q6A1|A0Q6A1_FRATN	rlm	naive	0.38481448180943
0.281304011733308	0.164715791925415	6.00043011697071	1.70781446299141	0.138533213451395	0.38481448180943	tr|A0Q4R0|A0Q4R0_FRATN	rlm	naive	0.38481448180943
0.166192425059761	0.09738680376434	5.94882231756912	1.70651893927969	0.139210856180181	0.385766834508569	sp|A0Q808|ACCA_FRATN	rlm	naive	0.385766834508569
0.304611745217993	0.178007292760678	5.8065639315714	1.71123182929099	0.139532684822248	0.385766834508569	tr|A0Q8B5|A0Q8B5_FRATN	rlm	naive	0.385766834508569
-1.1389890090755	0.65970606315269	5.40341844739636	-1.72650983929472	0.140451662505276	0.387396017473474	tr|A0Q5X0|A0Q5X0_FRATN	rlm	naive	0.387396017473474
-0.151309177670804	0.0897173391837228	6.00043011697071	-1.68650986584603	0.142667817031895	0.392021471327882	tr|A0Q5I0|A0Q5I0_FRATN	rlm	naive	0.392021471327882
-0.142889594651521	0.0847577150881766	6.00043011697071	-1.68585944657507	0.142795906151773	0.392021471327882	sp|A0Q604|SYA_FRATN	rlm	naive	0.392021471327882
0.16644809550277	0.0975029709741515	5.46096068625327	1.7071079356843	0.143544807174652	0.392541518283407	tr|A0Q7M9|A0Q7M9_FRATN	rlm	naive	0.392541518283407
0.66803940590073	0.387285356571053	5.1243553612023	1.72492813003677	0.143713302139738	0.392541518283407	tr|A0Q589|A0Q589_FRATN	rlm	naive	0.392541518283407
0.234436312556065	0.137066311349468	5.30171649087939	1.71038609157825	0.14453998946122	0.392541518283407	tr|A0Q544|A0Q544_FRATN	rlm	naive	0.392541518283407
-0.26707116141806	0.158325675844591	5.71752049330376	-1.68684681112753	0.14504801006887	0.392541518283407	tr|A0Q7M6|A0Q7M6_FRATN	rlm	naive	0.392541518283407
-0.334165742326495	0.199634537327654	6.00043011697071	-1.6738874284966	0.145173545868146	0.392541518283407	tr|A0Q826|A0Q826_FRATN	rlm	naive	0.392541518283407
-0.370277817091198	0.221235187832116	6.00043011697071	-1.67368410386951	0.145214254509242	0.392541518283407	sp|A0Q4I4|RL4_FRATN	rlm	naive	0.392541518283407
0.225379854643976	0.134715460402804	6.00043011697071	1.67300660198972	0.145349980100448	0.392541518283407	sp|A0Q7Y8|UNG_FRATN	rlm	naive	0.392541518283407
-0.220947885324794	0.132187645517067	6.00043011697071	-1.67147152413927	0.145657959124736	0.392541518283407	tr|A0Q409|A0Q409_FRATN	rlm	naive	0.392541518283407
-0.428564465651199	0.257396960322191	5.96757382170393	-1.66499427621349	0.147236946399422	0.395888814689522	sp|A0Q4S3|RL33_FRATN	rlm	naive	0.395888814689522
-0.589788236344239	0.35709150812	6.00043011697071	-1.65164453069559	0.149692775084958	0.400328815198502	tr|A0Q6J7|A0Q6J7_FRATN	rlm	naive	0.400328815198502
-0.269384962903879	0.158698852912436	5.01363732758629	-1.69746005065654	0.150208970704479	0.400328815198502	tr|A0Q688|A0Q688_FRATN	rlm	naive	0.400328815198502
0.279246993408683	0.169417551591207	6.00043011697071	1.64827664421976	0.150388748022972	0.400328815198502	tr|A0Q7B1|A0Q7B1_FRATN	rlm	naive	0.400328815198502
-0.156450844034397	0.0949208882393898	6.00043011697071	-1.64822355686168	0.15039974337645	0.400328815198502	tr|A0Q456|A0Q456_FRATN	rlm	naive	0.400328815198502
0.22579605292698	0.136557770833088	5.84925302495647	1.6534837347555	0.150591775589564	0.400328815198502	tr|A0Q8M1|A0Q8M1_FRATN	rlm	naive	0.400328815198502
0.294418585912983	0.178630069705382	5.82443736365419	1.64820282720918	0.151897259764697	0.402887765741577	tr|A0Q6D3|A0Q6D3_FRATN	rlm	naive	0.402887765741577
0.199195719289695	0.122155829615006	6.00043011697071	1.63066895716309	0.15407826093299	0.407317307577296	tr|A0Q712|A0Q712_FRATN	rlm	naive	0.407317307577296
0.352870801177934	0.216116727221618	5.92500472058741	1.63277875671363	0.154260597337784	0.407317307577296	tr|A0Q5T9|A0Q5T9_FRATN	rlm	naive	0.407317307577296
-0.156547974169415	0.0966989245379348	6.00043011697071	-1.61892156420004	0.156587890256734	0.412535361102382	sp|A0Q8D9|ATPB_FRATN	rlm	naive	0.412535361102382
-0.271849100315235	0.168263209252373	6.00043011697071	-1.61561818250772	0.157300615287977	0.413022768645672	sp|A0Q5R0|KDSB_FRATN	rlm	naive	0.413022768645672
0.166218605384747	0.100751683711888	5.15299163533825	1.64978488955152	0.158162155744324	0.413022768645672	tr|A0Q7I0|A0Q7I0_FRATN	rlm	naive	0.413022768645672
0.17130251282871	0.103914421219367	5.1680427498287	1.64849604913917	0.158262523081583	0.413022768645672	tr|A0Q8B8|A0Q8B8_FRATN	rlm	naive	0.413022768645672
-1.76872065129808	1.09475911312598	5.86391026326544	-1.61562541941091	0.158447395382571	0.413022768645672	tr|A0Q6E6|A0Q6E6_FRATN	rlm	naive	0.413022768645672
0.333360060917179	0.206761275281081	5.93286817186104	1.61229447082871	0.158582662151277	0.413022768645672	tr|A0Q8A9|A0Q8A9_FRATN	rlm	naive	0.413022768645672
0.325901551586611	0.202735460523972	6.00043011697071	1.60752120395867	0.159060719153413	0.413022768645672	tr|A0Q3Y5|A0Q3Y5_FRATN	rlm	naive	0.413022768645672
2.71731186797542	1.65529801790136	5.21060308458309	1.64158468057644	0.159233458890629	0.413022768645672	tr|A0Q6L4|A0Q6L4_FRATN	rlm	naive	0.413022768645672
0.164206289487039	0.10240452220836	6.00043011697071	1.60350623142338	0.159940440683902	0.413942770492479	tr|A0Q5H5|A0Q5H5_FRATN	rlm	naive	0.413942770492479
0.194979096607899	0.122392878911271	6.00043011697071	1.59305915787183	0.162251284216315	0.419000569130044	tr|A0Q8Q9|A0Q8Q9_FRATN	rlm	naive	0.419000569130044
-0.186172743710173	0.112382035988928	4.59576930720583	-1.65660589854873	0.163621946194557	0.420471129238299	sp|A0Q5P0|G6PI_FRATN	rlm	naive	0.420471129238299
-0.193073285752541	0.117273970572237	4.74968560066136	-1.64634389720448	0.163682687138496	0.420471129238299	tr|A0Q4B7|A0Q4B7_FRATN	rlm	naive	0.420471129238299
0.225822151787894	0.142410109242448	6.00043011697071	1.58571714458445	0.163894278460545	0.420471129238299	tr|A0Q8B3|A0Q8B3_FRATN	rlm	naive	0.420471129238299
0.335600066211232	0.211173702963594	5.85494435882602	1.5892133419145	0.164332374376056	0.420676557498617	tr|A0Q7N7|A0Q7N7_FRATN	rlm	naive	0.420676557498617
-0.241655012315986	0.152329350723173	5.67256575737365	-1.5863982296829	0.166579817017881	0.424754438376388	tr|A0Q5D9|A0Q5D9_FRATN	rlm	naive	0.424754438376388
-0.312134478766706	0.19836128147845	6.00043011697071	-1.57356554888267	0.166648337099162	0.424754438376388	tr|A0Q7E2|A0Q7E2_FRATN	rlm	naive	0.424754438376388
-0.222163517261257	0.139898209389839	5.54015543946429	-1.58803688932271	0.16745014197178	0.425874278824331	tr|A0Q627|A0Q627_FRATN	rlm	naive	0.425874278824331
0.495347260347931	0.306849026324145	4.83646662925429	1.61430285858122	0.169349061359385	0.428435222974669	tr|A0Q5W8|A0Q5W8_FRATN	rlm	naive	0.428435222974669
0.147004165689078	0.0925842578123665	5.33705752411139	1.58778791516588	0.169517603727873	0.428435222974669	tr|A0Q8C7|A0Q8C7_FRATN	rlm	naive	0.428435222974669
0.160610574066465	0.102168828277913	5.67944802005928	1.57201151049303	0.169774612014446	0.428435222974669	tr|A0Q7T6|A0Q7T6_FRATN	rlm	naive	0.428435222974669
-0.147130243878985	0.0943509040626409	6.00043011697071	-1.55939410799183	0.169915586303145	0.428435222974669	sp|A0Q5P2|GREA_FRATN	rlm	naive	0.428435222974669
-0.624614532091816	0.40104594115245	6.00043011697071	-1.55746379154697	0.170365285721776	0.428649273496973	tr|A0Q4M4|A0Q4M4_FRATN	rlm	naive	0.428649273496973
0.375695017868865	0.241311700294953	5.85855539030455	1.55688687042384	0.171686391686933	0.431050235538774	tr|A0Q6L7|A0Q6L7_FRATN	rlm	naive	0.431050235538774
0.763332671321111	0.48903321090445	5.70366654786905	1.56090149769042	0.172112796172575	0.431199436040033	tr|A0Q7Z1|A0Q7Z1_FRATN	rlm	naive	0.431199436040033
0.506236073541819	0.328038317943641	6.00043011697071	1.54322237937092	0.173717962122273	0.434294905305683	tr|A0Q6A0|A0Q6A0_FRATN	rlm	naive	0.434294905305683
0.196889879577003	0.124885559052584	5.06123566942808	1.57656242299481	0.175018062283494	0.435712224895103	sp|A0Q444|RSMG_FRATN	rlm	naive	0.435712224895103
-0.144427667094098	0.0936809314244794	5.86664436861988	-1.54169759947923	0.175195347295998	0.435712224895103	sp|A0Q759|RL20_FRATN	rlm	naive	0.435712224895103
-0.271771238741841	0.17421454547391	5.38121470807073	-1.55998018421798	0.175397346702454	0.435712224895103	sp|A0Q6X6|PLSY_FRATN	rlm	naive	0.435712224895103
0.301628160312699	0.196686848340933	6.00043011697071	1.53354513968246	0.176031538127187	0.435791000050718	tr|A0Q5L0|A0Q5L0_FRATN	rlm	naive	0.435791000050718
0.168512071031401	0.108425941633911	5.43929633416137	1.55416746667844	0.176170829807737	0.435791000050718	tr|A0Q511|A0Q511_FRATN	rlm	naive	0.435791000050718
-0.418531994909897	0.272131867262409	5.57403579162896	-1.53797494986619	0.178697152102987	0.441111667481113	tr|A0Q5M0|A0Q5M0_FRATN	rlm	naive	0.441111667481113
0.181553966058374	0.119510386726402	5.86313626153582	1.51914800906812	0.180667335971367	0.444040416810902	tr|A0Q6I6|A0Q6I6_FRATN	rlm	naive	0.444040416810902
-0.156270864961521	0.103225989403657	6.00043011697071	-1.51387132120803	0.180824609950411	0.444040416810902	tr|A0Q7J8|A0Q7J8_FRATN	rlm	naive	0.444040416810902
-0.144786227924106	0.0958001925579718	6.00043011697071	-1.51133545829244	0.181451243603662	0.444040416810902	tr|A0Q5B9|A0Q5B9_FRATN	rlm	naive	0.444040416810902
-0.195926666696469	0.129769502683731	6.00043011697071	-1.50980517490287	0.181830372941863	0.444040416810902	tr|A0Q4M2|A0Q4M2_FRATN	rlm	naive	0.444040416810902
-0.162680729759635	0.1058804948501	5.24528705540901	-1.53645607710797	0.182326166558295	0.444040416810902	sp|A0Q8E0|ATPG_FRATN	rlm	naive	0.444040416810902
-0.242024982666332	0.155896065058397	4.87421003516107	-1.55247653348834	0.182742738166296	0.444040416810902	tr|A0Q6W2|A0Q6W2_FRATN	rlm	naive	0.444040416810902
0.21346028564917	0.141890875081643	6.00043011697071	1.50439755570149	0.183176062169353	0.444040416810902	tr|A0Q5A8|A0Q5A8_FRATN	rlm	naive	0.444040416810902
0.227565575837412	0.151296223476729	5.99746495759339	1.50410612114462	0.183272876367305	0.444040416810902	tr|A0Q431|A0Q431_FRATN	rlm	naive	0.444040416810902
-0.548123437492814	0.364452898819837	6.00043011697071	-1.5039623481326	0.183284767790032	0.444040416810902	tr|A0Q7E8|A0Q7E8_FRATN	rlm	naive	0.444040416810902
0.172456121347744	0.114931847660141	6.00043011697071	1.5005076909379	0.18414980915133	0.445218159985212	tr|A0Q5C5|A0Q5C5_FRATN	rlm	naive	0.445218159985212
0.208452117275054	0.139266097798535	6.00043011697071	1.49679010592086	0.185084946353848	0.446560188841421	tr|A0Q7I6|A0Q7I6_FRATN	rlm	naive	0.446560188841421
-0.174194604889157	0.116757759356437	6.00043011697071	-1.49193172127753	0.186313726468085	0.448603747131147	tr|A0Q6L5|A0Q6L5_FRATN	rlm	naive	0.448603747131147
-0.373473705347433	0.249189028505449	5.67460496248733	-1.49875661696424	0.187369759315942	0.449618705227157	tr|A0Q679|A0Q679_FRATN	rlm	naive	0.449618705227157
0.643673243612553	0.432789171294684	6.00043011697071	1.48726744175925	0.187500566435155	0.449618705227157	tr|A0Q876|A0Q876_FRATN	rlm	naive	0.449618705227157
0.238897219615407	0.161531038335617	6.00043011697071	1.47895551268014	0.18963303051455	0.453806132086753	tr|A0Q4L7|A0Q4L7_FRATN	rlm	naive	0.453806132086753
-0.275179872537331	0.185045845533885	5.67881079439508	-1.48709024914013	0.190281011915765	0.454429109020031	tr|A0Q7Q4|A0Q7Q4_FRATN	rlm	naive	0.454429109020031
-0.147968083807056	0.0999192875993826	5.81364171937188	-1.48087608871193	0.190689567980575	0.454429109020031	tr|A0Q856|A0Q856_FRATN	rlm	naive	0.454429109020031
0.187405567673905	0.126400312278698	5.71986108107877	1.48263532182339	0.191053599877358	0.454429109020031	tr|A0Q5M7|A0Q5M7_FRATN	rlm	naive	0.454429109020031
0.394974064043479	0.268465159014915	5.82684270956207	1.47123025383541	0.193070408387315	0.458298444151708	tr|A0Q7C2|A0Q7C2_FRATN	rlm	naive	0.458298444151708
-0.195192541153941	0.133580212929837	6.00043011697071	-1.46123843399221	0.194253849751652	0.460177970681838	sp|A0Q693|SYL_FRATN	rlm	naive	0.460177970681838
0.311374166026769	0.214383434332963	5.99746495759339	1.45241710020919	0.196617000840102	0.463816385912802	sp|A0Q7Y1|FABZ_FRATN	rlm	naive	0.463816385912802
0.532876464177279	0.367036097538963	6.00043011697071	1.45183666606719	0.196748103900178	0.463816385912802	tr|A0Q7U0|A0Q7U0_FRATN	rlm	naive	0.463816385912802
-0.144648109778261	0.0989834158170709	5.67570020627608	-1.46133681672072	0.196973937506799	0.463816385912802	sp|A0Q6U8|ISPG_FRATN	rlm	naive	0.463816385912802
0.183630255212716	0.126921966366108	6.00043011697071	1.44679648819049	0.198097402424626	0.46503635592016	sp|A0Q587|GCSPA_FRATN	rlm	naive	0.46503635592016
0.327031468025399	0.226388918054827	6.00043011697071	1.44455599167711	0.198699941043602	0.46503635592016	tr|A0Q801|A0Q801_FRATN	rlm	naive	0.46503635592016
-0.293332706494192	0.203143085531457	6.00043011697071	-1.44397091206321	0.198857565215315	0.46503635592016	tr|A0Q4A3|A0Q4A3_FRATN	rlm	naive	0.46503635592016
-0.24108888472219	0.167055776313724	6.00043011697071	-1.44316401409213	0.199075137896035	0.46503635592016	tr|A0Q7J2|A0Q7J2_FRATN	rlm	naive	0.46503635592016
0.263330281824721	0.182847884545247	6.00043011697071	1.4401603960562	0.199886966984452	0.465138115523378	tr|A0Q464|A0Q464_FRATN	rlm	naive	0.465138115523378
0.149653089350413	0.103363728627103	5.74929884636862	1.44782982713698	0.199910424118558	0.465138115523378	tr|A0Q8J6|A0Q8J6_FRATN	rlm	naive	0.465138115523378
0.268753894671952	0.186945222597086	6.00043011697071	1.43760771705402	0.200579312023302	0.465772117840672	tr|A0Q6Z0|A0Q6Z0_FRATN	rlm	naive	0.465772117840672
-0.156931981208038	0.109287807175256	5.8863215966355	-1.43595141365018	0.201955424542075	0.467784486206669	tr|A0Q3W7|A0Q3W7_FRATN	rlm	naive	0.467784486206669
-0.71133527267195	0.494471970448649	5.72742321551087	-1.43857552133144	0.202591389689747	0.467784486206669	tr|A0Q4R7|A0Q4R7_FRATN	rlm	naive	0.467784486206669
-0.266059621723006	0.186048298007356	6.00043011697071	-1.43005673565736	0.202640258280166	0.467784486206669	tr|A0Q6I8|A0Q6I8_FRATN	rlm	naive	0.467784486206669
-0.142977007490376	0.099810061936635	5.84379419126833	-1.43249092041588	0.203251983779941	0.468276629296923	tr|A0Q7K6|A0Q7K6_FRATN	rlm	naive	0.468276629296923
-0.231464022232481	0.162378772750156	6.00043011697071	-1.42545739392071	0.203905116988498	0.468475268278714	sp|A0Q5J5|RLMD_FRATN	rlm	naive	0.468475268278714
-0.219417390455958	0.154017960365206	6.00043011697071	-1.42462210209561	0.204135606262725	0.468475268278714	tr|A0Q485|A0Q485_FRATN	rlm	naive	0.468475268278714
-0.244642386293386	0.171698763734267	5.91246042290843	-1.42483487342991	0.204785215152189	0.469049956732596	tr|A0Q788|A0Q788_FRATN	rlm	naive	0.469049956732596
0.225315144628603	0.159015836813339	5.98893668781674	1.4169352508775	0.206359161667166	0.471735437663268	tr|A0Q5H7|A0Q5H7_FRATN	rlm	naive	0.471735437663268
-0.187391791678065	0.132340464943644	5.85787372715589	-1.41598257009195	0.207688578645373	0.473379398344791	tr|A0Q4B9|A0Q4B9_FRATN	rlm	naive	0.473379398344791
0.595842211105499	0.410368754524919	4.85739370531571	1.45196778393935	0.20788405918801	0.473379398344791	tr|A0Q530|A0Q530_FRATN	rlm	naive	0.473379398344791
-0.921875354828501	0.654099342934192	5.95868982471087	-1.40938125804118	0.208715357369428	0.473902110984547	tr|A0Q7X3|A0Q7X3_FRATN	rlm	naive	0.473902110984547
0.159362171659482	0.11322557188224	6.00043011697071	1.4074750872111	0.208920249778719	0.473902110984547	sp|A0Q628|GSA_FRATN	rlm	naive	0.473902110984547
-0.219033378642692	0.156006285295209	6.00043011697071	-1.40400355170446	0.209901344440219	0.475210172865621	sp|A0Q7F0|DNAK_FRATN	rlm	naive	0.475210172865621
-0.16186968482299	0.115541692144527	5.94346366612377	-1.40096342557034	0.211216985436194	0.477269149783706	tr|A0Q4C2|A0Q4C2_FRATN	rlm	naive	0.477269149783706
-0.194566223126471	0.136125169944653	5.00462790085452	-1.42931849565793	0.212244139818935	0.478669605157867	tr|A0Q4E1|A0Q4E1_FRATN	rlm	naive	0.478669605157867
-0.662043759023152	0.472511768408063	5.74316500871904	-1.40111591559643	0.212834286690631	0.479081009313201	sp|A0Q839|CH10_FRATN	rlm	naive	0.479081009313201
0.162105943187556	0.116374545344392	5.84112776270866	1.39296735989669	0.214332759669473	0.480867862654336	tr|A0Q6V1|A0Q6V1_FRATN	rlm	naive	0.480867862654336
-0.117342944417708	0.0842759678273734	5.84824140561362	-1.39236543278942	0.214446604281593	0.480867862654336	tr|A0Q597|A0Q597_FRATN	rlm	naive	0.480867862654336
-0.214623278064769	0.15497648272498	6.00043011697071	-1.38487642957827	0.215382694132062	0.481708373585281	tr|A0Q661|A0Q661_FRATN	rlm	naive	0.481708373585281
-0.229620135677048	0.165912325268979	6.00043011697071	-1.38398479621562	0.2156413655369	0.481708373585281	tr|A0Q6G9|A0Q6G9_FRATN	rlm	naive	0.481708373585281
0.285545965689705	0.206559265293388	5.99746495759339	1.38239243484976	0.216127257622462	0.481877661681961	tr|A0Q8F0|A0Q8F0_FRATN	rlm	naive	0.481877661681961
-0.204729495470447	0.148305065280629	6.00043011697071	-1.38046192207292	0.216666149764636	0.482164253737589	sp|A0Q6B4|RUVB_FRATN	rlm	naive	0.482164253737589
-0.261506647209805	0.190313727225453	6.00043011697071	-1.37408189636271	0.218533329065448	0.483297750882751	sp|A0Q415|EFP_FRATN	rlm	naive	0.483297750882751
-0.130793281540409	0.0952048109948061	6.00043011697071	-1.37380958140387	0.218613348744372	0.483297750882751	sp|A0Q713|KAD_FRATN	rlm	naive	0.483297750882751
-0.143835228548591	0.104725487152248	6.00043011697071	-1.37345007848457	0.218719029280097	0.483297750882751	tr|A0Q849|A0Q849_FRATN	rlm	naive	0.483297750882751
0.172551326554203	0.122319719411473	4.83472344720499	1.41065829274637	0.219327282507648	0.483297750882751	sp|A0Q596|GLGA_FRATN	rlm	naive	0.483297750882751
0.131612301477629	0.0950514563702199	5.52190827888807	1.38464266097099	0.219508219940467	0.483297750882751	tr|A0Q566|A0Q566_FRATN	rlm	naive	0.483297750882751
-3.08880402382783	2.20378673270754	5.02832031065356	-1.40158935435326	0.219643403379906	0.483297750882751	tr|A0Q6F2|A0Q6F2_FRATN	rlm	naive	0.483297750882751
-0.166044431338012	0.121340965199058	5.91037709943686	-1.36841198737474	0.220916682232621	0.484772688489193	tr|A0Q8A5|A0Q8A5_FRATN	rlm	naive	0.484772688489193
0.146499179293751	0.104779766882706	4.9792148372586	1.39816286724275	0.2211535444052	0.484772688489193	tr|A0Q8C8|A0Q8C8_FRATN	rlm	naive	0.484772688489193
0.154795267936791	0.113544001159046	6.00043011697071	1.36330643941253	0.221720029939646	0.484772688489193	tr|A0Q8D0|A0Q8D0_FRATN	rlm	naive	0.484772688489193
0.197090741035516	0.142844278390765	5.41028800289395	1.37975943633076	0.221964005452924	0.484772688489193	tr|A0Q7P0|A0Q7P0_FRATN	rlm	naive	0.484772688489193
-0.149172589468284	0.109003467684621	5.6985622576063	-1.36851232934979	0.222645298521221	0.485358489355167	tr|A0Q5L5|A0Q5L5_FRATN	rlm	naive	0.485358489355167
0.222327655691135	0.163474090764801	5.94832974011595	1.36001769241225	0.223108976367092	0.48546860598395	tr|A0Q450|A0Q450_FRATN	rlm	naive	0.48546860598395
0.137206688216585	0.101214715673027	6.00043011697071	1.355600194144	0.224024772149426	0.48656027222842	tr|A0Q6S0|A0Q6S0_FRATN	rlm	naive	0.48656027222842
0.205258767459068	0.149006825928058	5.22443989700286	1.37751251448151	0.224443441633896	0.486570191733999	tr|A0Q4B4|A0Q4B4_FRATN	rlm	naive	0.486570191733999
0.26376067219052	0.195488262499819	6.00043011697071	1.34924045473454	0.225943074311436	0.487308816450105	tr|A0Q5M1|A0Q5M1_FRATN	rlm	naive	0.487308816450105
0.158164394833008	0.117225540069335	6.00043011697071	1.34923153042809	0.225945776543665	0.487308816450105	tr|A0Q455|A0Q455_FRATN	rlm	naive	0.487308816450105
0.848875391330615	0.626943463063261	5.80074375371731	1.35399033779376	0.226106721606196	0.487308816450105	tr|A0Q542|A0Q542_FRATN	rlm	naive	0.487308816450105
0.310998366818104	0.230781010414776	6.00043011697071	1.34759080159653	0.226443075558942	0.487308816450105	tr|A0Q7P9|A0Q7P9_FRATN	rlm	naive	0.487308816450105
-0.262942873830211	0.195585733718852	6.00043011697071	-1.34438677520407	0.227417047640574	0.488510111476553	sp|A0Q4J0|RL16_FRATN	rlm	naive	0.488510111476553
0.159886059441181	0.11716519084901	4.95506843816267	1.36462082537146	0.231074898189697	0.495260303346005	sp|A0Q5Y3|CAS9_FRATN	rlm	naive	0.495260303346005
-1.92503128287718	1.4003117032848	4.66588345864228	-1.37471627092848	0.231560316256713	0.495260303346005	tr|A0Q5D1|A0Q5D1_FRATN	rlm	naive	0.495260303346005
0.252766892915188	0.19004429344956	6.00043011697071	1.33004200403563	0.231823971778981	0.495260303346005	tr|A0Q462|A0Q462_FRATN	rlm	naive	0.495260303346005
-0.393215803838757	0.296229244776554	6.00043011697071	-1.32740372793159	0.232642782447765	0.495907354957212	tr|A0Q8R2|A0Q8R2_FRATN	rlm	naive	0.495907354957212
0.114467789265164	0.0863965968818705	6.00043011697071	1.32491085756161	0.233418845085639	0.495907354957212	tr|A0Q7Z5|A0Q7Z5_FRATN	rlm	naive	0.495907354957212
-0.344578247796816	0.260123156655467	6.00043011697071	-1.32467348246588	0.23349286375658	0.495907354957212	tr|A0Q5B1|A0Q5B1_FRATN	rlm	naive	0.495907354957212
-0.283857288581177	0.213719544839327	5.77401984337444	-1.32817655397207	0.234203090509898	0.495907354957212	sp|A0Q505|FOLD_FRATN	rlm	naive	0.495907354957212
-0.175531394633549	0.132508610364617	5.8946346325956	-1.32467915972062	0.234314814133067	0.495907354957212	tr|A0Q5N8|A0Q5N8_FRATN	rlm	naive	0.495907354957212
0.155231388311689	0.117721725083922	6.00043011697071	1.31862991475046	0.235384466913177	0.495907354957212	tr|A0Q881|A0Q881_FRATN	rlm	naive	0.495907354957212
0.241580838970562	0.183276875628339	6.00043011697071	1.31811958351176	0.235544823439672	0.495907354957212	tr|A0Q8L8|A0Q8L8_FRATN	rlm	naive	0.495907354957212
-0.169869466053385	0.12897188323829	6.00043011697071	-1.31710464163365	0.235864029124938	0.495907354957212	sp|A0Q468|RECA_FRATN	rlm	naive	0.495907354957212
-0.276944489623277	0.210397694547655	6.00043011697071	-1.31629051458332	0.236120356545118	0.495907354957212	sp|A0Q6X1|TGT_FRATN	rlm	naive	0.495907354957212
-0.350410328895659	0.264656040559573	5.65682824286821	-1.32402165525779	0.236477196451384	0.495907354957212	tr|A0Q3W8|A0Q3W8_FRATN	rlm	naive	0.495907354957212
-0.398800366382414	0.29936525141205	5.34683470593486	-1.33215316240394	0.236769383941273	0.495907354957212	tr|A0Q8E8|A0Q8E8_FRATN	rlm	naive	0.495907354957212
1.24768396525276	0.954505778920002	6.00043011697071	1.30715181909583	0.239014776166541	0.499719505330403	tr|A0Q3W3|A0Q3W3_FRATN	rlm	naive	0.499719505330403
-0.123024660903881	0.0944339141146467	5.98797091555549	-1.30275931117844	0.240511837671784	0.501956321961539	tr|A0Q7S8|A0Q7S8_FRATN	rlm	naive	0.501956321961539
0.137877142545947	0.106015924125295	5.87312063927644	1.3005323840124	0.242114969929812	0.50383697723197	tr|A0Q8D7|A0Q8D7_FRATN	rlm	naive	0.50383697723197
-0.301324288160082	0.230200979730155	5.53039095742415	-1.30896179726645	0.24229970558289	0.50383697723197	tr|A0Q4N3|A0Q4N3_FRATN	rlm	naive	0.50383697723197
0.188861991369703	0.145826957127825	6.00043011697071	1.2951102806332	0.242876825186531	0.50383697723197	tr|A0Q7A5|A0Q7A5_FRATN	rlm	naive	0.50383697723197
0.147859264240276	0.114235910557872	6.00043011697071	1.29433260975645	0.24312814135364	0.50383697723197	tr|A0Q6Y6|A0Q6Y6_FRATN	rlm	naive	0.50383697723197
-0.163586210640209	0.127276563230725	6.00043011697071	-1.28528148849889	0.246070160082622	0.509035982565282	tr|A0Q7T8|A0Q7T8_FRATN	rlm	naive	0.509035982565282
-0.177369609100149	0.138117991307642	5.80842122478225	-1.28418902867678	0.247915462823261	0.51195196628705	sp|A0Q4J7|RS8_FRATN	rlm	naive	0.51195196628705
0.141742960984266	0.111195394605959	6.00043011697071	1.27471970837063	0.249543020069269	0.513456509296612	tr|A0Q539|A0Q539_FRATN	rlm	naive	0.513456509296612
0.16547809320742	0.129756168121095	5.94434231040532	1.2753004007716	0.249774349286842	0.513456509296612	tr|A0Q7K8|A0Q7K8_FRATN	rlm	naive	0.513456509296612
0.160009730052013	0.123470404539126	5.1580376459306	1.29593590179992	0.249954998568223	0.513456509296612	sp|A0Q7C5|GLYA_FRATN	rlm	naive	0.513456509296612
-0.127749250106277	0.10077765222998	6.00043011697071	-1.26763471146109	0.251896849317955	0.51592736621851	tr|A0Q7J9|A0Q7J9_FRATN	rlm	naive	0.51592736621851
0.207229124504852	0.163530803033369	6.00043011697071	1.26721767802098	0.252036006986744	0.51592736621851	tr|A0Q7R5|A0Q7R5_FRATN	rlm	naive	0.51592736621851
0.223542407085094	0.177984662372564	6.00043011697071	1.25596444157175	0.255816665728875	0.522755795185091	sp|A0Q8A0|LPXK_FRATN	rlm	naive	0.522755795185091
-0.11383923011838	0.0902779388479134	5.72230658964288	-1.2609861453545	0.256284190320508	0.522801950740619	sp|A0Q4H3|PYRH_FRATN	rlm	naive	0.522801950740619
0.940590741522906	0.740045584112105	5.21440207995445	1.27099027643198	0.257480786383706	0.523809619920788	tr|A0Q750|A0Q750_FRATN	rlm	naive	0.523809619920788
0.320053411439083	0.256252944213714	6.00043011697071	1.24897457245276	0.258189986659441	0.523809619920788	tr|A0Q3W5|A0Q3W5_FRATN	rlm	naive	0.523809619920788
0.149581327868812	0.119775479934108	6.00043011697071	1.24884766023146	0.258233255853325	0.523809619920788	tr|A0Q4B1|A0Q4B1_FRATN	rlm	naive	0.523809619920788
0.147440788556467	0.117311614973704	5.61554373056429	1.25683026859289	0.258561344301325	0.523809619920788	tr|A0Q6X8|A0Q6X8_FRATN	rlm	naive	0.523809619920788
-0.159756224055958	0.128211206802731	6.00043011697071	-1.24603946909074	0.259192300746804	0.524184084987081	tr|A0Q405|A0Q405_FRATN	rlm	naive	0.524184084987081
0.36629216371558	0.295251501511639	6.00043011697071	1.24061067205492	0.261055164934735	0.52638248994505	tr|A0Q6U7|A0Q6U7_FRATN	rlm	naive	0.52638248994505
-0.197034428384059	0.15915939673192	5.97698789734333	-1.23796918328318	0.262138407984983	0.52638248994505	sp|A0Q4H2|EFTS_FRATN	rlm	naive	0.52638248994505
0.111816501919392	0.0904091355392754	5.99746495759339	1.23678322165592	0.262397303758855	0.52638248994505	tr|A0Q7N8|A0Q7N8_FRATN	rlm	naive	0.52638248994505
0.215241597887554	0.17423987230736	6.00043011697071	1.23531769759259	0.262882672830877	0.52638248994505	tr|A0Q543|A0Q543_FRATN	rlm	naive	0.52638248994505
-0.207367205637251	0.167891905523972	6.00043011697071	-1.23512330740473	0.262950002013263	0.52638248994505	tr|A0Q6I9|A0Q6I9_FRATN	rlm	naive	0.52638248994505
-0.453243673564908	0.363255482305962	5.4607501042685	-1.24772700108391	0.262967252423612	0.52638248994505	tr|A0Q889|A0Q889_FRATN	rlm	naive	0.52638248994505
0.172615100437162	0.140086678339951	5.86680351551056	1.23220210859931	0.264961795571483	0.529472975844374	tr|A0Q584|A0Q584_FRATN	rlm	naive	0.529472975844374
0.186240370846438	0.149872440336492	5.34825781572486	1.24265922692854	0.265699069301667	0.530044832647639	tr|A0Q8L4|A0Q8L4_FRATN	rlm	naive	0.530044832647639
0.905494370949867	0.73720141412117	5.73710716057143	1.22828626424886	0.267332346803513	0.532399165244285	tr|A0Q8L9|A0Q8L9_FRATN	rlm	naive	0.532399165244285
1.5257348927289	1.25102111812233	5.90189885725098	1.21959163648564	0.269104940184657	0.534877366776352	tr|A0Q613|A0Q613_FRATN	rlm	naive	0.534877366776352
-0.18832820298809	0.154817532096655	6.00043011697071	-1.2164526874806	0.269487149899234	0.534877366776352	tr|A0Q494|A0Q494_FRATN	rlm	naive	0.534877366776352
0.270316635084075	0.221520761396395	5.75182187736563	1.22027675139832	0.270016231787664	0.535023730776569	tr|A0Q6X0|A0Q6X0_FRATN	rlm	naive	0.535023730776569
0.148380383946544	0.118835029296598	4.66918818837498	1.24862496205731	0.270750487104256	0.535575458497476	tr|A0Q5K4|A0Q5K4_FRATN	rlm	naive	0.535575458497476
-0.288886642084544	0.238513842372621	6.00043011697071	-1.21119444980987	0.271353489336571	0.535866134404152	tr|A0Q6F1|A0Q6F1_FRATN	rlm	naive	0.535866134404152
0.154006444633157	0.127685535161526	6.00043011697071	1.20613853744932	0.273158555159573	0.538525675020969	tr|A0Q535|A0Q535_FRATN	rlm	naive	0.538525675020969
5.02166966128513	4.13646565256532	5.54902705913071	1.21400008680619	0.273873604736756	0.53903096409663	tr|A0Q4W4|A0Q4W4_FRATN	rlm	naive	0.53903096409663
-0.469312972007493	0.3911283631266	5.99746495759339	-1.19989501210268	0.275423214241061	0.54114426372005	tr|A0Q7P7|A0Q7P7_FRATN	rlm	naive	0.54114426372005
0.21844962251836	0.182374558285104	5.99746495759339	1.19780754822644	0.276176775238134	0.54114426372005	tr|A0Q5S4|A0Q5S4_FRATN	rlm	naive	0.54114426372005
0.335441212398556	0.280227611492295	6.00043011697071	1.19703126544965	0.276436215465827	0.54114426372005	tr|A0Q7Z0|A0Q7Z0_FRATN	rlm	naive	0.54114426372005
-0.109423981363513	0.0909468097610752	5.63816779925983	-1.20316459313943	0.276987676853945	0.54114426372005	tr|A0Q7Z6|A0Q7Z6_FRATN	rlm	naive	0.54114426372005
0.298349493500122	0.249709921753076	6.00043011697071	1.19478429773865	0.277250082348485	0.54114426372005	tr|A0Q5R3|A0Q5R3_FRATN	rlm	naive	0.54114426372005
0.126438971962824	0.106190483157337	6.00043011697071	1.19068082377482	0.278741711148492	0.543153417246232	tr|A0Q7S9|A0Q7S9_FRATN	rlm	naive	0.543153417246232
-0.156513994263644	0.131807997733764	6.00043011697071	-1.18743928255236	0.279924896773581	0.544555883624103	tr|A0Q897|A0Q897_FRATN	rlm	naive	0.544555883624103
-0.104093460037933	0.0878753734938955	6.00043011697071	-1.18455781067223	0.280980272795864	0.545705488487834	sp|A0Q5I9|PNP_FRATN	rlm	naive	0.545705488487834
-0.129732214563989	0.109882636153355	5.94299579592573	-1.18064344927921	0.282830262194162	0.547856093081078	sp|A0Q8E1|ATPA_FRATN	rlm	naive	0.547856093081078
-0.120916612989699	0.102242683649305	5.81753861101636	-1.18264318456708	0.283020126383161	0.547856093081078	tr|A0Q475|A0Q475_FRATN	rlm	naive	0.547856093081078
0.121939121359469	0.104371129310968	6.00043011697071	1.16832233362311	0.286990657611278	0.55359849142048	tr|A0Q476|A0Q476_FRATN	rlm	naive	0.55359849142048
0.415269608083465	0.351936325002196	5.42885713370696	1.17995665289985	0.28712475118313	0.55359849142048	tr|A0Q514|A0Q514_FRATN	rlm	naive	0.55359849142048
-0.362394615609015	0.310372988490563	5.98011728547422	-1.16761003388681	0.287400067886377	0.55359849142048	sp|A0Q7V6|BFPK_FRATN	rlm	naive	0.55359849142048
0.215674863388073	0.185287630792489	6.00043011697071	1.16400033000377	0.288609051901893	0.554990501669319	tr|A0Q445|A0Q445_FRATN	rlm	naive	0.554990501669319
1.21642813532149	1.04266356796422	5.78231848786051	1.16665449210673	0.289200956780476	0.554990501669319	tr|A0Q7A6|A0Q7A6_FRATN	rlm	naive	0.554990501669319
0.271700248950646	0.231956156834274	5.50408582456135	1.17134312216066	0.289659056785535	0.554990501669319	tr|A0Q5U5|A0Q5U5_FRATN	rlm	naive	0.554990501669319
-0.274327310089735	0.236637867844572	6.00043011697071	-1.15927054527857	0.290389043837439	0.554990501669319	tr|A0Q7N1|A0Q7N1_FRATN	rlm	naive	0.554990501669319
-0.615159173742246	0.530758998681165	6.00043011697071	-1.15901788810138	0.290484390235431	0.554990501669319	sp|A0Q402|DTD_FRATN	rlm	naive	0.554990501669319
-0.199017845434551	0.172457543091814	6.00043011697071	-1.1540106733899	0.292379481914577	0.557704368911733	tr|A0Q466|A0Q466_FRATN	rlm	naive	0.557704368911733
0.238095486922656	0.202177223812469	4.75957166090145	1.17765731684744	0.294443026683996	0.560730237202099	tr|A0Q816|A0Q816_FRATN	rlm	naive	0.560730237202099
0.132566416871406	0.115081996302993	5.72505605154083	1.15193011183417	0.295172172551918	0.561074688258698	tr|A0Q4Q2|A0Q4Q2_FRATN	rlm	naive	0.561074688258698
-0.133396130960297	0.116188513256997	5.86646459100488	-1.14810085111631	0.295578920878412	0.561074688258698	sp|A0Q8E2|ATPD_FRATN	rlm	naive	0.561074688258698
0.27473488595549	0.235106828655292	4.80612346345957	1.16855340836697	0.297258975096459	0.563353702803774	tr|A0Q8P1|A0Q8P1_FRATN	rlm	naive	0.563353702803774
0.315131334066723	0.276881389290385	5.99746495759339	1.13814559683613	0.298473773678695	0.564745062918626	sp|A0Q7I7|ANMK_FRATN	rlm	naive	0.564745062918626
-0.114348868106052	0.100828421028853	6.00043011697071	-1.1340936110993	0.30002160624029	0.566058868069175	tr|A0Q7Y9|A0Q7Y9_FRATN	rlm	naive	0.566058868069175
-0.162015916294426	0.14009134416942	4.92669594251103	-1.15650197558595	0.300457674880888	0.566058868069175	tr|A0Q832|A0Q832_FRATN	rlm	naive	0.566058868069175
0.149169260134956	0.131708734175777	6.00043011697071	1.13256923368404	0.300613390361843	0.566058868069175	tr|A0Q598|A0Q598_FRATN	rlm	naive	0.566058868069175
0.144826317950418	0.127484218285271	5.5532714058096	1.13603330591353	0.302579181035738	0.568848860347187	tr|A0Q6P2|A0Q6P2_FRATN	rlm	naive	0.568848860347187
0.120828990958722	0.107399190941399	6.00043011697071	1.12504563488425	0.303548565152808	0.569759686988098	tr|A0Q4C8|A0Q4C8_FRATN	rlm	naive	0.569759686988098
-0.121351689641726	0.108129994667801	6.00043011697071	-1.12227592366526	0.304635157648509	0.570887257156297	tr|A0Q7F5|A0Q7F5_FRATN	rlm	naive	0.570887257156297
0.133538429147441	0.116547125582321	4.79840628257021	1.14578912590272	0.305791064891776	0.571970251951083	tr|A0Q8B6|A0Q8B6_FRATN	rlm	naive	0.571970251951083
-0.43384774354362	0.383622660006686	5.34884240201753	-1.13092314081775	0.306231148475015	0.571970251951083	tr|A0Q6N8|A0Q6N8_FRATN	rlm	naive	0.571970251951083
-0.140811220873126	0.126163241031784	6.00043011697071	-1.11610338892334	0.307068461413282	0.571970251951083	sp|A0Q4J5|RL5_FRATN	rlm	naive	0.571970251951083
-0.129305579822768	0.115878558347813	6.00043011697071	-1.11587149224495	0.30716019487756	0.571970251951083	tr|A0Q5B6|A0Q5B6_FRATN	rlm	naive	0.571970251951083
-0.221157829263811	0.195925875685577	5.23005622249941	-1.12878316092728	0.308089130080539	0.572792290893407	sp|A0Q4M1|RL31_FRATN	rlm	naive	0.572792290893407
-0.167430650251469	0.150571999526232	6.00043011697071	-1.11196404894855	0.308709349010276	0.572793104061441	tr|A0Q592|A0Q592_FRATN	rlm	naive	0.572793104061441
1.29145535050526	1.16245023945603	6.00043011697071	1.11097688887706	0.309101752732395	0.572793104061441	tr|A0Q480|A0Q480_FRATN	rlm	naive	0.572793104061441
0.216143918524506	0.194751365705807	6.00043011697071	1.10984545726377	0.309552017939587	0.572793104061441	tr|A0Q629|A0Q629_FRATN	rlm	naive	0.572793104061441
-0.134920494485182	0.121702046811583	6.00043011697071	-1.10861319114923	0.31004303431571	0.572799631007798	tr|A0Q653|A0Q653_FRATN	rlm	naive	0.572799631007798
-0.133929196943598	0.120938705782044	5.99746495759339	-1.1074138430501	0.310541531666048	0.572819936746635	tr|A0Q775|A0Q775_FRATN	rlm	naive	0.572819936746635
-0.14960759446068	0.135400489786064	5.99746495759339	-1.10492653827961	0.311535858983366	0.573753345306355	sp|A0Q419|YIDC_FRATN	rlm	naive	0.573753345306355
0.458225201350189	0.415794641146683	6.00043011697071	1.10204691452129	0.312670442022346	0.574870620820334	tr|A0Q8J3|A0Q8J3_FRATN	rlm	naive	0.574870620820334
-0.133801142129269	0.118967822548361	4.79877900295565	-1.12468345862914	0.313810114014229	0.574870620820334	tr|A0Q708|A0Q708_FRATN	rlm	naive	0.574870620820334
0.159977476773191	0.145586769578379	6.00043011697071	1.09884625667901	0.313957849975601	0.574870620820334	tr|A0Q4R3|A0Q4R3_FRATN	rlm	naive	0.574870620820334
-0.212980907245718	0.193907847876776	6.00043011697071	-1.09836146178603	0.314153234118909	0.574870620820334	sp|A0Q696|DCD_FRATN	rlm	naive	0.574870620820334
-0.181160317877057	0.165099190435879	6.00043011697071	-1.09728168502084	0.314588773776574	0.574870620820334	tr|A0Q776|A0Q776_FRATN	rlm	naive	0.574870620820334
-0.131458573806466	0.119746241089541	5.8811673568479	-1.09780960646745	0.315188176108684	0.575071594608236	tr|A0Q486|A0Q486_FRATN	rlm	naive	0.575071594608236
0.10420604453327	0.0953169757637571	6.00043011697071	1.09325798157449	0.316216198367955	0.576052764468754	tr|A0Q8C9|A0Q8C9_FRATN	rlm	naive	0.576052764468754
0.146155660344073	0.129669309415317	4.44915167258721	1.12714150328319	0.316774190379901	0.576175965474278	tr|A0Q6H8|A0Q6H8_FRATN	rlm	naive	0.576175965474278
0.113320302017562	0.1037783777949	5.79180891973181	1.09194520501679	0.318183968537304	0.577845692475011	tr|A0Q5P6|A0Q5P6_FRATN	rlm	naive	0.577845692475011
0.396548689791363	0.362571243952825	5.61428374806896	1.09371246728811	0.318772021007246	0.578020254141225	tr|A0Q5J8|A0Q5J8_FRATN	rlm	naive	0.578020254141225
-0.222159184602634	0.206171424892801	5.94792314383164	-1.07754595341302	0.322986231219735	0.584262650254425	tr|A0Q4C7|A0Q4C7_FRATN	rlm	naive	0.584262650254425
-0.185000461246764	0.171994285654948	6.00043011697071	-1.07561981226463	0.323432645227119	0.584262650254425	tr|A0Q591|A0Q591_FRATN	rlm	naive	0.584262650254425
0.168142770779658	0.154099112606325	5.13935511267278	1.09113393280343	0.323706370481388	0.584262650254425	tr|A0Q5A2|A0Q5A2_FRATN	rlm	naive	0.584262650254425
0.106763679143112	0.0995382627971701	6.00043011697071	1.07258933542637	0.324686106225948	0.585132169962407	tr|A0Q5E5|A0Q5E5_FRATN	rlm	naive	0.585132169962407
-0.167589817641299	0.156485553684606	6.00043011697071	-1.07096031355759	0.325361550250848	0.585325133799296	sp|A0Q8E3|ATPF_FRATN	rlm	naive	0.585325133799296
-0.196474547105622	0.182376581279591	5.55649868571048	-1.07730140419958	0.325878424576214	0.585325133799296	sp|A0Q5J9|ENO_FRATN	rlm	naive	0.585325133799296
-0.211707529336834	0.197744609102122	5.88320602809004	-1.07061087681789	0.32628762777748	0.585325133799296	tr|A0Q625|A0Q625_FRATN	rlm	naive	0.585325133799296
0.0978718570091562	0.0912389776115995	5.61453498743332	1.07269787070382	0.32733343699149	0.585583057966725	tr|A0Q691|A0Q691_FRATN	rlm	naive	0.585583057966725
-0.100071581874309	0.0941729136786705	6.00043011697071	-1.06263656889459	0.328830885672213	0.585583057966725	sp|A0Q810|SECB2_FRATN	rlm	naive	0.585583057966725
-0.239713120474575	0.22519436478744	5.84356182864808	-1.06447210924145	0.329109797913629	0.585583057966725	sp|A0Q635|BIOD_FRATN	rlm	naive	0.585583057966725
0.163655809592892	0.154167662883795	6.00043011697071	1.06154433771399	0.32928837125565	0.585583057966725	tr|A0Q7Q8|A0Q7Q8_FRATN	rlm	naive	0.585583057966725
0.09632822194247	0.0903682673087076	5.72108449430783	1.06595185247276	0.329349318518761	0.585583057966725	sp|A0Q8G9|NUOD_FRATN	rlm	naive	0.585583057966725
-0.10606093399809	0.0992804954599896	5.57825888113304	-1.06829577659423	0.329421618141281	0.585583057966725	tr|A0Q796|A0Q796_FRATN	rlm	naive	0.585583057966725
0.243997961613778	0.231630353669104	5.45685304176371	1.0533937273279	0.336552314471618	0.59673455676586	tr|A0Q6I2|A0Q6I2_FRATN	rlm	naive	0.59673455676586
-0.0999155351254466	0.0957050011547186	6.00043011697071	-1.04399492105873	0.336710647775119	0.59673455676586	sp|A0Q3U7|DNAA_FRATN	rlm	naive	0.59673455676586
-1.14169342812418	1.09486319787433	6.00043011697071	-1.04277267729956	0.337232614705054	0.596759521503673	tr|A0Q426|A0Q426_FRATN	rlm	naive	0.596759521503673
0.236993109447723	0.227401580439054	5.91890072297536	1.0421788141936	0.338013666454674	0.596882725188235	tr|A0Q495|A0Q495_FRATN	rlm	naive	0.596882725188235
0.552279388845421	0.530917624128168	6.00043011697071	1.04023555396627	0.338318208489672	0.596882725188235	tr|A0Q811|A0Q811_FRATN	rlm	naive	0.596882725188235
-0.092888304903094	0.0890053328021628	5.49248256136233	-1.04362628596156	0.340398418247416	0.599652385968087	tr|A0Q662|A0Q662_FRATN	rlm	naive	0.599652385968087
-0.144660181593509	0.139971017219275	6.00043011697071	-1.03350096661003	0.341213588832095	0.600188573170228	sp|A0Q5I1|PDXS_FRATN	rlm	naive	0.600188573170228
-0.188602024734469	0.184191127692451	6.00043011697071	-1.02394739148013	0.345355295035195	0.605773979252934	tr|A0Q7A8|A0Q7A8_FRATN	rlm	naive	0.605773979252934
0.139305153620728	0.136066931495057	6.00043011697071	1.0237987444127	0.345420056254865	0.605773979252934	tr|A0Q8Q2|A0Q8Q2_FRATN	rlm	naive	0.605773979252934
0.157613825980517	0.154448933691119	6.00043011697071	1.02049151272049	0.346863453894456	0.607398745642304	tr|A0Q694|A0Q694_FRATN	rlm	naive	0.607398745642304
-0.883359055082236	0.867159232400639	5.52966357397057	-1.01868148556379	0.350834933514403	0.612342248750256	tr|A0Q586|A0Q586_FRATN	rlm	naive	0.612342248750256
-0.1116091528033	0.11012998280157	5.76501854747061	-1.01343112896327	0.351482027881232	0.612342248750256	tr|A0Q6X7|A0Q6X7_FRATN	rlm	naive	0.612342248750256
-0.239385042302438	0.234907614718101	5.39023888590526	-1.01906037652168	0.351712949006286	0.612342248750256	tr|A0Q6W8|A0Q6W8_FRATN	rlm	naive	0.612342248750256
-0.147049640866725	0.146091439700331	6.00043011697071	-1.00655891384436	0.352997476816958	0.612342248750256	tr|A0Q4V0|A0Q4V0_FRATN	rlm	naive	0.612342248750256
0.0946319974106328	0.0942427637641286	6.00043011697071	1.00413011706107	0.354075628900199	0.612342248750256	tr|A0Q607|A0Q607_FRATN	rlm	naive	0.612342248750256
-0.238571690188501	0.23721328402365	5.86819491127432	-1.00572651810139	0.354200714318865	0.612342248750256	tr|A0Q898|A0Q898_FRATN	rlm	naive	0.612342248750256
0.180833634283121	0.179068066624391	5.52800488114496	1.00985975719743	0.3547020779217	0.612342248750256	tr|A0Q5S1|A0Q5S1_FRATN	rlm	naive	0.612342248750256
0.119800390768375	0.11692016280695	4.66902476264263	1.02463414258309	0.355659120107132	0.612342248750256	tr|A0Q6U5|A0Q6U5_FRATN	rlm	naive	0.612342248750256
0.340129604563907	0.340132254217621	5.98807432919715	0.999992209931046	0.355994549955185	0.612342248750256	tr|A0Q655|A0Q655_FRATN	rlm	naive	0.612342248750256
0.254053393607304	0.254489921090932	6.00043011697071	0.998284696377141	0.356681216544647	0.612342248750256	tr|A0Q7D8|A0Q7D8_FRATN	rlm	naive	0.612342248750256
0.303057866770367	0.303618710360799	6.00043011697071	0.998152802935741	0.356740183761055	0.612342248750256	tr|A0Q5L9|A0Q5L9_FRATN	rlm	naive	0.612342248750256
-0.117121454957713	0.117357885436895	5.99746495759339	-0.997985389066088	0.356833226763995	0.612342248750256	sp|A0Q8N2|PURT_FRATN	rlm	naive	0.612342248750256
0.246417230926206	0.247015338481699	6.00043011697071	0.997578662284011	0.356996962360187	0.612342248750256	tr|A0Q6K8|A0Q6K8_FRATN	rlm	naive	0.612342248750256
-0.220951989778379	0.221871793413201	6.00043011697071	-0.995854346239004	0.357769030349339	0.612342248750256	sp|A0Q7B4|TYSY_FRATN	rlm	naive	0.612342248750256
0.514192486304906	0.514765707599302	5.75216177350705	0.998886442344675	0.357997842034204	0.612342248750256	sp|A0Q8K2|OBG_FRATN	rlm	naive	0.612342248750256
0.177855880337924	0.177254809697694	5.46289427161576	1.00339099763361	0.358024787141639	0.612342248750256	tr|A0Q5M9|A0Q5M9_FRATN	rlm	naive	0.612342248750256
0.105251246002325	0.105321175555763	5.55609519767436	0.999336035198341	0.359145367894303	0.613365998947393	tr|A0Q716|A0Q716_FRATN	rlm	naive	0.613365998947393
-0.139404612997564	0.140652236866001	5.8985872449584	-0.991129726080178	0.360521645808832	0.614822835740751	tr|A0Q583|A0Q583_FRATN	rlm	naive	0.614822835740751
-0.307212941671161	0.310847812776692	6.00043011697071	-0.98830658941087	0.361164205353285	0.615026001869725	tr|A0Q7A4|A0Q7A4_FRATN	rlm	naive	0.615026001869725
-0.122086247152451	0.123412471827907	5.43293732328818	-0.989253722449494	0.364527368993362	0.619854788085673	sp|A0Q5M6|GPMI_FRATN	rlm	naive	0.619854788085673
0.40724851836921	0.41658737631902	5.86522211315709	0.977582474936401	0.366862330758647	0.622298366496434	sp|A0Q626|FMT_FRATN	rlm	naive	0.622298366496434
0.11419146161376	0.117243225837696	6.00043011697071	0.973970656282008	0.367683146898357	0.622298366496434	tr|A0Q6M1|A0Q6M1_FRATN	rlm	naive	0.622298366496434
0.204699019254921	0.21017731515279	5.99746495759339	0.973934884961843	0.367717289391327	0.622298366496434	tr|A0Q6R9|A0Q6R9_FRATN	rlm	naive	0.622298366496434
0.0989325591920026	0.101114541907523	5.62025228638267	0.978420683371969	0.368082863587252	0.622298366496434	tr|A0Q538|A0Q538_FRATN	rlm	naive	0.622298366496434
-0.38499583788364	0.396041572400423	5.93175130732168	-0.972109658968794	0.368951113237063	0.622870054674639	tr|A0Q650|A0Q650_FRATN	rlm	naive	0.622870054674639
0.113350786375209	0.116851209162045	5.90566386479452	0.970043760677036	0.370058698736456	0.623843573910095	sp|A0Q8M6|TRPB_FRATN	rlm	naive	0.623843573910095
-0.0924849169665799	0.0944313256445615	5.17309012075868	-0.97938810384482	0.370941570510841	0.624436024857075	sp|A0Q7J1|PGK_FRATN	rlm	naive	0.624436024857075
-0.189159674863637	0.19619329541462	6.00043011697071	-0.964149536628568	0.372202359554602	0.624780177513674	tr|A0Q5W6|A0Q5W6_FRATN	rlm	naive	0.624780177513674
-0.0788102695312101	0.0817420152671481	6.00043011697071	-0.964134163730163	0.372209467454954	0.624780177513674	tr|A0Q702|A0Q702_FRATN	rlm	naive	0.624780177513674
-0.518706033435831	0.539182531400935	6.00043011697071	-0.962023068677873	0.373186576245196	0.625526714818981	tr|A0Q5E9|A0Q5E9_FRATN	rlm	naive	0.625526714818981
0.104615671779956	0.10924063007448	5.9784363796819	0.957662654532745	0.375341097349155	0.627348227182084	tr|A0Q5V5|A0Q5V5_FRATN	rlm	naive	0.627348227182084
-0.20141395292289	0.210451496237248	6.00043011697071	-0.957056407410049	0.375493288312763	0.627348227182084	sp|A0Q621|RLMKL_FRATN	rlm	naive	0.627348227182084
-0.166038135058593	0.173941201133986	5.99640531294822	-0.954564726333555	0.376678352664039	0.627348227182084	tr|A0Q4R1|A0Q4R1_FRATN	rlm	naive	0.627348227182084
-0.620356283802954	0.646899028058545	5.63040004426728	-0.958969262428405	0.376921698926959	0.627348227182084	tr|A0Q799|A0Q799_FRATN	rlm	naive	0.627348227182084
-0.117436325863904	0.121404467267214	5.10569118354908	-0.967314700252539	0.376942849694086	0.627348227182084	sp|A0Q8C6|APT_FRATN	rlm	naive	0.627348227182084
-0.878729800042686	0.924606417017803	6.00043011697071	-0.950382545339577	0.378610410912164	0.62915019067722	sp|A0Q614|TRHO_FRATN	rlm	naive	0.62915019067722
0.137295286994898	0.144620949649301	6.00043011697071	0.949345771327271	0.379096455318699	0.62915019067722	tr|A0Q745|A0Q745_FRATN	rlm	naive	0.62915019067722
0.140731299989672	0.149929873144611	6.00043011697071	0.938647495912527	0.384140223385317	0.636439798056768	tr|A0Q7P5|A0Q7P5_FRATN	rlm	naive	0.636439798056768
0.0957038771537658	0.102058395162325	6.00043011697071	0.937736449819225	0.384572133293877	0.636439798056768	tr|A0Q5E4|A0Q5E4_FRATN	rlm	naive	0.636439798056768
1.12436015730582	1.20278274247879	5.9829766540263	0.93479904358176	0.386067869046989	0.638016520576951	tr|A0Q7K7|A0Q7K7_FRATN	rlm	naive	0.638016520576951
0.127838972092205	0.137448130120726	6.00043011697071	0.930088841368152	0.388212537221896	0.640659734881641	tr|A0Q515|A0Q515_FRATN	rlm	naive	0.640659734881641
0.134686991438888	0.144784175457678	5.7831744969987	0.930260444645471	0.389417737986775	0.641173990209419	sp|A0Q6Q0|Y1028_FRATN	rlm	naive	0.641173990209419
0.0917044075024609	0.0987293521759901	5.86189000597183	0.928846442129927	0.38961551405066	0.641173990209419	tr|A0Q722|A0Q722_FRATN	rlm	naive	0.641173990209419
-0.29703994706868	0.320306398402507	5.64279703703577	-0.927361890209295	0.391679160744538	0.642825710180759	tr|A0Q697|A0Q697_FRATN	rlm	naive	0.642825710180759
0.184018200976925	0.199415814937028	6.00043011697071	0.922786395026068	0.391713368927169	0.642825710180759	tr|A0Q3X9|A0Q3X9_FRATN	rlm	naive	0.642825710180759
-0.0926479941815842	0.100284734615889	5.79758351591103	-0.923849422710691	0.392392843138349	0.643042664836206	tr|A0Q6L1|A0Q6L1_FRATN	rlm	naive	0.643042664836206
0.296922402229117	0.324062256747221	6.00043011697071	0.916251109306836	0.394866926271017	0.645580677556234	tr|A0Q430|A0Q430_FRATN	rlm	naive	0.645580677556234
0.359782298733325	0.392821447469403	6.00043011697071	0.915892706600112	0.395040431628028	0.645580677556234	tr|A0Q643|A0Q643_FRATN	rlm	naive	0.645580677556234
-0.174688672033861	0.191078766901763	5.60187362810721	-0.914223358598873	0.398240671996739	0.6499066522169	tr|A0Q734|A0Q734_FRATN	rlm	naive	0.6499066522169
0.472624092274968	0.513588493855663	5.04974326686589	0.920238864244867	0.399275782706523	0.650675311233618	sp|A0Q7A0|QUEA_FRATN	rlm	naive	0.650675311233618
0.100722507194085	0.109820902028059	5.14575615404192	0.91715243031195	0.400006912823494	0.650675311233618	tr|A0Q8Q5|A0Q8Q5_FRATN	rlm	naive	0.650675311233618
0.311519934217083	0.34340048067117	5.6788370835484	0.907162196186281	0.401174565354351	0.650675311233618	sp|A0Q8A2|CCA_FRATN	rlm	naive	0.650675311233618
1.03625449025702	1.13758895841801	5.37898887873081	0.910921719650036	0.401313763752847	0.650675311233618	tr|A0Q698|A0Q698_FRATN	rlm	naive	0.650675311233618
-0.435902924286482	0.480193652387976	5.58374592665716	-0.907764861361164	0.4014805111867	0.650675311233618	tr|A0Q6H1|A0Q6H1_FRATN	rlm	naive	0.650675311233618
-0.07516351347903	0.0836056865136805	6.00043011697071	-0.899023937405633	0.403272717193599	0.65267967314391	tr|A0Q7Y6|A0Q7Y6_FRATN	rlm	naive	0.65267967314391
0.115739134136831	0.127056899838779	4.85055498079003	0.910923643530504	0.405329309775464	0.655105830792531	tr|A0Q8J2|A0Q8J2_FRATN	rlm	naive	0.655105830792531
0.124230530557577	0.139758721392546	6.00043011697071	0.888892867076579	0.408279042834604	0.658966861717939	tr|A0Q631|A0Q631_FRATN	rlm	naive	0.658966861717939
0.762250018382384	0.859744065630256	5.99746495759339	0.886601081478356	0.409434168695958	0.659887259420502	tr|A0Q6X5|A0Q6X5_FRATN	rlm	naive	0.659887259420502
0.137509689232922	0.155256001015912	5.84709349335344	0.885696451880332	0.410723084434036	0.659887259420502	tr|A0Q8I7|A0Q8I7_FRATN	rlm	naive	0.659887259420502
0.086169390906195	0.0975187260097556	6.00043011697071	0.883618915382209	0.410903674809577	0.659887259420502	sp|A0Q880|GLPK_FRATN	rlm	naive	0.659887259420502
0.159072648579173	0.180102494795487	6.00043011697071	0.883234009388965	0.411095722464517	0.659887259420502	tr|A0Q7S1|A0Q7S1_FRATN	rlm	naive	0.659887259420502
0.0835179177809253	0.0953591341283359	6.00043011697071	0.87582504334116	0.414805542836622	0.664933851068255	tr|A0Q4B0|A0Q4B0_FRATN	rlm	naive	0.664933851068255
0.0968829850769126	0.11000489366913	5.26994155869508	0.880715228618058	0.416822953038743	0.667257452071558	tr|A0Q884|A0Q884_FRATN	rlm	naive	0.667257452071558
0.168824248122744	0.194190370673657	6.00043011697071	0.869374972286646	0.418055568602655	0.668320126677714	tr|A0Q8B0|A0Q8B0_FRATN	rlm	naive	0.668320126677714
-0.0882016376450498	0.102140853496383	6.00043011697071	-0.863529475482338	0.42101732356104	0.671138571987296	sp|A0Q4Q1|SYC_FRATN	rlm	naive	0.671138571987296
0.190459383478964	0.220417052929481	5.86989890012755	0.864086425925937	0.421440903124809	0.671138571987296	tr|A0Q548|A0Q548_FRATN	rlm	naive	0.671138571987296
-0.134385895645477	0.154621405230441	5.4289421194203	-0.86912866588681	0.421532141384361	0.671138571987296	tr|A0Q410|A0Q410_FRATN	rlm	naive	0.671138571987296
0.193093109677961	0.224624874852788	6.00043011697071	0.859624784674929	0.423004389975763	0.67157720533151	tr|A0Q8G0|A0Q8G0_FRATN	rlm	naive	0.67157720533151
0.092721776231712	0.107586326588341	5.77499714826808	0.861836063856838	0.423113991074172	0.67157720533151	tr|A0Q769|A0Q769_FRATN	rlm	naive	0.67157720533151
-0.0865277437495241	0.100618666790318	5.87272595743135	-0.859957168085336	0.423522305660127	0.67157720533151	tr|A0Q615|A0Q615_FRATN	rlm	naive	0.67157720533151
0.135231687446862	0.156220103861772	5.24765248142288	0.865648428748446	0.424482771146826	0.672193067516874	tr|A0Q558|A0Q558_FRATN	rlm	naive	0.672193067516874
-0.184489595266181	0.213891602500561	5.29231206039845	-0.862537814057928	0.425742551594667	0.672241824866248	tr|A0Q894|A0Q894_FRATN	rlm	naive	0.672241824866248
-0.104282759729817	0.122298636204763	6.00043011697071	-0.852689473619464	0.426550825270616	0.672241824866248	tr|A0Q432|A0Q432_FRATN	rlm	naive	0.672241824866248
-0.214600065845424	0.25169959285756	5.98541264673089	-0.852603945080154	0.426673351782565	0.672241824866248	tr|A0Q701|A0Q701_FRATN	rlm	naive	0.672241824866248
0.0980101191910836	0.114650914948758	5.75083990426671	0.854856842920866	0.426802043702316	0.672241824866248	tr|A0Q508|A0Q508_FRATN	rlm	naive	0.672241824866248
-0.109066634360964	0.128303964956792	6.00043011697071	-0.85006441069606	0.42789888661267	0.673067191124347	tr|A0Q7F7|A0Q7F7_FRATN	rlm	naive	0.673067191124347
-0.717185788008357	0.844638722162172	5.82037125595432	-0.849103609851617	0.429357412151786	0.674458501709021	tr|A0Q6S2|A0Q6S2_FRATN	rlm	naive	0.674458501709021
0.132169260885693	0.156253300888057	6.00043011697071	0.845865400183648	0.430061744754303	0.67466295071603	tr|A0Q8M2|A0Q8M2_FRATN	rlm	naive	0.67466295071603
-0.23225705476006	0.274697906146957	5.81959921875628	-0.845499909401594	0.431214596019674	0.674873149818711	tr|A0Q6C5|A0Q6C5_FRATN	rlm	naive	0.674873149818711
-0.382178937096744	0.446343352054149	4.95073061152458	-0.856244268762807	0.43134445575647	0.674873149818711	tr|A0Q3V2|A0Q3V2_FRATN	rlm	naive	0.674873149818711
-0.138480534021259	0.164433673848219	6.00043011697071	-0.842166514804528	0.431973640660784	0.674958813532476	tr|A0Q7C9|A0Q7C9_FRATN	rlm	naive	0.674958813532476
0.216052079551111	0.257125886912918	5.89840304133593	0.84025798469791	0.433496087446177	0.67592586001119	tr|A0Q4F2|A0Q4F2_FRATN	rlm	naive	0.67592586001119
0.497016154338874	0.593442643030019	6.00043011697071	0.837513380907702	0.434387611988204	0.67592586001119	tr|A0Q5F0|A0Q5F0_FRATN	rlm	naive	0.67592586001119
0.198626013219893	0.237542868447017	6.00043011697071	0.836169128201782	0.435086822074369	0.67592586001119	tr|A0Q5R4|A0Q5R4_FRATN	rlm	naive	0.67592586001119
-0.214241912381038	0.256532740955979	6.00043011697071	-0.835144518327982	0.435620322497351	0.67592586001119	tr|A0Q846|A0Q846_FRATN	rlm	naive	0.67592586001119
-0.0911049723557878	0.108978931767384	5.91560432576787	-0.835987019493377	0.435621541415555	0.67592586001119	tr|A0Q7C4|A0Q7C4_FRATN	rlm	naive	0.67592586001119
-0.102400744872049	0.122093848885716	5.56477468086566	-0.838705191183708	0.436171798942143	0.67592586001119	tr|A0Q4U3|A0Q4U3_FRATN	rlm	naive	0.67592586001119
0.118895636801687	0.141177925543898	5.03806098153022	0.842168748008114	0.437832899904251	0.67592586001119	tr|A0Q7Y2|A0Q7Y2_FRATN	rlm	naive	0.67592586001119
0.214868657397589	0.258775429020053	6.00043011697071	0.830328668418279	0.43813426392639	0.67592586001119	tr|A0Q5Z3|A0Q5Z3_FRATN	rlm	naive	0.67592586001119
0.122990387272508	0.148180795881992	6.00043011697071	0.830002204674715	0.438305064158566	0.67592586001119	sp|A0Q7V5|BFPR_FRATN	rlm	naive	0.67592586001119
0.225889103469826	0.272803451095066	6.00043011697071	0.828028760498007	0.439338567693156	0.67592586001119	tr|A0Q6A8|A0Q6A8_FRATN	rlm	naive	0.67592586001119
-0.0879675051866138	0.1047074239793	4.94256632199422	-0.840126724958915	0.439573278181506	0.67592586001119	tr|A0Q8B7|A0Q8B7_FRATN	rlm	naive	0.67592586001119
0.176855691153087	0.21373191681976	6.00043011697071	0.827465049603373	0.439634111154758	0.67592586001119	tr|A0Q7K3|A0Q7K3_FRATN	rlm	naive	0.67592586001119
0.205702384831656	0.247683827618448	5.6250485353678	0.83050390011146	0.440070879071115	0.67592586001119	sp|A0Q7X9|LPXB_FRATN	rlm	naive	0.67592586001119
-0.0933569135328383	0.11328240181947	6.00043011697071	-0.824107822869208	0.441397235074235	0.676640436632043	tr|A0Q4S1|A0Q4S1_FRATN	rlm	naive	0.676640436632043
-0.12860632571769	0.156159895903566	6.00043011697071	-0.823555401171045	0.441687842465342	0.676640436632043	tr|A0Q664|A0Q664_FRATN	rlm	naive	0.676640436632043
-0.141764453406617	0.173102428723259	6.00043011697071	-0.818962821331974	0.444109184186426	0.679082767823683	tr|A0Q463|A0Q463_FRATN	rlm	naive	0.679082767823683
-0.240289388992848	0.294051447142269	5.93511556498696	-0.817167850483628	0.445387637357382	0.679082767823683	sp|A0Q5Y6|CAS4_FRATN	rlm	naive	0.679082767823683
0.0910007318358966	0.111829786671487	6.00043011697071	0.813743230175534	0.446872729859106	0.679082767823683	tr|A0Q5M4|A0Q5M4_FRATN	rlm	naive	0.679082767823683
0.118029949147816	0.143116458865481	5.00526147772097	0.824712615749911	0.447041756707607	0.679082767823683	tr|A0Q5N3|A0Q5N3_FRATN	rlm	naive	0.679082767823683
0.127722261350026	0.156956198301665	5.9243134123929	0.813744616218008	0.447254899781919	0.679082767823683	tr|A0Q8P6|A0Q8P6_FRATN	rlm	naive	0.679082767823683
0.383523085349606	0.467606095612411	5.26094717866012	0.820184101422622	0.447665567732997	0.679082767823683	tr|A0Q5J6|A0Q5J6_FRATN	rlm	naive	0.679082767823683
-0.109195753696116	0.132258890474348	4.80900356676221	-0.825621274339174	0.448024024303941	0.679082767823683	tr|A0Q4A9|A0Q4A9_FRATN	rlm	naive	0.679082767823683
-0.158919637345257	0.195908714245855	6.00043011697071	-0.811192283901275	0.448227841723843	0.679082767823683	sp|A0Q7W6|RNC_FRATN	rlm	naive	0.679082767823683
-0.0824894434572415	0.101395412659431	5.71160266453213	-0.813542164223041	0.448483598154194	0.679082767823683	tr|A0Q6M2|A0Q6M2_FRATN	rlm	naive	0.679082767823683
-0.0946797145711417	0.117098947331439	6.00043011697071	-0.808544540568403	0.449637495517286	0.67995374161237	tr|A0Q8P7|A0Q8P7_FRATN	rlm	naive	0.67995374161237
-0.110151457495808	0.136514687430657	5.90218591755879	-0.806883563731998	0.451014865854508	0.681159983777695	sp|A0Q4N4|LOLA_FRATN	rlm	naive	0.681159983777695
-0.312652662245471	0.383352278047203	4.91066491502133	-0.815575334097723	0.452470202646622	0.682480729280848	tr|A0Q4T0|A0Q4T0_FRATN	rlm	naive	0.682480729280848
-0.0823032595658899	0.102679560732666	6.00043011697071	-0.801554457173538	0.453374271930724	0.682967653228976	sp|A0Q7N3|SYP_FRATN	rlm	naive	0.682967653228976
0.171752136873972	0.214931839756004	6.00043011697071	0.799100482594618	0.45469137312503	0.684074729093354	tr|A0Q8D4|A0Q8D4_FRATN	rlm	naive	0.684074729093354
-0.523858466490302	0.654536745429197	5.61794485628111	-0.800349972936652	0.456008333276135	0.685178761636136	tr|A0Q7L7|A0Q7L7_FRATN	rlm	naive	0.685178761636136
-0.0932711287879502	0.118141222053515	5.82145247701011	-0.789488437369482	0.460762432231559	0.691437877231266	sp|A0Q6C0|GUAA_FRATN	rlm	naive	0.691437877231266
-0.168849391224155	0.213805262771616	5.58756234855004	-0.789734495004071	0.461869075276225	0.692214494195873	tr|A0Q687|A0Q687_FRATN	rlm	naive	0.692214494195873
-0.233906564497663	0.298402361858655	6.00043011697071	-0.783862979638406	0.462930643620007	0.692921664017208	tr|A0Q636|A0Q636_FRATN	rlm	naive	0.692921664017208
-0.159693891063255	0.200292040074453	4.69279257214091	-0.797305229922731	0.463684551862155	0.69296747536249	tr|A0Q6I7|A0Q6I7_FRATN	rlm	naive	0.69296747536249
-0.246619943921519	0.312095465274878	5.1627299962612	-0.790206751976701	0.464140768604493	0.69296747536249	tr|A0Q718|A0Q718_FRATN	rlm	naive	0.69296747536249
-0.097703087582274	0.125468103681178	6.00043011697071	-0.778708569873213	0.465741491652044	0.693315046325348	tr|A0Q470|A0Q470_FRATN	rlm	naive	0.693315046325348
0.114339004563588	0.146839713979316	6.00043011697071	0.778665399605	0.465765084248945	0.693315046325348	tr|A0Q5L7|A0Q5L7_FRATN	rlm	naive	0.693315046325348
-0.372416480275005	0.47929031989304	6.00043011697071	-0.777016486287714	0.466666846069229	0.693315046325348	sp|A0Q864|TSAD_FRATN	rlm	naive	0.693315046325348
0.104272387628048	0.133021689543704	5.29204136674753	0.783875080715986	0.466733788632639	0.693315046325348	tr|A0Q818|A0Q818_FRATN	rlm	naive	0.693315046325348
0.616556433556009	0.795740456655341	5.96102473104171	0.774821021602346	0.468056181189266	0.694401531436096	tr|A0Q831|A0Q831_FRATN	rlm	naive	0.694401531436096
0.24761853989024	0.320956097664395	6.00043011697071	0.771502836967939	0.469691061927374	0.695398248033451	tr|A0Q521|A0Q521_FRATN	rlm	naive	0.695398248033451
-0.156092465281263	0.201168129604868	5.48483879730319	-0.775930390106314	0.469911667181753	0.695398248033451	tr|A0Q6G7|A0Q6G7_FRATN	rlm	naive	0.695398248033451
-0.148121639440819	0.192679747546034	5.49273448379737	-0.768745243479366	0.473788170842525	0.699543998067173	tr|A0Q6E1|A0Q6E1_FRATN	rlm	naive	0.699543998067173
-0.0730770710026963	0.095540391646308	5.77969600541444	-0.764881425996544	0.474403305675078	0.699543998067173	tr|A0Q513|A0Q513_FRATN	rlm	naive	0.699543998067173
-0.300350760971915	0.393754088633523	6.00043011697071	-0.762787662762429	0.474499205497478	0.699543998067173	tr|A0Q6F3|A0Q6F3_FRATN	rlm	naive	0.699543998067173
-0.117759170006764	0.154656955143904	5.91933171261324	-0.761421753694763	0.475635456102475	0.700340427218557	sp|A0Q7G4|MNME_FRATN	rlm	naive	0.700340427218557
-0.12750006185615	0.168089112357947	6.00043011697071	-0.758526593826244	0.476862450579167	0.700915693341879	tr|A0Q5K7|A0Q5K7_FRATN	rlm	naive	0.700915693341879
-0.066012024633406	0.0871162721091282	6.00043011697071	-0.757746205562085	0.477296147011846	0.700915693341879	tr|A0Q8J1|A0Q8J1_FRATN	rlm	naive	0.700915693341879
0.09088137335261	0.120317221738119	6.00043011697071	0.75534800454769	0.478630643155047	0.700915693341879	tr|A0Q5N7|A0Q5N7_FRATN	rlm	naive	0.700915693341879
0.177385934202631	0.234938405966573	6.00043011697071	0.755031658075816	0.478806868907418	0.700915693341879	tr|A0Q640|A0Q640_FRATN	rlm	naive	0.700915693341879
0.168543323989661	0.223334006640189	6.00043011697071	0.754669324771484	0.479008767449812	0.700915693341879	tr|A0Q7B8|A0Q7B8_FRATN	rlm	naive	0.700915693341879
-0.195695494490236	0.260786025209728	6.00043011697071	-0.750406369869146	0.481388577835873	0.703521864374566	sp|A0Q5C7|FETP_FRATN	rlm	naive	0.703521864374566
-0.205719202494369	0.275938289281843	6.00043011697071	-0.745526121183739	0.484122979525542	0.706639131605605	tr|A0Q7M4|A0Q7M4_FRATN	rlm	naive	0.706639131605605
0.693561265007119	0.933312083491387	5.85425169991944	0.743118274449642	0.486149049461323	0.708359403808837	tr|A0Q6G3|A0Q6G3_FRATN	rlm	naive	0.708359403808837
0.0683957183122379	0.0922662821001411	6.00043011697071	0.7412861638665	0.48650726712658	0.708359403808837	tr|A0Q8G6|A0Q8G6_FRATN	rlm	naive	0.708359403808837
0.111135800722535	0.15081031552483	5.90284902888931	0.736924396290634	0.489410022744731	0.711703931590419	tr|A0Q429|A0Q429_FRATN	rlm	naive	0.711703931590419
0.0655511742617881	0.0901149944597111	6.00043011697071	0.727416948253766	0.494362430716397	0.718017127431109	sp|A0Q565|GLMU_FRATN	rlm	naive	0.718017127431109
-0.0955783130671556	0.130634656042356	5.23441176984125	-0.731645919718011	0.495815144753835	0.71923801862439	sp|A0Q7Y5|DXR_FRATN	rlm	naive	0.71923801862439
-0.109502004895074	0.149344003928017	4.6187554848066	-0.733219962067262	0.498917314651823	0.720932902454657	tr|A0Q6D5|A0Q6D5_FRATN	rlm	naive	0.720932902454657
-0.112254160240532	0.15418836513656	4.99084322203468	-0.728032625166707	0.499301480389693	0.720932902454657	sp|A0Q4J2|RS17_FRATN	rlm	naive	0.720932902454657
-0.189132051905682	0.263194971094574	6.00043011697071	-0.718600553495078	0.499400245754407	0.720932902454657	tr|A0Q501|A0Q501_FRATN	rlm	naive	0.720932902454657
-0.0930904667869483	0.128134998298336	5.05828131713585	-0.726503047748177	0.499745339043674	0.720932902454657	tr|A0Q7X5|A0Q7X5_FRATN	rlm	naive	0.720932902454657
-0.188432449443527	0.262811556153584	6.00043011697071	-0.716986924781228	0.500326024475943	0.720932902454657	tr|A0Q5S2|A0Q5S2_FRATN	rlm	naive	0.720932902454657
0.0854528237817885	0.117928152666598	5.08175631205945	0.724617674825936	0.500664892257872	0.720932902454657	tr|A0Q5G5|A0Q5G5_FRATN	rlm	naive	0.720932902454657
0.0853715045182484	0.117923037945162	4.94336600983142	0.723959507877916	0.501887843529196	0.721809322089114	tr|A0Q608|A0Q608_FRATN	rlm	naive	0.721809322089114
-0.181467108044214	0.256929469774258	6.00043011697071	-0.706291528969617	0.506491316521456	0.727301719502668	tr|A0Q7U3|A0Q7U3_FRATN	rlm	naive	0.727301719502668
0.0722940195838438	0.101413812472701	5.14605612064281	0.712861668653906	0.50694477299803	0.727301719502668	tr|A0Q6U6|A0Q6U6_FRATN	rlm	naive	0.727301719502668
0.0742328833845316	0.105142814689468	5.73648051434031	0.706019556388837	0.507818828401038	0.727667223623439	sp|A0Q5H4|SUCC_FRATN	rlm	naive	0.727667223623439
-0.069228520980527	0.0988675202178289	6.00043011697071	-0.700215003147646	0.510016543220381	0.729926234207	tr|A0Q7I5|A0Q7I5_FRATN	rlm	naive	0.729926234207
-0.107468525547718	0.153873791432004	5.77343987551525	-0.698419948891738	0.512048988533944	0.731943505507767	tr|A0Q4N9|A0Q4N9_FRATN	rlm	naive	0.731943505507767
-0.18379175399553	0.263388157463033	5.68094549290122	-0.697798092996364	0.512833978355049	0.732174877967415	tr|A0Q7S6|A0Q7S6_FRATN	rlm	naive	0.732174877967415
0.0951279513799614	0.1370714296303	6.00043011697071	0.69400276656145	0.513637262188417	0.732431775572075	tr|A0Q428|A0Q428_FRATN	rlm	naive	0.732431775572075
0.222531257813533	0.320773704294521	5.76828174280698	0.693732855387717	0.514798589211778	0.733197990695562	tr|A0Q7K0|A0Q7K0_FRATN	rlm	naive	0.733197990695562
0.0858392050879539	0.123717789357572	5.57772000519696	0.693830737953613	0.515625233211074	0.733336443557972	tr|A0Q7S5|A0Q7S5_FRATN	rlm	naive	0.733336443557972
-0.192746393081325	0.279572676166729	5.99414105512049	-0.689432156690364	0.516337996387523	0.733336443557972	sp|A0Q6Z1|HEMH_FRATN	rlm	naive	0.733336443557972
-0.0776136466531124	0.112820011312024	6.00043011697071	-0.687942198821961	0.517185867172822	0.733336443557972	tr|A0Q6V8|A0Q6V8_FRATN	rlm	naive	0.733336443557972
0.088026215782642	0.125591079872875	4.57514137999019	0.700895444738141	0.517392265284731	0.733336443557972	tr|A0Q7I2|A0Q7I2_FRATN	rlm	naive	0.733336443557972
0.0700175413940071	0.102616375037174	6.00043011697071	0.682323278021097	0.520490203475618	0.736838541064881	tr|A0Q7B5|A0Q7B5_FRATN	rlm	naive	0.736838541064881
0.143506904772943	0.212366027243334	5.99964046858129	0.675752645730429	0.524374837373905	0.738829268620733	tr|A0Q710|A0Q710_FRATN	rlm	naive	0.738829268620733
0.106785284348281	0.1577993455427	5.85033803929056	0.676715635169634	0.524424058455041	0.738829268620733	tr|A0Q7V4|A0Q7V4_FRATN	rlm	naive	0.738829268620733
-0.214953229614607	0.318247176652913	6.00043011697071	-0.675428551716704	0.52456358193117	0.738829268620733	tr|A0Q633|A0Q633_FRATN	rlm	naive	0.738829268620733
0.102575108181369	0.151868748534039	6.00043011697071	0.675419460366322	0.524568966695589	0.738829268620733	tr|A0Q8G7|A0Q8G7_FRATN	rlm	naive	0.738829268620733
0.658262362156961	0.977113624170263	6.00043011697071	0.673680466502489	0.525599623713194	0.738829268620733	tr|A0Q6Y8|A0Q6Y8_FRATN	rlm	naive	0.738829268620733
-0.0775349005979635	0.115111542969878	6.00043011697071	-0.673563211799295	0.525669164737815	0.738829268620733	tr|A0Q423|A0Q423_FRATN	rlm	naive	0.738829268620733
0.0913049497140684	0.136044626476655	6.00043011697071	0.671139699367225	0.527107826832003	0.739392086239461	tr|A0Q746|A0Q746_FRATN	rlm	naive	0.739392086239461
0.141718784556354	0.208805664959522	5.02262179177231	0.678711396952891	0.527328143207377	0.739392086239461	sp|A0Q454|MNMA_FRATN	rlm	naive	0.739392086239461
0.329485890117245	0.494674870707557	6.00043011697071	0.666065550582681	0.530128205263726	0.742432230256112	tr|A0Q820|A0Q820_FRATN	rlm	naive	0.742432230256112
-0.059050895544665	0.0890591014516871	6.00043011697071	-0.663052900625761	0.531926738280155	0.744064187475217	tr|A0Q648|A0Q648_FRATN	rlm	naive	0.744064187475217
-0.128195534709355	0.191617045616991	4.91872300978071	-0.669019472127731	0.533594214555307	0.745509158266927	tr|A0Q7U6|A0Q7U6_FRATN	rlm	naive	0.745509158266927
-0.413611226904251	0.629761418001605	5.91826949608267	-0.656774478526719	0.536013218593404	0.747999443999109	tr|A0Q8B1|A0Q8B1_FRATN	rlm	naive	0.747999443999109
-0.0923075386722708	0.141161805253492	6.00043011697071	-0.653912993720286	0.537407098550906	0.749054971289815	tr|A0Q6U9|A0Q6U9_FRATN	rlm	naive	0.749054971289815
-0.141661644564422	0.219045815890505	6.00043011697071	-0.64672152713127	0.541744325413718	0.754205666304642	tr|A0Q7I3|A0Q7I3_FRATN	rlm	naive	0.754205666304642
0.175437719722245	0.272790026237534	6.00043011697071	0.643123658668814	0.543922510456787	0.755810723244558	tr|A0Q5X4|A0Q5X4_FRATN	rlm	naive	0.755810723244558
0.0726304748224494	0.113009627347043	6.00043011697071	0.642692808811832	0.544183720736082	0.755810723244558	tr|A0Q5A5|A0Q5A5_FRATN	rlm	naive	0.755810723244558
-0.262631841883365	0.410333252297533	6.00043011697071	-0.640045232534385	0.545790592880059	0.757147516687214	sp|A0Q845|HEM1_FRATN	rlm	naive	0.757147516687214
0.419513581916797	0.644897023228919	4.50101648484235	0.650512510999577	0.547088515558105	0.757438150723058	tr|A0Q546|A0Q546_FRATN	rlm	naive	0.757438150723058
-0.0808783176798999	0.126453824986552	5.68059786904619	-0.639587752197301	0.547348319906865	0.757438150723058	tr|A0Q4E0|A0Q4E0_FRATN	rlm	naive	0.757438150723058
-0.0652249469408984	0.102470962577688	6.00043011697071	-0.636521267099917	0.547933981374127	0.757438150723058	tr|A0Q5A7|A0Q5A7_FRATN	rlm	naive	0.757438150723058
0.271706358512342	0.432039358635248	6.00043011697071	0.628892606846342	0.552591980542937	0.762979526601587	tr|A0Q6X9|A0Q6X9_FRATN	rlm	naive	0.762979526601587
0.0799374327148321	0.125097443111365	4.43936925456048	0.6390013314954	0.554315384049618	0.763577249227342	tr|A0Q6B5|A0Q6B5_FRATN	rlm	naive	0.763577249227342
0.174792352593152	0.279191918448325	6.00043011697071	0.626065229841185	0.554324590290147	0.763577249227342	tr|A0Q5I7|A0Q5I7_FRATN	rlm	naive	0.763577249227342
-0.0834246533255954	0.132551195384991	5.24519733986021	-0.629376846306751	0.555497970721494	0.764297559247957	sp|A0Q4U6|TOLB_FRATN	rlm	naive	0.764297559247957
-0.092887412181157	0.149386355540041	6.00043011697071	-0.62179314734176	0.55694888738532	0.765397593775147	tr|A0Q7B2|A0Q7B2_FRATN	rlm	naive	0.765397593775147
-0.091455268443986	0.148658314454547	6.00043011697071	-0.615204529794054	0.561011200183969	0.769770029343398	tr|A0Q6L6|A0Q6L6_FRATN	rlm	naive	0.769770029343398
-0.079303087238827	0.127545976247346	4.87600025490684	-0.621760792241984	0.562009870073431	0.769770029343398	sp|A0Q893|KTHY_FRATN	rlm	naive	0.769770029343398
-0.085969822543737	0.137839146121173	4.65641102525389	-0.623696714343848	0.562095902277988	0.769770029343398	tr|A0Q8I0|A0Q8I0_FRATN	rlm	naive	0.769770029343398
-0.364507813967705	0.602520993644446	6.00043011697071	-0.604971142603548	0.567356627325731	0.776069891859992	tr|A0Q421|A0Q421_FRATN	rlm	naive	0.776069891859992
0.130674757546813	0.215277992040547	5.31445706941124	0.607004721235974	0.568848923819532	0.777151163771421	tr|A0Q5F4|A0Q5F4_FRATN	rlm	naive	0.777151163771421
0.183409834448417	0.304418535666956	5.78907170967289	0.602492335253438	0.569676143081706	0.777151163771421	tr|A0Q547|A0Q547_FRATN	rlm	naive	0.777151163771421
0.0718591153816998	0.118591521687128	5.17913521693986	0.60593804986566	0.57013132184763	0.777151163771421	tr|A0Q4E8|A0Q4E8_FRATN	rlm	naive	0.777151163771421
-0.0970282646045298	0.160112861618559	4.89386729955415	-0.605999190968698	0.571518869946852	0.778139828722539	tr|A0Q3Y6|A0Q3Y6_FRATN	rlm	naive	0.778139828722539
0.0576816633763842	0.0966430563006779	5.96926298255564	0.596852640886312	0.57253144262531	0.778616255885115	tr|A0Q611|A0Q611_FRATN	rlm	naive	0.778616255885115
-0.0586454779639833	0.098971403976331	5.99746495759339	-0.592549722523977	0.575127314897447	0.780246889274432	tr|A0Q6J6|A0Q6J6_FRATN	rlm	naive	0.780246889274432
0.0743692221162694	0.12558628635092	6.00043011697071	0.592176297883853	0.575351271831092	0.780246889274432	tr|A0Q5E7|A0Q5E7_FRATN	rlm	naive	0.780246889274432
-0.254453034641768	0.427238736534933	5.35912435338056	-0.595575758662424	0.575722598298666	0.780246889274432	tr|A0Q4X8|A0Q4X8_FRATN	rlm	naive	0.780246889274432
-0.174518334406497	0.295243003805019	5.8700180818575	-0.59110065998973	0.576488703107869	0.780385053170215	tr|A0Q5A0|A0Q5A0_FRATN	rlm	naive	0.780385053170215
0.0739464943323908	0.126194789289728	6.00043011697071	0.585971059095145	0.579252699016015	0.783224305343864	tr|A0Q781|A0Q781_FRATN	rlm	naive	0.783224305343864
0.0528661258423615	0.0907143353071283	5.8280052757741	0.582775871788891	0.581873303857383	0.785863370152213	tr|A0Q7Z4|A0Q7Z4_FRATN	rlm	naive	0.785863370152213
0.144628803139951	0.249230241945026	6.00043011697071	0.580301981056747	0.582830738618137	0.786252718572114	tr|A0Q6P6|A0Q6P6_FRATN	rlm	naive	0.786252718572114
0.138934334965453	0.240523831801731	6.00043011697071	0.577632303313628	0.584520221883528	0.787401529419521	tr|A0Q834|A0Q834_FRATN	rlm	naive	0.787401529419521
-0.0836669626854792	0.144993281577365	5.96295502142128	-0.577040272316593	0.585022583134674	0.787401529419521	tr|A0Q8R3|A0Q8R3_FRATN	rlm	naive	0.787401529419521
0.390686648801236	0.679417019234319	5.74636243358868	0.575032178678019	0.587059267346941	0.787506293962071	tr|A0Q827|A0Q827_FRATN	rlm	naive	0.787506293962071
-0.0664692643544433	0.115975365051463	5.89310515109164	-0.573132615921909	0.587740242714085	0.787506293962071	sp|A0Q4A6|DDL_FRATN	rlm	naive	0.787506293962071
-0.079024873586505	0.138277664219803	6.00043011697071	-0.571494131263952	0.588415631624563	0.787506293962071	tr|A0Q5P5|A0Q5P5_FRATN	rlm	naive	0.787506293962071
-0.10759900293687	0.188421132976227	5.99692563618468	-0.571055917334102	0.588706012211886	0.787506293962071	tr|A0Q7Y3|A0Q7Y3_FRATN	rlm	naive	0.787506293962071
-0.213411838092045	0.37500894356733	6.00043011697071	-0.569084662520131	0.58994887495341	0.787506293962071	tr|A0Q896|A0Q896_FRATN	rlm	naive	0.787506293962071
0.379069876373643	0.667798142807121	6.00043011697071	0.567641405500479	0.590868393954751	0.787506293962071	tr|A0Q5N0|A0Q5N0_FRATN	rlm	naive	0.787506293962071
-0.0834028876653563	0.145994788084637	5.1718266961522	-0.571273048576266	0.591746000625424	0.787506293962071	tr|A0Q5D3|A0Q5D3_FRATN	rlm	naive	0.787506293962071
-0.0754848428980359	0.133463133606539	6.00043011697071	-0.565585722875142	0.592179538204683	0.787506293962071	sp|A0Q4I7|RS19_FRATN	rlm	naive	0.787506293962071
0.0861000023813424	0.151850478972788	5.72070260091503	0.567005141924983	0.592243400759819	0.787506293962071	tr|A0Q5Y9|A0Q5Y9_FRATN	rlm	naive	0.787506293962071
-0.187906204381201	0.328197188142913	4.79706007793541	-0.572540567591267	0.592739887817603	0.787506293962071	tr|A0Q6W1|A0Q6W1_FRATN	rlm	naive	0.787506293962071
0.134165631387674	0.237751471715482	6.00043011697071	0.564310413809891	0.592993798284992	0.787506293962071	tr|A0Q5J2|A0Q5J2_FRATN	rlm	naive	0.787506293962071
0.0621636936485252	0.109942432785582	5.72926954600639	0.565420393868865	0.593220410126599	0.787506293962071	tr|A0Q795|A0Q795_FRATN	rlm	naive	0.787506293962071
0.123604731979773	0.220054715799345	6.00043011697071	0.561699991435226	0.594662526663151	0.787506293962071	tr|A0Q5F6|A0Q5F6_FRATN	rlm	naive	0.787506293962071
-0.0730958322390945	0.130261820934942	6.00043011697071	-0.561145481572852	0.595017350211965	0.787506293962071	sp|A0Q6P7|RUVA_FRATN	rlm	naive	0.787506293962071
0.0776009948951222	0.137982915079192	5.72745859482213	0.56239567667189	0.595153692798569	0.787506293962071	sp|A0Q756|RPIA_FRATN	rlm	naive	0.787506293962071
0.0912248126382325	0.162074588335074	5.13942066781811	0.562856975762505	0.597201308857066	0.789058006046391	tr|A0Q8F9|A0Q8F9_FRATN	rlm	naive	0.789058006046391
-0.0793199896677369	0.141722449520971	5.49391071898386	-0.559685426944304	0.597750194449041	0.789058006046391	tr|A0Q6C8|A0Q6C8_FRATN	rlm	naive	0.789058006046391
0.120767101051298	0.217745275034223	6.00043011697071	0.554625587316726	0.599198507400356	0.789058006046391	sp|A0Q6R7|ENGB_FRATN	rlm	naive	0.789058006046391
-0.0856850409401421	0.152956168559282	5.01497027624647	-0.560193431538087	0.59944767518662	0.789058006046391	tr|A0Q5N6|A0Q5N6_FRATN	rlm	naive	0.789058006046391
0.207601516944825	0.375280024011936	6.00043011697071	0.553190960513854	0.600120782943645	0.789058006046391	tr|A0Q5R8|A0Q5R8_FRATN	rlm	naive	0.789058006046391
-0.0544549976834349	0.0985029852925169	6.00043011697071	-0.552825861284549	0.600355623323807	0.789058006046391	tr|A0Q7S2|A0Q7S2_FRATN	rlm	naive	0.789058006046391
-0.0529850046972603	0.096561356434116	6.00043011697071	-0.548718521092981	0.603001182273395	0.791039144738149	tr|A0Q6D0|A0Q6D0_FRATN	rlm	naive	0.791039144738149
-0.0765515002957828	0.138483775531081	5.23007212627754	-0.552783169018971	0.60320942441309	0.791039144738149	tr|A0Q5L3|A0Q5L3_FRATN	rlm	naive	0.791039144738149
0.0777085123707882	0.142856908474086	6.00043011697071	0.543960479061356	0.60607415107709	0.793909841154494	tr|A0Q6V0|A0Q6V0_FRATN	rlm	naive	0.793909841154494
0.0883684736071399	0.162944169345452	6.00043011697071	0.542323631229743	0.607133354407282	0.794014581021067	tr|A0Q8H2|A0Q8H2_FRATN	rlm	naive	0.794014581021067
0.0522082766804274	0.0962320743772901	5.77093726808416	0.542524693749594	0.607753233650118	0.794014581021067	tr|A0Q8I4|A0Q8I4_FRATN	rlm	naive	0.794014581021067
0.0547861069245126	0.10131433106641	5.99050086167641	0.540753774395459	0.608181381207626	0.794014581021067	tr|A0Q550|A0Q550_FRATN	rlm	naive	0.794014581021067
-0.0600104642257945	0.111435984423102	6.00043011697071	-0.53851962215316	0.609598964402082	0.794982001301273	tr|A0Q5Z1|A0Q5Z1_FRATN	rlm	naive	0.794982001301273
0.0696239051896568	0.130711480112278	6.00043011697071	0.532653330295483	0.613412287737069	0.799068113182989	tr|A0Q7Z3|A0Q7Z3_FRATN	rlm	naive	0.799068113182989
0.0625057883371493	0.117659107666076	5.92521852156581	0.531244793344387	0.614563879370142	0.79938809128567	tr|A0Q5C6|A0Q5C6_FRATN	rlm	naive	0.79938809128567
-0.246533135427701	0.464991594326787	6.00043011697071	-0.530188369930926	0.615018582572124	0.79938809128567	tr|A0Q6K5|A0Q6K5_FRATN	rlm	naive	0.79938809128567
0.0582826235572223	0.11055388155258	6.00043011697071	0.527187492096357	0.616977268194624	0.801047834396335	tr|A0Q891|A0Q891_FRATN	rlm	naive	0.801047834396335
0.0772934074249652	0.147287177323831	6.00043011697071	0.524780288612804	0.618550960218992	0.801057665696023	tr|A0Q6N1|A0Q6N1_FRATN	rlm	naive	0.801057665696023
0.0904543897094542	0.173117534062625	6.00043011697071	0.52250276206414	0.620041919948791	0.801057665696023	tr|A0Q573|A0Q573_FRATN	rlm	naive	0.801057665696023
0.17859834562491	0.342597543193083	6.00043011697071	0.521306556843154	0.620825797478961	0.801057665696023	tr|A0Q888|A0Q888_FRATN	rlm	naive	0.801057665696023
0.130078737681418	0.249633065908061	5.88073692463978	0.521079758437633	0.621341460665454	0.801057665696023	tr|A0Q4H8|A0Q4H8_FRATN	rlm	naive	0.801057665696023
-0.0840207861009621	0.160297552605559	5.28620822731899	-0.524155139833671	0.621401941310912	0.801057665696023	tr|A0Q748|A0Q748_FRATN	rlm	naive	0.801057665696023
0.111969739245103	0.214254325483595	5.52561998980635	0.522602001114213	0.621527594340638	0.801057665696023	tr|A0Q805|A0Q805_FRATN	rlm	naive	0.801057665696023
-0.106824195068352	0.202510090523712	4.61930359608762	-0.527500604004934	0.622181874554908	0.801057665696023	tr|A0Q553|A0Q553_FRATN	rlm	naive	0.801057665696023
-0.121323425811354	0.232484366476742	5.19907850618094	-0.521856276402533	0.623235429957154	0.801057665696023	tr|A0Q7E5|A0Q7E5_FRATN	rlm	naive	0.801057665696023
0.0933486163586019	0.179883656409211	5.5775446950957	0.518938842038247	0.623736874265341	0.801057665696023	tr|A0Q8J7|A0Q8J7_FRATN	rlm	naive	0.801057665696023
0.0548873869392164	0.106327781825382	6.00043011697071	0.516209272844194	0.624172174204486	0.801057665696023	tr|A0Q7V2|A0Q7V2_FRATN	rlm	naive	0.801057665696023
-0.0617861978610675	0.119640991976225	5.85058358844549	-0.516430003132585	0.624484103640474	0.801057665696023	tr|A0Q4Y2|A0Q4Y2_FRATN	rlm	naive	0.801057665696023
0.0635842301842986	0.124831764186226	6.00043011697071	0.509359381394646	0.62868464295273	0.804148677433869	tr|A0Q6I5|A0Q6I5_FRATN	rlm	naive	0.804148677433869
0.0434277199628462	0.0851758410713403	5.75683421469608	0.509859596531283	0.629098283602756	0.804148677433869	tr|A0Q424|A0Q424_FRATN	rlm	naive	0.804148677433869
-0.062849418937409	0.123570645790428	6.00043011697071	-0.508611236393468	0.62917856597202	0.804148677433869	tr|A0Q720|A0Q720_FRATN	rlm	naive	0.804148677433869
-0.115378453960466	0.224666859573087	4.95588279887101	-0.513553508424468	0.629631304884391	0.804148677433869	tr|A0Q5G6|A0Q5G6_FRATN	rlm	naive	0.804148677433869
-0.0589299746599769	0.116250264703792	5.88886192203364	-0.506923358928531	0.630624795457946	0.80454303437903	tr|A0Q4F6|A0Q4F6_FRATN	rlm	naive	0.80454303437903
0.0883037686662129	0.17480913203202	5.86622296309256	0.505143911189022	0.631868635185801	0.805255581717262	tr|A0Q673|A0Q673_FRATN	rlm	naive	0.805255581717262
-0.0526331397928219	0.105785379871644	5.99477242321231	-0.497546445989842	0.636524111503502	0.810309676074339	tr|A0Q6B6|A0Q6B6_FRATN	rlm	naive	0.810309676074339
0.084187877783851	0.169979894128106	6.00043011697071	0.495281387341037	0.638013952000141	0.810582655928018	sp|A0Q595|GLGC_FRATN	rlm	naive	0.810582655928018
0.0901768716351489	0.182040614331082	5.59903501823048	0.495366772774902	0.639175540176058	0.810582655928018	tr|A0Q8F7|A0Q8F7_FRATN	rlm	naive	0.810582655928018
-0.0563798166669771	0.114661655775799	6.00043011697071	-0.491705935044387	0.640395067642651	0.810582655928018	sp|A0Q4L0|HTPG_FRATN	rlm	naive	0.810582655928018
0.054279429349617	0.110598783481939	6.00043011697071	0.490777815458351	0.641013929235266	0.810582655928018	tr|A0Q8P3|A0Q8P3_FRATN	rlm	naive	0.810582655928018
0.0474614973061643	0.0967444914817203	6.00043011697071	0.490586043497185	0.641141840450291	0.810582655928018	tr|A0Q5H3|A0Q5H3_FRATN	rlm	naive	0.810582655928018
0.166838366401222	0.340486274685912	6.00043011697071	0.490000269629447	0.641532633108323	0.810582655928018	tr|A0Q6C6|A0Q6C6_FRATN	rlm	naive	0.810582655928018
-0.0514274303333699	0.10496509100266	6.00043011697071	-0.489947942140749	0.641567548947283	0.810582655928018	tr|A0Q8A4|A0Q8A4_FRATN	rlm	naive	0.810582655928018
0.107022039576913	0.218807895233558	5.85922891209432	0.489114158621547	0.6425284762178	0.810924768588523	tr|A0Q4C5|A0Q4C5_FRATN	rlm	naive	0.810924768588523
0.711697615422181	1.42599671225214	4.00043011697071	0.499087837515534	0.643915363956097	0.811268117592395	tr|A0Q6H5|A0Q6H5_FRATN	rlm	naive	0.811268117592395
-0.0477550393761255	0.0982543472104244	6.00043011697071	-0.486034875117046	0.644181407415919	0.811268117592395	sp|A0Q706|AROB_FRATN	rlm	naive	0.811268117592395
-0.0812451286812208	0.168353992705419	6.00043011697071	-0.482585101639858	0.646490428210225	0.812570532076203	tr|A0Q5C0|A0Q5C0_FRATN	rlm	naive	0.812570532076203
-0.0800980766103324	0.164353761890631	5.0063955178794	-0.487351647378985	0.646598678715957	0.812570532076203	tr|A0Q639|A0Q639_FRATN	rlm	naive	0.812570532076203
0.0505107887522753	0.103711087190041	4.82708368405336	0.487033644336587	0.647540937952198	0.812885258647257	tr|A0Q5G8|A0Q5G8_FRATN	rlm	naive	0.812885258647257
-0.0533545868065337	0.110780190938215	5.38725731101119	-0.481625698192657	0.649004478210457	0.813253047797083	tr|A0Q7Y0|A0Q7Y0_FRATN	rlm	naive	0.813253047797083
-0.0733891764487886	0.150797969032144	4.4562058922974	-0.486672180798039	0.64946948925	0.813253047797083	tr|A0Q4H6|A0Q4H6_FRATN	rlm	naive	0.813253047797083
-0.0678486953584401	0.142219416317971	6.00043011697071	-0.477070551370744	0.650190422588409	0.813253047797083	tr|A0Q4L2|A0Q4L2_FRATN	rlm	naive	0.813253047797083
0.0475214688421831	0.0997493347054631	6.00043011697071	0.476408880144445	0.65063510964494	0.813253047797083	tr|A0Q7X8|A0Q7X8_FRATN	rlm	naive	0.813253047797083
0.112382202447373	0.236381083264256	6.00043011697071	0.47542807104297	0.651294568491111	0.813253047797083	tr|A0Q5B7|A0Q5B7_FRATN	rlm	naive	0.813253047797083
-0.149442480582232	0.316173124133171	5.99746495759339	-0.472660290124114	0.653165373325815	0.814723262906404	tr|A0Q5P1|A0Q5P1_FRATN	rlm	naive	0.814723262906404
-0.0438642991590293	0.0936885460960942	6.00043011697071	-0.468192761941665	0.65616996936901	0.81610312786662	sp|A0Q588|GCSPB_FRATN	rlm	naive	0.81610312786662
0.0676947344633836	0.144623501790268	6.00043011697071	0.468075614443038	0.656249061138926	0.81610312786662	sp|A0Q6K3|MDH_FRATN	rlm	naive	0.81610312786662
-0.0722432171713358	0.153213576633058	5.21071618567182	-0.47151968356144	0.656355281560814	0.81610312786662	tr|A0Q7W4|A0Q7W4_FRATN	rlm	naive	0.81610312786662
0.113572983161446	0.244937728115576	6.00043011697071	0.463681050833685	0.659219556080795	0.817612126037154	tr|A0Q7V9|A0Q7V9_FRATN	rlm	naive	0.817612126037154
0.198399588976014	0.42758969776953	5.83210655705098	0.463995250612775	0.659463349172099	0.817612126037154	sp|A0Q425|MURC_FRATN	rlm	naive	0.817612126037154
0.0404769426867023	0.0874164805513823	6.00043011697071	0.463035601884137	0.659656421687848	0.817612126037154	tr|A0Q6R6|A0Q6R6_FRATN	rlm	naive	0.817612126037154
0.113250885820707	0.244320960619464	5.5108724207837	0.463533237318505	0.660719772695646	0.817760118325939	tr|A0Q435|A0Q435_FRATN	rlm	naive	0.817760118325939
-0.0422268931432996	0.091352666015167	5.65087000172536	-0.462240402883138	0.661167755242248	0.817760118325939	tr|A0Q714|A0Q714_FRATN	rlm	naive	0.817760118325939
0.0684446938441702	0.149721949247745	5.92237187376103	0.457145356362644	0.663855047591324	0.820220484668565	tr|A0Q6E0|A0Q6E0_FRATN	rlm	naive	0.820220484668565
0.0578586061735548	0.127819248065918	5.80202656387017	0.452659572396455	0.66722529118173	0.823518610439635	tr|A0Q7R3|A0Q7R3_FRATN	rlm	naive	0.823518610439635
0.088246443685326	0.196909689747008	5.47716015587547	0.448156938334046	0.671217026961956	0.827166250366376	tr|A0Q437|A0Q437_FRATN	rlm	naive	0.827166250366376
0.0739228421806358	0.163509077632081	4.6281836268327	0.452102374077192	0.671588598169807	0.827166250366376	tr|A0Q478|A0Q478_FRATN	rlm	naive	0.827166250366376
-0.0639091611525286	0.144118551637878	6.00043011697071	-0.443448538902272	0.672983022923941	0.82770194080354	sp|A0Q5C2|MURD_FRATN	rlm	naive	0.82770194080354
-0.270579604928442	0.611076840878305	6.00043011697071	-0.442791457355079	0.673432387581434	0.82770194080354	tr|A0Q726|A0Q726_FRATN	rlm	naive	0.82770194080354
0.0519885264440962	0.117835634315595	6.00043011697071	0.441195286519671	0.674524591224314	0.828178050876248	tr|A0Q5X1|A0Q5X1_FRATN	rlm	naive	0.828178050876248
0.0796287077001211	0.181225761378972	6.00043011697071	0.439389560811969	0.67576123399704	0.828830323534992	tr|A0Q5D0|A0Q5D0_FRATN	rlm	naive	0.828830323534992
0.139920591596155	0.318998769090028	5.82479396422318	0.438624236686841	0.676733428608435	0.829139139682825	tr|A0Q8A3|A0Q8A3_FRATN	rlm	naive	0.829139139682825
0.183975176218058	0.420353829106326	5.81106460739976	0.437667420823048	0.677424318379159	0.829139139682825	tr|A0Q6N2|A0Q6N2_FRATN	rlm	naive	0.829139139682825
-0.0525198540665684	0.122406805026398	5.64632311087103	-0.429059920771904	0.683764236339066	0.836028072526953	tr|A0Q8R5|A0Q8R5_FRATN	rlm	naive	0.836028072526953
-0.111081796838107	0.261368095230799	6.00043011697071	-0.425001363460285	0.685654290740849	0.837467558857067	tr|A0Q5F3|A0Q5F3_FRATN	rlm	naive	0.837467558857067
0.0943895671610495	0.22358758875362	5.82417839331161	0.422159242770228	0.68804727342205	0.838778583854028	sp|A0Q5E0|RSMA_FRATN	rlm	naive	0.838778583854028
-0.0566377246438515	0.133367375741507	5.17454966903017	-0.424674507756881	0.688155365817262	0.838778583854028	tr|A0Q5A4|A0Q5A4_FRATN	rlm	naive	0.838778583854028
0.0491433784787106	0.11688851620513	5.62326823267932	0.420429483358893	0.689761103436438	0.839864555997735	tr|A0Q7H0|A0Q7H0_FRATN	rlm	naive	0.839864555997735
0.0668606707469243	0.160345966469239	6.00043011697071	0.416977565567581	0.691201275677165	0.840746893292618	tr|A0Q8D3|A0Q8D3_FRATN	rlm	naive	0.840746893292618
0.0437938190281944	0.105613158217386	6.00043011697071	0.414662526595904	0.692805632725971	0.841826906362994	tr|A0Q8I5|A0Q8I5_FRATN	rlm	naive	0.841826906362994
0.11424321399875	0.28008468159461	6.00043011697071	0.40788811922283	0.697510412302364	0.846668114106692	tr|A0Q533|A0Q533_FRATN	rlm	naive	0.846668114106692
-0.0662654996546146	0.163518283458085	6.00043011697071	-0.405248258807709	0.699347789665898	0.848022345570103	tr|A0Q7S4|A0Q7S4_FRATN	rlm	naive	0.848022345570103
0.0504516482817358	0.125140505667368	5.87653620449848	0.40316001611692	0.701087977763624	0.849256055538411	tr|A0Q6Q1|A0Q6Q1_FRATN	rlm	naive	0.849256055538411
0.124378975540216	0.312793995493693	6.00043011697071	0.397638629040513	0.704656650853001	0.852303650970452	sp|A0Q593|GLGB_FRATN	rlm	naive	0.852303650970452
0.0506025704355462	0.127437132583109	5.99746495759339	0.397078696058588	0.705054594675132	0.852303650970452	sp|A0Q7J6|PLSX_FRATN	rlm	naive	0.852303650970452
-0.212387754162775	0.538790502898053	6.00043011697071	-0.394193574349179	0.707066125680047	0.853561823114163	tr|A0Q4F0|A0Q4F0_FRATN	rlm	naive	0.853561823114163
0.0758669484243616	0.192798001618975	6.00043011697071	0.393504848532076	0.70754826869208	0.853561823114163	sp|A0Q8F1|SYH_FRATN	rlm	naive	0.853561823114163
0.083123674235886	0.213736347689152	6.00043011697071	0.388907526186314	0.710770425199456	0.85584488097915	tr|A0Q416|A0Q416_FRATN	rlm	naive	0.85584488097915
0.0968604194608586	0.248534847733037	5.69373131598494	0.389725707860899	0.710897535179277	0.85584488097915	sp|A0Q656|Y833_FRATN	rlm	naive	0.85584488097915
0.0630879036606645	0.163192101435965	6.00043011697071	0.386586747186532	0.712399501702086	0.856775245138128	tr|A0Q7N5|A0Q7N5_FRATN	rlm	naive	0.856775245138128
0.0908225071286239	0.233105263376227	4.55572261386281	0.389620147624201	0.714357638527819	0.856913524567177	tr|A0Q5T7|A0Q5T7_FRATN	rlm	naive	0.856913524567177
0.041609418994199	0.108613729614341	6.00043011697071	0.383095388971019	0.714853402374567	0.856913524567177	tr|A0Q6M4|A0Q6M4_FRATN	rlm	naive	0.856913524567177
0.0424202964264435	0.110476909446012	5.49433894824125	0.383974322228605	0.715413036090595	0.856913524567177	sp|A0Q8D8|ATPE_FRATN	rlm	naive	0.856913524567177
0.0548843393973493	0.14357349779702	6.00043011697071	0.382273471354324	0.715431632000341	0.856913524567177	tr|A0Q7I1|A0Q7I1_FRATN	rlm	naive	0.856913524567177
-0.0640078066726073	0.168096341989905	5.93493441852286	-0.380780485255599	0.716622708223422	0.857466071448596	tr|A0Q692|A0Q692_FRATN	rlm	naive	0.857466071448596
0.191294387648664	0.512823313955883	6.00043011697071	0.373022018388813	0.721954340264899	0.862966785158959	tr|A0Q8Q8|A0Q8Q8_FRATN	rlm	naive	0.862966785158959
0.0474630218954689	0.127908261656769	6.00043011697071	0.371070807160462	0.723333336614277	0.863736453782292	tr|A0Q507|A0Q507_FRATN	rlm	naive	0.863736453782292
0.17460908623809	0.472068715876092	6.00043011697071	0.36988065585757	0.724175022157905	0.863863605112221	tr|A0Q783|A0Q783_FRATN	rlm	naive	0.863863605112221
-0.0605000209007423	0.165326309736194	5.8165536276271	-0.365943091558024	0.727346970832497	0.866192090070715	tr|A0Q8M5|A0Q8M5_FRATN	rlm	naive	0.866192090070715
-0.123024553702162	0.33665661801951	5.8673718614025	-0.365430373613011	0.727601355659401	0.866192090070715	tr|A0Q3Y0|A0Q3Y0_FRATN	rlm	naive	0.866192090070715
0.0771322927751415	0.213574612070641	6.00043011697071	0.361149164815664	0.730362866865644	0.868599563327056	tr|A0Q7C0|A0Q7C0_FRATN	rlm	naive	0.868599563327056
-0.070055316298115	0.197586531710294	6.00043011697071	-0.354555119175997	0.735050760544766	0.872897859940544	tr|A0Q4Z3|A0Q4Z3_FRATN	rlm	naive	0.872897859940544
-0.0371073380641778	0.104327785105711	5.43916265967953	-0.35568030152829	0.735462877737139	0.872897859940544	tr|A0Q7I9|A0Q7I9_FRATN	rlm	naive	0.872897859940544
0.0510912646542283	0.143812342928365	4.60802116222147	0.355263419077162	0.738068826058332	0.874142930275033	tr|A0Q757|A0Q757_FRATN	rlm	naive	0.874142930275033
0.0407246520156695	0.116539205517563	6.00043011697071	0.349450228657447	0.738688594013834	0.874142930275033	tr|A0Q7T7|A0Q7T7_FRATN	rlm	naive	0.874142930275033
-0.0903119681994028	0.255686012061758	4.68605735768469	-0.353214348611253	0.739256974594166	0.874142930275033	sp|A0Q5D8|LPTD_FRATN	rlm	naive	0.874142930275033
-0.0447966121258111	0.128603860140241	6.00043011697071	-0.348330229566677	0.739487721441177	0.874142930275033	tr|A0Q5W2|A0Q5W2_FRATN	rlm	naive	0.874142930275033
0.0344200077858911	0.0994033289592846	5.67260572438835	0.346266147685954	0.741622199894101	0.875785009925194	sp|A0Q6R5|ILVD_FRATN	rlm	naive	0.875785009925194
-0.0752107044848521	0.219344377064577	6.00043011697071	-0.342888682588428	0.743375362128569	0.876973946286214	tr|A0Q518|A0Q518_FRATN	rlm	naive	0.876973946286214
0.0419354743966888	0.123557210358485	6.00043011697071	0.339401272293364	0.745871271641759	0.878586567179839	tr|A0Q4L5|A0Q4L5_FRATN	rlm	naive	0.878586567179839
0.0694697135907142	0.204277593129113	5.57783207114455	0.340075054373712	0.746237782166365	0.878586567179839	tr|A0Q6L2|A0Q6L2_FRATN	rlm	naive	0.878586567179839
-0.0797714922038854	0.23651425303268	6.00043011697071	-0.337279851768017	0.747391211221364	0.879056094734398	sp|A0Q534|DER_FRATN	rlm	naive	0.879056094734398
-0.0876976991222009	0.261435934041415	6.00043011697071	-0.335446232530179	0.748705952968398	0.879056094734398	tr|A0Q6I0|A0Q6I0_FRATN	rlm	naive	0.879056094734398
0.156534172704136	0.467170857412787	6.00043011697071	0.335068359295846	0.748977010918872	0.879056094734398	tr|A0Q6V3|A0Q6V3_FRATN	rlm	naive	0.879056094734398
0.0465912797304405	0.139085129941817	5.69509059685227	0.334983903382991	0.749629112275631	0.879056094734398	tr|A0Q5T1|A0Q5T1_FRATN	rlm	naive	0.879056094734398
-0.0558933342026096	0.169123747176383	6.00043011697071	-0.330487794504204	0.752265880149315	0.881268603365349	tr|A0Q7D1|A0Q7D1_FRATN	rlm	naive	0.881268603365349
-0.0448696444740705	0.136611878631046	6.00043011697071	-0.328446141899944	0.75373364083592	0.881600101879157	sp|A0Q762|SYT_FRATN	rlm	naive	0.881600101879157
-0.0619939506012701	0.189001879456458	6.00043011697071	-0.328007058869234	0.754049448841322	0.881600101879157	tr|A0Q8N0|A0Q8N0_FRATN	rlm	naive	0.881600101879157
0.0414069925460914	0.127629387988658	5.92828919007848	0.324431490259681	0.756752970691068	0.883415132089509	tr|A0Q5U7|A0Q5U7_FRATN	rlm	naive	0.883415132089509
0.0344352013514902	0.106582196387572	6.00043011697071	0.323085867233127	0.757592541148423	0.883415132089509	sp|A0Q8C5|GLMM_FRATN	rlm	naive	0.883415132089509
-0.0333008810994105	0.10318868403935	6.00043011697071	-0.322718342708115	0.757857406932957	0.883415132089509	sp|A0Q4G6|SYE_FRATN	rlm	naive	0.883415132089509
-0.0479464595990114	0.149353141112052	6.00043011697071	-0.321027460433789	0.759076447366319	0.883959192919152	sp|A0Q4C3|PURA_FRATN	rlm	naive	0.883959192919152
-0.0449653306226304	0.143969144802902	6.00043011697071	-0.312326163249696	0.765361573075572	0.888683802760209	sp|A0Q5J0|ERPA_FRATN	rlm	naive	0.888683802760209
0.0965623946053869	0.309180734655496	6.00043011697071	0.31231698415162	0.765368213778607	0.888683802760209	tr|A0Q8Q3|A0Q8Q3_FRATN	rlm	naive	0.888683802760209
0.0341251154784956	0.109278521362024	5.99746495759339	0.312276511918054	0.76540256033475	0.888683802760209	tr|A0Q473|A0Q473_FRATN	rlm	naive	0.888683802760209
0.0291401877322057	0.093796898131072	5.99911541107729	0.310673255862738	0.766559969326168	0.889149026612288	tr|A0Q8M7|A0Q8M7_FRATN	rlm	naive	0.889149026612288
-0.0263470233137279	0.085685468485362	6.00043011697071	-0.30748531553199	0.768866749006694	0.89031349398085	tr|A0Q6Y0|A0Q6Y0_FRATN	rlm	naive	0.89031349398085
-0.0260877758550694	0.0849233526072255	6.00043011697071	-0.307192015554622	0.769079316077074	0.89031349398085	tr|A0Q6S5|A0Q6S5_FRATN	rlm	naive	0.89031349398085
-0.0420025112628887	0.137386034143276	6.00043011697071	-0.30572620808812	0.770141978942701	0.890666166592198	tr|A0Q899|A0Q899_FRATN	rlm	naive	0.890666166592198
-0.0420111775182257	0.137941660697153	6.00043011697071	-0.304557573875089	0.77098959298801	0.890769687080542	tr|A0Q6E8|A0Q6E8_FRATN	rlm	naive	0.890769687080542
-0.0548134291992529	0.182060195097419	5.97749546595658	-0.301073110296969	0.773556741161168	0.892249007372839	tr|A0Q4N7|A0Q4N7_FRATN	rlm	naive	0.892249007372839
0.0759373841386607	0.252699762560183	6.00043011697071	0.30050437471454	0.773932069936304	0.892249007372839	tr|A0Q441|A0Q441_FRATN	rlm	naive	0.892249007372839
-0.0413125210820961	0.138220081844262	6.00043011697071	-0.298889427143044	0.775105614937481	0.892249007372839	tr|A0Q890|A0Q890_FRATN	rlm	naive	0.892249007372839
0.0536373242067884	0.179622260581888	6.00043011697071	0.298611786941272	0.775307435342697	0.892249007372839	tr|A0Q5F2|A0Q5F2_FRATN	rlm	naive	0.892249007372839
-0.27337579568463	0.920528420832799	6.00043011697071	-0.296977029169081	0.776496152365186	0.892742640928663	tr|A0Q7E0|A0Q7E0_FRATN	rlm	naive	0.892742640928663
-0.0332574887733286	0.11318911204273	6.00043011697071	-0.29382233125721	0.778791970017508	0.894506905934087	tr|A0Q472|A0Q472_FRATN	rlm	naive	0.894506905934087
-0.114862737480111	0.395840258390803	5.99001867331663	-0.290174470750042	0.781466200905594	0.896701939515696	tr|A0Q7V7|A0Q7V7_FRATN	rlm	naive	0.896701939515696
0.0334793723302489	0.115929567069317	5.77798353004131	0.288790626727957	0.782821212414149	0.897380414230854	tr|A0Q4P0|A0Q4P0_FRATN	rlm	naive	0.897380414230854
-0.0652632046321079	0.227215478056247	6.00043011697071	-0.287230452742097	0.783597058246225	0.897394291851184	tr|A0Q7W7|A0Q7W7_FRATN	rlm	naive	0.897394291851184
-0.0446569077033852	0.158461401861139	6.00043011697071	-0.281815679899881	0.787551956810677	0.90046081890332	tr|A0Q8N4|A0Q8N4_FRATN	rlm	naive	0.90046081890332
0.0555354551732851	0.197303346562723	5.99746495759339	0.281472444034953	0.787807422836266	0.90046081890332	sp|A0Q4H4|RRF_FRATN	rlm	naive	0.90046081890332
-0.0271790303428691	0.0973928255506534	5.99011579521972	-0.279066041971783	0.789578583598478	0.9016081979866	tr|A0Q8A1|A0Q8A1_FRATN	rlm	naive	0.9016081979866
-0.0782303505653583	0.282454322075522	6.00043011697071	-0.276966378104992	0.791099747568963	0.902468158634496	tr|A0Q4E5|A0Q4E5_FRATN	rlm	naive	0.902468158634496
0.0566931510778859	0.207214405252674	5.77906074606487	0.273596572635745	0.793908801960655	0.904014076281415	tr|A0Q6Q7|A0Q6Q7_FRATN	rlm	naive	0.904014076281415
0.331365643567695	1.20751938059941	5.37881780429821	0.274418488756019	0.793993639763762	0.904014076281415	tr|A0Q7P6|A0Q7P6_FRATN	rlm	naive	0.904014076281415
-0.039307079981278	0.145031918152133	6.00043011697071	-0.2710236510838	0.795454979574423	0.904650100946853	tr|A0Q7J7|A0Q7J7_FRATN	rlm	naive	0.904650100946853
0.0494129504232591	0.182553330958179	5.74998241354533	0.270676794358681	0.796092088833231	0.904650100946853	tr|A0Q5D4|A0Q5D4_FRATN	rlm	naive	0.904650100946853
0.0387636529527673	0.144177632715943	6.00043011697071	0.2688603788435	0.797042389003077	0.904854886066295	tr|A0Q711|A0Q711_FRATN	rlm	naive	0.904854886066295
0.0589715537363056	0.221429942036506	6.00043011697071	0.26632149741783	0.798906777935059	0.906096007793141	tr|A0Q7G3|A0Q7G3_FRATN	rlm	naive	0.906096007793141
0.112423687714687	0.424995515433483	5.64918809948748	0.264529115324941	0.800756643706534	0.90731827999535	tr|A0Q4N8|A0Q4N8_FRATN	rlm	naive	0.90731827999535
-0.0285484726709283	0.108948940977414	6.00043011697071	-0.262035338891881	0.802057546271016	0.907589447364169	sp|A0Q8H0|NUOC_FRATN	rlm	naive	0.907589447364169
0.0267138689552268	0.102302721326552	6.00043011697071	0.261125692541019	0.802726757526357	0.907589447364169	tr|A0Q7Z9|A0Q7Z9_FRATN	rlm	naive	0.907589447364169
0.0685758821463847	0.261604972454084	5.18564753252536	0.262135239644273	0.803313212986159	0.907589447364169	tr|A0Q6B2|A0Q6B2_FRATN	rlm	naive	0.907589447364169
-0.0431548138461033	0.164251603330603	4.44707050277704	-0.262736027965839	0.804484156746305	0.90767489146627	sp|A0Q8F2|RBFA_FRATN	rlm	naive	0.90767489146627
-0.0500753687168244	0.194010360987835	6.00043011697071	-0.258106672560463	0.804949110047879	0.90767489146627	tr|A0Q582|A0Q582_FRATN	rlm	naive	0.90767489146627
-0.119151586797433	0.465025287176849	6.00043011697071	-0.256226037772694	0.806334489473765	0.90767489146627	tr|A0Q4G5|A0Q4G5_FRATN	rlm	naive	0.90767489146627
0.063328308341567	0.246320502977936	5.48159987283428	0.257097186697607	0.806478797183647	0.90767489146627	tr|A0Q4S5|A0Q4S5_FRATN	rlm	naive	0.90767489146627
-0.0345645183540796	0.135171585293551	5.55581668301725	-0.255708463276628	0.807377133784454	0.907816394446635	tr|A0Q8P9|A0Q8P9_FRATN	rlm	naive	0.907816394446635
0.0422479908194595	0.167344553698605	5.98764808495383	0.252461104264858	0.809127706840477	0.908103858834152	tr|A0Q8G3|A0Q8G3_FRATN	rlm	naive	0.908103858834152
-0.0464512119162717	0.183968944048141	5.93281363050028	-0.252494855349696	0.809178502297325	0.908103858834152	tr|A0Q5U3|A0Q5U3_FRATN	rlm	naive	0.908103858834152
-0.0287798795279315	0.115261535647283	6.00043011697071	-0.249691966763327	0.811153804039027	0.90945202265826	tr|A0Q8I6|A0Q8I6_FRATN	rlm	naive	0.90945202265826
0.0815294472974643	0.333235818402791	6.00043011697071	0.244659915876502	0.814871483502799	0.912749278470723	tr|A0Q489|A0Q489_FRATN	rlm	naive	0.912749278470723
0.0561190120723584	0.236072494095437	5.59518445164613	0.237719401776944	0.820562241625167	0.918248222771021	tr|A0Q672|A0Q672_FRATN	rlm	naive	0.918248222771021
0.0223229768928943	0.0949945848844486	6.00043011697071	0.234992098971198	0.822028828516435	0.918608565367761	tr|A0Q6S1|A0Q6S1_FRATN	rlm	naive	0.918608565367761
0.155490975008482	0.665939569330571	5.99746495759339	0.233491118668302	0.823145473891234	0.918608565367761	tr|A0Q563|A0Q563_FRATN	rlm	naive	0.918608565367761
-0.0732941189478239	0.31587563179203	6.00043011697071	-0.232034736367635	0.82422203588694	0.918608565367761	tr|A0Q7T1|A0Q7T1_FRATN	rlm	naive	0.918608565367761
0.0564567302758628	0.243352111840005	6.00043011697071	0.231996056450831	0.824250732847953	0.918608565367761	tr|A0Q4R4|A0Q4R4_FRATN	rlm	naive	0.918608565367761
0.0405749591056162	0.17623751734819	6.00043011697071	0.23022883955777	0.825562163023558	0.918608565367761	sp|A0Q809|MUTS_FRATN	rlm	naive	0.918608565367761
-0.0684978035311004	0.297542898203477	6.00043011697071	-0.230211522253365	0.825575017045409	0.918608565367761	tr|A0Q4F5|A0Q4F5_FRATN	rlm	naive	0.918608565367761
0.0278533552389608	0.122725835492296	5.98595630673898	0.226955922746269	0.828010257992489	0.920276462949455	tr|A0Q571|A0Q571_FRATN	rlm	naive	0.920276462949455
0.0409425144563733	0.181081799221894	5.99091018485513	0.226099556290598	0.82864042366002	0.920276462949455	tr|A0Q5Q4|A0Q5Q4_FRATN	rlm	naive	0.920276462949455
0.0259676821834839	0.117113392075134	6.00043011697071	0.221731107974605	0.831876768043694	0.922998302598056	sp|A0Q5D7|SYR_FRATN	rlm	naive	0.922998302598056
0.0186587464848866	0.0846319899712747	6.00043011697071	0.220469192455708	0.832815675870246	0.923168319950509	tr|A0Q794|A0Q794_FRATN	rlm	naive	0.923168319950509
-0.0222177728911112	0.101865495306175	5.42875555692466	-0.218108917296596	0.835308612619286	0.925059019630218	sp|A0Q529|SYI_FRATN	rlm	naive	0.925059019630218
-0.0381395309195788	0.176318155080849	5.53672630615258	-0.216310855238306	0.836492511576079	0.925497835312517	tr|A0Q4C9|A0Q4C9_FRATN	rlm	naive	0.925497835312517
-0.0239378015695922	0.111965508684921	6.00043011697071	-0.213796211447177	0.837785587885393	0.925654495030606	tr|A0Q7I4|A0Q7I4_FRATN	rlm	naive	0.925654495030606
-0.0624647583808068	0.289106588565523	4.58986184212634	-0.216061345024137	0.838209687414949	0.925654495030606	tr|A0Q4G7|A0Q4G7_FRATN	rlm	naive	0.925654495030606
-0.0648025076491177	0.309398638448581	6.00043011697071	-0.209446647774719	0.841029499991213	0.926509942896215	tr|A0Q418|A0Q418_FRATN	rlm	naive	0.926509942896215
-0.037043363435637	0.176276819760588	5.44004617573684	-0.210143134451529	0.841202538403125	0.926509942896215	sp|A0Q5I5|RSMH_FRATN	rlm	naive	0.926509942896215
-0.0280218313805456	0.134578498475149	6.00043011697071	-0.208219230397492	0.84194553240457	0.926509942896215	tr|A0Q5I4|A0Q5I4_FRATN	rlm	naive	0.926509942896215
0.0352367034551676	0.168807861139147	5.52082430238686	0.208738522112558	0.842138399160134	0.926509942896215	sp|A0Q4N6|LPXF_FRATN	rlm	naive	0.926509942896215
-0.0402714002461124	0.19501208182102	5.97992845667445	-0.206507206476945	0.843246401292747	0.926861105256293	tr|A0Q4X7|A0Q4X7_FRATN	rlm	naive	0.926861105256293
-0.0296123221340084	0.144958953518631	5.91416287455517	-0.204280738893458	0.844982226203714	0.927307110602409	tr|A0Q7C1|A0Q7C1_FRATN	rlm	naive	0.927307110602409
-0.0490034821444576	0.240085906630842	5.80952825431476	-0.20410811626609	0.845230566344834	0.927307110602409	tr|A0Q4S2|A0Q4S2_FRATN	rlm	naive	0.927307110602409
-0.062891271451043	0.310862619155864	5.73721048145667	-0.202312106942359	0.846655024455578	0.928003408335171	sp|A0Q5J1|KDSA_FRATN	rlm	naive	0.928003408335171
0.0311807350468632	0.155292384038791	6.00043011697071	0.200787277752619	0.847497802954711	0.928061433804087	tr|A0Q4G9|A0Q4G9_FRATN	rlm	naive	0.928061433804087
0.0983157119507744	0.501209497535196	5.91570527164981	0.196156921275959	0.851051883039846	0.931085626230744	tr|A0Q5A6|A0Q5A6_FRATN	rlm	naive	0.931085626230744
0.0228996407233809	0.122427662702597	6.00043011697071	0.187046295076376	0.857788489154151	0.936918852409198	sp|A0Q5K3|TDH_FRATN	rlm	naive	0.936918852409198
-0.0479496138587868	0.256699159821272	6.00043011697071	-0.186793029989549	0.857978455482806	0.936918852409198	sp|A0Q838|CH60_FRATN	rlm	naive	0.936918852409198
-0.0490802501665547	0.2690000895078	6.00043011697071	-0.182454400875326	0.861234335012809	0.939601061875628	tr|A0Q5J7|A0Q5J7_FRATN	rlm	naive	0.939601061875628
0.0273357947140954	0.15107171498058	5.79140786047133	0.180945815817404	0.862575555158151	0.939788923513537	tr|A0Q642|A0Q642_FRATN	rlm	naive	0.939788923513537
0.0267533721388463	0.148551427339382	6.00043011697071	0.180095019065184	0.86300616891158	0.939788923513537	tr|A0Q729|A0Q729_FRATN	rlm	naive	0.939788923513537
0.0218471904272779	0.122260529097117	6.00043011697071	0.178693733689993	0.864058911812624	0.940064093870216	tr|A0Q7B9|A0Q7B9_FRATN	rlm	naive	0.940064093870216
0.0330310707916082	0.186138694051167	4.93661418170612	0.177454080463938	0.866202700391475	0.94093894549672	tr|A0Q7X2|A0Q7X2_FRATN	rlm	naive	0.94093894549672
-0.0285807699337934	0.162698970386785	5.86391461596298	-0.175666569160506	0.866464628959533	0.94093894549672	sp|A0Q669|IF1_FRATN	rlm	naive	0.94093894549672
0.296091805917751	1.72811799426293	6.00043011697071	0.17133772514419	0.869590221835191	0.942918681500591	tr|A0Q6X2|A0Q6X2_FRATN	rlm	naive	0.942918681500591
0.0332923476900584	0.193163241467978	5.02023444929241	0.172353432449401	0.869892638933311	0.942918681500591	tr|A0Q5V4|A0Q5V4_FRATN	rlm	naive	0.942918681500591
-0.0366351538584115	0.221346324633472	6.00043011697071	-0.165510558709641	0.873977693241782	0.945616560387569	tr|A0Q509|A0Q509_FRATN	rlm	naive	0.945616560387569
0.0223886348039604	0.134882284956712	5.60544669650233	0.165986473398976	0.873991135813532	0.945616560387569	tr|A0Q7W9|A0Q7W9_FRATN	rlm	naive	0.945616560387569
-0.0228759985816175	0.139235203539751	5.01050019519643	-0.164297519593071	0.875919221800114	0.945639586884056	tr|A0Q6E5|A0Q6E5_FRATN	rlm	naive	0.945639586884056
0.0472148870898472	0.29028325937922	5.35703862408206	0.162651084980986	0.876752388641721	0.945639586884056	sp|A0Q8H1|NUOB_FRATN	rlm	naive	0.945639586884056
-0.0200846298355573	0.124548234098938	5.78380517504522	-0.161259852304309	0.877373463889304	0.945639586884056	tr|A0Q6C3|A0Q6C3_FRATN	rlm	naive	0.945639586884056
0.128904629366054	0.804533002969241	5.977716410531	0.160222922975581	0.877982581679031	0.945639586884056	tr|A0Q4E9|A0Q4E9_FRATN	rlm	naive	0.945639586884056
-0.0414035216082555	0.258568668844498	6.00043011697071	-0.160125825736278	0.878036416417451	0.945639586884056	sp|A0Q892|RF3_FRATN	rlm	naive	0.945639586884056
0.0135426301087245	0.0851813983135085	5.99746495759339	0.158985768922002	0.878898759399428	0.945701503932535	tr|A0Q5Z7|A0Q5Z7_FRATN	rlm	naive	0.945701503932535
-0.0243510957154248	0.156406645715039	5.94381238018593	-0.155690927352222	0.881429455450464	0.947556825392768	tr|A0Q7X0|A0Q7X0_FRATN	rlm	naive	0.947556825392768
-0.0140384911039008	0.0924482172296416	5.84438682191592	-0.151852480497587	0.884409168029634	0.94989101685084	tr|A0Q7U8|A0Q7U8_FRATN	rlm	naive	0.94989101685084
-0.0173891537017132	0.115250758563134	5.20271656805477	-0.150881034697811	0.885746105979434	0.950458150251904	tr|A0Q7G2|A0Q7G2_FRATN	rlm	naive	0.950458150251904
-0.0164917334002771	0.110897192394588	4.76790140202028	-0.148711910952599	0.887864591874442	0.951225727894061	tr|A0Q5Z5|A0Q5Z5_FRATN	rlm	naive	0.951225727894061
-0.0627013850503021	0.429337754829364	5.87666985683254	-0.146042094702857	0.888768571286485	0.951225727894061	sp|A0Q4K1|RL30_FRATN	rlm	naive	0.951225727894061
-0.0136641151058227	0.0937176167116047	5.95304934323784	-0.145800923938036	0.888890084449089	0.951225727894061	tr|A0Q8Q6|A0Q8Q6_FRATN	rlm	naive	0.951225727894061
0.0159599767521577	0.113745727447513	5.37147555286487	0.140312758204674	0.893524251856028	0.955314827962542	tr|A0Q4U8|A0Q4U8_FRATN	rlm	naive	0.955314827962542
-0.0169466537508699	0.121662174233312	5.07847789294523	-0.139292708334894	0.894574609840053	0.955568333238239	tr|A0Q574|A0Q574_FRATN	rlm	naive	0.955568333238239
0.0233749525429523	0.174140900121282	5.92814493924895	0.134230112091258	0.897661617443938	0.956354750424793	tr|A0Q449|A0Q449_FRATN	rlm	naive	0.956354750424793
-0.014262763159456	0.106430248673941	5.88849119393812	-0.134010427835711	0.897856900918717	0.956354750424793	tr|A0Q6C4|A0Q6C4_FRATN	rlm	naive	0.956354750424793
0.0199925601794625	0.149607234907976	6.00043011697071	0.133633645403312	0.89806151962168	0.956354750424793	tr|A0Q6H9|A0Q6H9_FRATN	rlm	naive	0.956354750424793
0.0703369095554116	0.525324094679385	5.14663986014831	0.133892410928419	0.89856650593104	0.956354750424793	tr|A0Q5S9|A0Q5S9_FRATN	rlm	naive	0.956354750424793
-0.0350603035776248	0.26699686405829	5.29441692781943	-0.131313540708742	0.900372509367904	0.956695026861354	tr|A0Q471|A0Q471_FRATN	rlm	naive	0.956695026861354
-0.0133417024091942	0.102316639130635	6.00043011697071	-0.130396214365093	0.900514638049921	0.956695026861354	tr|A0Q4M0|A0Q4M0_FRATN	rlm	naive	0.956695026861354
-0.0307530263103719	0.239346448824166	4.94618483310455	-0.128487497773424	0.902823851619624	0.958281865991923	tr|A0Q7H5|A0Q7H5_FRATN	rlm	naive	0.958281865991923
-0.0217099052630059	0.17410336720208	5.90061025495322	-0.124695493326143	0.904904030705741	0.959622956750222	tr|A0Q6I1|A0Q6I1_FRATN	rlm	naive	0.959622956750222
-0.0550629165716629	0.450709775254943	5.92035217645012	-0.122169341768806	0.906806140431828	0.960238773403046	tr|A0Q6F4|A0Q6F4_FRATN	rlm	naive	0.960238773403046
-0.045143947496639	0.370021721115874	5.64969769153922	-0.122003506606311	0.907119181682877	0.960238773403046	tr|A0Q8I3|A0Q8I3_FRATN	rlm	naive	0.960238773403046
0.0146594181115444	0.122325248070528	5.62878238953381	0.119839676132047	0.908772088700234	0.960375963129344	tr|A0Q6Q8|A0Q6Q8_FRATN	rlm	naive	0.960375963129344
0.0410052570825245	0.343532879501366	6.00043011697071	0.119363413312994	0.908883464680707	0.960375963129344	tr|A0Q6V4|A0Q6V4_FRATN	rlm	naive	0.960375963129344
-0.0304761070866043	0.261042398992803	6.00043011697071	-0.116747728354445	0.910869493486117	0.96160975278184	tr|A0Q5K1|A0Q5K1_FRATN	rlm	naive	0.96160975278184
-0.0294226562426247	0.261457959887803	6.00043011697071	-0.112533029230591	0.914071095411907	0.964123462395862	tr|A0Q4D0|A0Q4D0_FRATN	rlm	naive	0.964123462395862
0.0110940838646352	0.104210041717638	5.7679757798277	0.106458875572617	0.918823854146811	0.968267290244397	tr|A0Q6D4|A0Q6D4_FRATN	rlm	naive	0.968267290244397
0.0260720640111078	0.275467914915067	6.00043011697071	0.094646463705751	0.92767711755978	0.976596376518926	tr|A0Q747|A0Q747_FRATN	rlm	naive	0.976596376518926
-0.0104168391698048	0.110861842000689	5.63557224077669	-0.0939623497302171	0.928389917082247	0.976596376518926	sp|A0Q707|AROK_FRATN	rlm	naive	0.976596376518926
0.0100964407391601	0.113406150370482	6.00043011697071	0.0890290403666508	0.93195597922704	0.978577434264218	sp|A0Q8G4|NUOI_FRATN	rlm	naive	0.978577434264218
-0.053239768102766	0.600457859470173	5.62544092864218	-0.0886652864361593	0.932419432621295	0.978577434264218	tr|A0Q658|A0Q658_FRATN	rlm	naive	0.978577434264218
-0.0166589684600478	0.189395695454419	6.00043011697071	-0.0879585379175472	0.932771682022063	0.978577434264218	tr|A0Q532|A0Q532_FRATN	rlm	naive	0.978577434264218
-0.00896546450250294	0.106087718513947	5.00068799162331	-0.0845099190376526	0.935929994027438	0.981014935755789	tr|A0Q531|A0Q531_FRATN	rlm	naive	0.981014935755789
0.0165899548762663	0.201328160789846	6.00043011697071	0.0824025551675483	0.937006650155395	0.981268105109259	tr|A0Q4L6|A0Q4L6_FRATN	rlm	naive	0.981268105109259
0.0268605716696561	0.341910074632287	5.78513027746412	0.0785603398745816	0.940028824807746	0.983502441726352	tr|A0Q4G3|A0Q4G3_FRATN	rlm	naive	0.983502441726352
0.0112977635708248	0.146041924202571	5.14360553082468	0.0773597282596331	0.941256869085707	0.983502441726352	sp|A0Q8I2|GATA_FRATN	rlm	naive	0.983502441726352
-0.0191785878719371	0.257663982137801	6.00043011697071	-0.0744325524771258	0.943085578496098	0.983502441726352	tr|A0Q835|A0Q835_FRATN	rlm	naive	0.983502441726352
0.0238049419526267	0.318797416082114	5.48509925342638	0.0746710630380239	0.943124273918837	0.983502441726352	tr|A0Q6A3|A0Q6A3_FRATN	rlm	naive	0.983502441726352
-0.0119680671537535	0.166671729061754	5.99746495759339	-0.0718062218537325	0.945090812118024	0.983502441726352	tr|A0Q8M8|A0Q8M8_FRATN	rlm	naive	0.983502441726352
-0.0132077104884095	0.188424741426712	5.63877345640697	-0.0700954152220326	0.946536937041702	0.983502441726352	tr|A0Q644|A0Q644_FRATN	rlm	naive	0.983502441726352
0.0115964591195871	0.166175898545633	6.00043011697071	0.0697842420054832	0.946632935702154	0.983502441726352	tr|A0Q8G8|A0Q8G8_FRATN	rlm	naive	0.983502441726352
0.00909416370355776	0.131487115168395	6.00043011697071	0.0691639153533096	0.947106441268055	0.983502441726352	tr|A0Q6W3|A0Q6W3_FRATN	rlm	naive	0.983502441726352
-0.0110218619083929	0.163322859259798	6.00043011697071	-0.0674851148109058	0.948388015586828	0.983502441726352	tr|A0Q4A2|A0Q4A2_FRATN	rlm	naive	0.983502441726352
-0.0134233392709192	0.20061464117788	6.00043011697071	-0.0669110648759531	0.948826276826768	0.983502441726352	tr|A0Q5R5|A0Q5R5_FRATN	rlm	naive	0.983502441726352
-0.00951732881312078	0.14231376265969	6.00043011697071	-0.0668756741108675	0.948853296724007	0.983502441726352	tr|A0Q7R9|A0Q7R9_FRATN	rlm	naive	0.983502441726352
0.00615402874629301	0.0926227206159884	6.00043011697071	0.0664418914210852	0.949184484185262	0.983502441726352	sp|A0Q841|Y1542_FRATN	rlm	naive	0.983502441726352
0.0131769887870528	0.208863256771318	6.00043011697071	0.0630890707669094	0.951744689243528	0.985286352300569	sp|A0Q599|SYGA_FRATN	rlm	naive	0.985286352300569
0.0303626934297914	0.494269305460649	5.78380400036863	0.0614294537296707	0.953084653153775	0.98580498895747	sp|A0Q5X2|ALR_FRATN	rlm	naive	0.98580498895747
-0.00861138685282437	0.145496785021056	5.31200548088836	-0.059186097146945	0.954966532613263	0.986215328206392	tr|A0Q5Z2|A0Q5Z2_FRATN	rlm	naive	0.986215328206392
0.0177706525752995	0.313070033477977	5.99746495759339	0.0567625472737863	0.956578183581833	0.986215328206392	sp|A0Q7B3|LGT_FRATN	rlm	naive	0.986215328206392
0.0112327140858048	0.196793492199567	4.97730584305788	0.0570786866997299	0.956703020764895	0.986215328206392	tr|A0Q695|A0Q695_FRATN	rlm	naive	0.986215328206392
-0.00891632187238272	0.158033609514163	6.00043011697071	-0.0564204152508689	0.956838701408755	0.986215328206392	tr|A0Q732|A0Q732_FRATN	rlm	naive	0.986215328206392
0.0063943161312418	0.118762385057957	6.00043011697071	0.0538412572981027	0.958809466817296	0.986960407190168	tr|A0Q4A8|A0Q4A8_FRATN	rlm	naive	0.986960407190168
-0.00577656222825639	0.108638238402338	5.99571775789824	-0.0531724585487393	0.959321873633548	0.986960407190168	tr|A0Q657|A0Q657_FRATN	rlm	naive	0.986960407190168
-0.00662353311118934	0.127786021084184	6.00043011697071	-0.0518330021937675	0.960344220317763	0.986960407190168	tr|A0Q487|A0Q487_FRATN	rlm	naive	0.986960407190168
-0.00536545147049393	0.109059899759143	6.00043011697071	-0.0491972895843791	0.962358772471787	0.986960407190168	sp|A0Q5M5|SYS_FRATN	rlm	naive	0.986960407190168
0.0106800937568439	0.222325091173709	6.00043011697071	0.048038184536262	0.963244807737315	0.986960407190168	tr|A0Q6U1|A0Q6U1_FRATN	rlm	naive	0.986960407190168
-0.0116557092089573	0.243089339619662	5.99746495759339	-0.0479482532109134	0.963314301722789	0.986960407190168	tr|A0Q5A3|A0Q5A3_FRATN	rlm	naive	0.986960407190168
-0.00500679503343907	0.104516491247026	5.64709291412611	-0.0479043543626572	0.963441350678402	0.986960407190168	tr|A0Q7K1|A0Q7K1_FRATN	rlm	naive	0.986960407190168
-0.00465893675334696	0.110776154009783	4.98750025946719	-0.0420572170517448	0.968084818713307	0.990247653667823	sp|A0Q8F6|DCUP_FRATN	rlm	naive	0.990247653667823
-0.0155098274189596	0.374818210583447	6.00043011697071	-0.0413795994458669	0.968335790693045	0.990247653667823	tr|A0Q4D1|A0Q4D1_FRATN	rlm	naive	0.990247653667823
-0.00563564740306009	0.139749688341439	5.01248017342497	-0.0403267260910879	0.969389620280707	0.990463307678114	sp|A0Q842|RLMH_FRATN	rlm	naive	0.990463307678114
0.00726212804950987	0.201681037820729	6.00043011697071	0.0360079863133442	0.972443992758488	0.992196190432987	tr|A0Q6W4|A0Q6W4_FRATN	rlm	naive	0.992196190432987
-0.00509560230104143	0.15021292022075	6.00043011697071	-0.0339225300563562	0.97403920410844	0.992196190432987	sp|A0Q7L3|PANC_FRATN	rlm	naive	0.992196190432987
0.0036054440153027	0.107031436844045	5.63333957060596	0.0336858414837146	0.974289230912909	0.992196190432987	tr|A0Q5S5|A0Q5S5_FRATN	rlm	naive	0.992196190432987
-0.0216181020392553	0.659691534411113	6.00043011697071	-0.0327700158507462	0.974920844561807	0.992196190432987	tr|A0Q6T2|A0Q6T2_FRATN	rlm	naive	0.992196190432987
0.00607150892428346	0.193997053272309	5.70376389949918	0.0312969131328043	0.976098947536842	0.992196190432987	tr|A0Q6U4|A0Q6U4_FRATN	rlm	naive	0.992196190432987
-0.00306985155962175	0.106353793706827	5.54150535722523	-0.0288645233294081	0.977983767553269	0.992196190432987	tr|A0Q730|A0Q730_FRATN	rlm	naive	0.992196190432987
-0.00359286392908435	0.127723601142285	6.00043011697071	-0.0281299923972694	0.97847070903807	0.992196190432987	tr|A0Q6B3|A0Q6B3_FRATN	rlm	naive	0.992196190432987
-0.00631584899149166	0.236344776745112	5.52262563278241	-0.0267230318286367	0.979619795902065	0.992196190432987	tr|A0Q6I3|A0Q6I3_FRATN	rlm	naive	0.992196190432987
0.00364890351881981	0.144461031867366	5.21206084684873	0.0252587391329863	0.980787310897581	0.992196190432987	tr|A0Q5F5|A0Q5F5_FRATN	rlm	naive	0.992196190432987
-0.00506878361686143	0.202771510611713	6.00043011697071	-0.0249975137117149	0.980867532752122	0.992196190432987	tr|A0Q725|A0Q725_FRATN	rlm	naive	0.992196190432987
-0.00388758297234179	0.155483412840645	5.66263852694889	-0.0250032006714838	0.98091004154104	0.992196190432987	tr|A0Q5N4|A0Q5N4_FRATN	rlm	naive	0.992196190432987
-0.00520697313841186	0.212484336365529	5.56754233665599	-0.0245052093131914	0.981304065934368	0.992196190432987	tr|A0Q6J8|A0Q6J8_FRATN	rlm	naive	0.992196190432987
-0.00378181853331743	0.160771730363384	5.49969988731133	-0.0235229074462879	0.982063122956225	0.992196190432987	tr|A0Q785|A0Q785_FRATN	rlm	naive	0.992196190432987
0.00218533390476658	0.12639424419911	5.9320494306849	0.0172898213729101	0.986772238626412	0.996097405829926	tr|A0Q580|A0Q580_FRATN	rlm	naive	0.996097405829926
0.00172727286945323	0.125862406957884	5.93743745218166	0.013723501013541	0.989500067520954	0.996743226092553	tr|A0Q581|A0Q581_FRATN	rlm	naive	0.996743226092553
0.00129710929966361	0.0947119336188571	5.60805047765174	0.0136953100850362	0.989547152189588	0.996743226092553	sp|A0Q6H6|HEM6_FRATN	rlm	naive	0.996743226092553
0.00106105090211224	0.0873825387250449	5.8342611228073	0.0121425964225062	0.990716374421638	0.996743226092553	tr|A0Q7R0|A0Q7R0_FRATN	rlm	naive	0.996743226092553
0.00149184340354852	0.133870926885499	5.84394301851593	0.0111438938853729	0.991479297524508	0.996743226092553	tr|A0Q6T6|A0Q6T6_FRATN	rlm	naive	0.996743226092553
0.00371239174529619	0.340459067759197	6.00043011697071	0.0109040765744031	0.991653473448676	0.996743226092553	tr|A0Q5A1|A0Q5A1_FRATN	rlm	naive	0.996743226092553
0.000914019416577986	0.0951504850513609	6.00043011697071	0.00960604053762428	0.992647017205986	0.996889098476097	tr|A0Q719|A0Q719_FRATN	rlm	naive	0.996889098476097
-0.000663960448905607	0.11163713925608	6.00043011697071	-0.00594748712955261	0.995447421419655	0.998234900586109	tr|A0Q5G2|A0Q5G2_FRATN	rlm	naive	0.998234900586109
-0.000994433384952689	0.176458067540549	6.00043011697071	-0.00563552235844457	0.995686215733548	0.998234900586109	tr|A0Q7G0|A0Q7G0_FRATN	rlm	naive	0.998234900586109
-0.000351856694146989	0.139395760831554	5.68818821462282	-0.0025241563448416	0.998072194642243	0.999773937514609	tr|A0Q517|A0Q517_FRATN	rlm	naive	0.999773937514609
-8.97316009261893e-05	0.149123137608839	5.77431564656432	-0.000601728225176979	0.999540137040174	0.999929971572051	tr|A0Q4S8|A0Q4S8_FRATN	rlm	naive	0.999929971572051
-1.52227407189501e-05	0.166020595872078	5.68698541409645	-9.16918809921603e-05	0.999929971572051	0.999929971572051	tr|A0Q8J5|A0Q8J5_FRATN	rlm	naive	0.999929971572051
